[2026-02-11 07:12:01] ✅ Gateway 进程存活 (PID: 21907)
[2026-02-11 07:12:02] 最后日志: 0.0 分钟前
[2026-02-11 07:12:02] ✅ 系统正常
[2026-02-11 07:15:01] ✅ Gateway 进程存活 (PID: 21907)
[2026-02-11 07:15:01] 最后日志: 0.0 分钟前
[2026-02-11 07:15:01] ✅ 系统正常
[2026-02-11 07:18:01] ✅ 进程存活 (PID: 35194)
[2026-02-11 07:18:01] 最后心跳: 504.0 分钟前
[2026-02-11 07:18:01] ⚠️ 心跳超时 504分钟（阈值 10）
[2026-02-11 07:18:01] 最后 Session 更新: 0.3 分钟前
[2026-02-11 07:18:01] 🔄 执行重启: 心跳停止 504分钟（Session 活跃但心跳死锁）
[2026-02-11 07:18:01] Lark 通知已发送
[2026-02-11 07:18:01] ❌ 重启失败: [Errno 2] No such file or directory: 'openclaw'
[2026-02-11 07:21:01] ✅ 进程存活 (PID: 35451)
[2026-02-11 07:21:01] 冷却期（3.0分钟前重启），跳过
[2026-02-11 07:24:02] ✅ 进程存活 (PID: 35451)
[2026-02-11 07:24:02] 最后心跳: 5.3 分钟前
[2026-02-11 07:24:02] ✅ 系统正常
[2026-02-11 07:27:01] ✅ 进程存活 (PID: 35451)
[2026-02-11 07:27:01] 最后心跳: 1.8 分钟前
[2026-02-11 07:27:01] 最后 Session 更新: 0.0 分钟前
[2026-02-11 07:27:01] 最后日志: 0.0 分钟前
[2026-02-11 07:27:01] ✅ 系统正常
[2026-02-11 07:30:01] ✅ 进程存活 (PID: 35451)
[2026-02-11 07:30:01] 最后心跳: 4.8 分钟前
[2026-02-11 07:30:01] 最后 Session 更新: 0.0 分钟前
[2026-02-11 07:30:01] 最后日志: 0.0 分钟前
[2026-02-11 07:30:01] ✅ 系统正常
[2026-02-11 07:33:01] ✅ 进程存活 (PID: 35451)
[2026-02-11 07:33:01] 最后心跳: 2.3 分钟前
[2026-02-11 07:33:01] 最后 Session 更新: 0.4 分钟前
[2026-02-11 07:33:01] 最后日志: 0.4 分钟前
[2026-02-11 07:33:01] ✅ 系统正常
[2026-02-11 07:36:01] ✅ 进程存活 (PID: 35451)
[2026-02-11 07:36:01] 最后心跳: 1272.8 分钟前
[2026-02-11 07:36:01] 最后 Session 更新: -0.0 分钟前
[2026-02-11 07:36:01] 最后日志: -0.0 分钟前
Traceback (most recent call last):
  File "/home/ubuntu/.openclaw/workspace/scripts/independent-watchdog.py", line 479, in <module>
    main()
  File "/home/ubuntu/.openclaw/workspace/scripts/independent-watchdog.py", line 450, in main
    f"心跳停止 {hb_minutes:.0f if hb_minutes else '?'}分钟，"
               ^^^^^^^^^^^^^^^^^^^^^^^^^^^^^^^^^^^^^^^
ValueError: Invalid format specifier '.0f if hb_minutes else '?'' for object of type 'float'
[2026-02-11 07:39:01] ✅ 进程存活 (PID: 35451)
[2026-02-11 07:39:01] 最后心跳: 2.4 分钟前
[2026-02-11 07:39:01] 最后 Session 更新: 0.0 分钟前
[2026-02-11 07:39:01] 最后日志: 0.0 分钟前
[2026-02-11 07:39:01] ✅ 系统正常
[2026-02-11 07:42:01] ✅ 进程存活 (PID: 35451)
[2026-02-11 07:42:01] 最后心跳: 5.4 分钟前
[2026-02-11 07:42:01] 最后 Session 更新: 0.1 分钟前
[2026-02-11 07:42:01] 最后日志: 0.1 分钟前
[2026-02-11 07:42:01] ✅ 系统正常
[2026-02-11 07:45:01] ✅ 进程存活 (PID: 35451)
[2026-02-11 07:45:01] 最后心跳: 2.3 分钟前
[2026-02-11 07:45:01] 最后 Session 更新: 0.0 分钟前
[2026-02-11 07:45:01] 最后日志: 0.0 分钟前
[2026-02-11 07:45:01] ✅ 系统正常
[2026-02-11 07:48:02] ✅ 进程存活 (PID: 35451)
[2026-02-11 07:48:02] 最后心跳: 5.3 分钟前
[2026-02-11 07:48:02] 最后 Session 更新: 0.3 分钟前
[2026-02-11 07:48:02] 最后日志: 0.3 分钟前
[2026-02-11 07:48:02] ✅ 系统正常
[2026-02-11 07:51:01] ✅ 进程存活 (PID: 35451)
[2026-02-11 07:51:01] 最后心跳: 8.3 分钟前
[2026-02-11 07:51:01] 最后 Session 更新: 3.2 分钟前
[2026-02-11 07:51:01] 最后日志: 0.9 分钟前
[2026-02-11 07:51:01] ✅ 系统正常
[2026-02-11 07:54:01] ✅ 进程存活 (PID: 35451)
[2026-02-11 07:54:01] 最后心跳: 1.3 分钟前
[2026-02-11 07:54:01] 最后 Session 更新: 0.7 分钟前
[2026-02-11 07:54:01] 最后日志: 0.7 分钟前
[2026-02-11 07:54:01] ✅ 系统正常
[2026-02-11 07:57:01] ✅ 进程存活 (PID: 35451)
[2026-02-11 07:57:01] 最后心跳: 4.3 分钟前
[2026-02-11 07:57:01] 最后 Session 更新: 3.7 分钟前
[2026-02-11 07:57:01] 最后日志: 0.9 分钟前
[2026-02-11 07:57:01] ✅ 系统正常
[2026-02-11 08:00:01] ✅ 进程存活 (PID: 35451)
[2026-02-11 08:00:01] 最后心跳: 2.3 分钟前
[2026-02-11 08:00:01] 最后 Session 更新: 1.7 分钟前
[2026-02-11 08:00:01] 最后日志: 0.9 分钟前
[2026-02-11 08:00:01] ✅ 系统正常
[2026-02-11 08:03:01] ✅ 进程存活 (PID: 35451)
[2026-02-11 08:03:01] 最后心跳: 0.3 分钟前
[2026-02-11 08:03:01] 最后 Session 更新: 0.0 分钟前
[2026-02-11 08:03:01] 最后日志: 0.0 分钟前
[2026-02-11 08:03:01] ✅ 系统正常
[2026-02-11 08:06:01] ✅ 进程存活 (PID: 35451)
[2026-02-11 08:06:01] 最后心跳: 3.3 分钟前
[2026-02-11 08:06:01] 最后 Session 更新: 0.1 分钟前
[2026-02-11 08:06:01] 最后日志: 0.1 分钟前
[2026-02-11 08:06:01] ✅ 系统正常
[2026-02-11 08:09:01] ✅ 进程存活 (PID: 35451)
[2026-02-11 08:09:01] 最后心跳: 6.3 分钟前
[2026-02-11 08:09:01] 最后 Session 更新: 0.1 分钟前
[2026-02-11 08:09:01] 最后日志: 0.1 分钟前
[2026-02-11 08:09:01] ✅ 系统正常
[2026-02-11 08:12:01] ✅ 进程存活 (PID: 35451)
[2026-02-11 08:12:01] 最后心跳: 9.3 分钟前
[2026-02-11 08:12:01] 最后 Session 更新: 0.0 分钟前
[2026-02-11 08:12:01] 最后日志: 0.0 分钟前
[2026-02-11 08:12:01] ✅ 系统正常
[2026-02-11 08:15:01] ✅ 进程存活 (PID: 35451)
[2026-02-11 08:15:01] 最后心跳: 3.0 分钟前
[2026-02-11 08:15:01] 最后 Session 更新: 0.0 分钟前
[2026-02-11 08:15:01] 最后日志: 0.0 分钟前
[2026-02-11 08:15:01] ✅ 系统正常
[2026-02-11 08:18:01] ✅ 进程存活 (PID: 35451)
[2026-02-11 08:18:01] 最后心跳: 0.8 分钟前
[2026-02-11 08:18:01] 最后 Session 更新: 0.2 分钟前
[2026-02-11 08:18:01] 最后日志: 0.2 分钟前
[2026-02-11 08:18:01] ✅ 系统正常
[2026-02-11 08:21:01] ✅ 进程存活 (PID: 35451)
[2026-02-11 08:21:01] 最后心跳: 3.8 分钟前
[2026-02-11 08:21:01] 最后 Session 更新: 0.1 分钟前
[2026-02-11 08:21:01] 最后日志: 0.1 分钟前
[2026-02-11 08:21:01] ✅ 系统正常
[2026-02-11 08:24:01] ✅ 进程存活 (PID: 35451)
[2026-02-11 08:24:01] 最后心跳: 6.8 分钟前
[2026-02-11 08:24:01] 最后 Session 更新: 0.0 分钟前
[2026-02-11 08:24:01] 最后日志: 0.0 分钟前
[2026-02-11 08:24:01] ✅ 系统正常
[2026-02-11 08:27:01] ✅ 进程存活 (PID: 35451)
[2026-02-11 08:27:01] 最后心跳: 2.0 分钟前
[2026-02-11 08:27:01] 最后 Session 更新: 0.1 分钟前
[2026-02-11 08:27:01] 最后日志: 0.1 分钟前
[2026-02-11 08:27:01] ✅ 系统正常
[2026-02-11 08:30:01] ✅ 进程存活 (PID: 35451)
[2026-02-11 08:30:01] 最后心跳: 5.0 分钟前
[2026-02-11 08:30:01] 最后 Session 更新: 0.0 分钟前
[2026-02-11 08:30:01] 最后日志: 0.0 分钟前
[2026-02-11 08:30:01] ✅ 系统正常
[2026-02-11 08:33:01] ✅ 进程存活 (PID: 35451)
[2026-02-11 08:33:01] 最后心跳: 2.3 分钟前
[2026-02-11 08:33:01] 最后 Session 更新: 0.6 分钟前
[2026-02-11 08:33:01] 最后日志: 0.3 分钟前
[2026-02-11 08:33:01] ✅ 系统正常
[2026-02-11 08:36:01] ✅ 进程存活 (PID: 35451)
[2026-02-11 08:36:01] 最后心跳: 0.3 分钟前
[2026-02-11 08:36:01] 最后 Session 更新: 0.1 分钟前
[2026-02-11 08:36:01] 最后日志: 0.1 分钟前
[2026-02-11 08:36:01] ✅ 系统正常
[2026-02-11 08:39:01] ✅ 进程存活 (PID: 35451)
[2026-02-11 08:39:01] 最后心跳: 3.3 分钟前
[2026-02-11 08:39:01] 最后 Session 更新: 1.7 分钟前
[2026-02-11 08:39:01] 最后日志: 0.2 分钟前
[2026-02-11 08:39:01] ✅ 系统正常
[2026-02-11 08:42:01] ✅ 进程存活 (PID: 40332)
[2026-02-11 08:42:01] 最后心跳: 6.3 分钟前
[2026-02-11 08:42:01] 最后 Session 更新: 1.1 分钟前
[2026-02-11 08:42:01] 最后日志: 0.0 分钟前
[2026-02-11 08:42:01] ✅ 系统正常
[2026-02-11 08:45:01] ✅ 进程存活 (PID: 40332)
[2026-02-11 08:45:01] 最后心跳: 9.3 分钟前
[2026-02-11 08:45:01] 最后 Session 更新: 0.1 分钟前
[2026-02-11 08:45:01] 最后日志: 0.0 分钟前
[2026-02-11 08:45:01] ✅ 系统正常
[2026-02-11 08:48:01] ✅ 进程存活 (PID: 40332)
[2026-02-11 08:48:01] 最后心跳: 0.9 分钟前
[2026-02-11 08:48:01] 最后 Session 更新: 0.0 分钟前
[2026-02-11 08:48:01] 最后日志: 0.0 分钟前
[2026-02-11 08:48:01] ✅ 系统正常
[2026-02-11 08:51:01] ✅ 进程存活 (PID: 40332)
[2026-02-11 08:51:01] 最后心跳: 4.0 分钟前
[2026-02-11 08:51:01] 最后 Session 更新: 2.6 分钟前
[2026-02-11 08:51:01] 最后日志: 0.0 分钟前
[2026-02-11 08:51:01] ✅ 系统正常
[2026-02-11 08:54:01] ✅ 进程存活 (PID: 40750)
[2026-02-11 08:54:01] 最后心跳: 7.0 分钟前
[2026-02-11 08:54:01] 最后 Session 更新: 0.6 分钟前
[2026-02-11 08:54:01] 最后日志: 0.5 分钟前
[2026-02-11 08:54:01] ✅ 系统正常
[2026-02-11 08:57:01] ✅ 进程存活 (PID: 40750)
[2026-02-11 08:57:01] 最后心跳: 10.0 分钟前
[2026-02-11 08:57:01] 最后 Session 更新: 0.0 分钟前
[2026-02-11 08:57:01] 最后日志: 0.0 分钟前
[2026-02-11 08:57:01] ✅ 系统正常
[2026-02-11 09:00:01] ✅ 进程存活 (PID: 40750)
[2026-02-11 09:00:01] 最后心跳: 2.6 分钟前
[2026-02-11 09:00:01] 最后 Session 更新: 0.0 分钟前
[2026-02-11 09:00:01] 最后日志: 0.0 分钟前
[2026-02-11 09:00:01] ✅ 系统正常
[2026-02-11 09:03:01] ✅ 进程存活 (PID: 40750)
[2026-02-11 09:03:01] 最后心跳: 5.6 分钟前
[2026-02-11 09:03:01] 最后 Session 更新: 0.0 分钟前
[2026-02-11 09:03:01] 最后日志: 0.0 分钟前
[2026-02-11 09:03:01] ✅ 系统正常
[2026-02-11 09:06:01] ✅ 进程存活 (PID: 40750)
[2026-02-11 09:06:01] 最后心跳: 8.6 分钟前
[2026-02-11 09:06:01] 最后 Session 更新: 2.8 分钟前
[2026-02-11 09:06:01] 最后日志: 0.7 分钟前
[2026-02-11 09:06:01] ✅ 系统正常
[2026-02-11 09:09:01] ✅ 进程存活 (PID: 40750)
[2026-02-11 09:09:01] 最后心跳: 11.6 分钟前
[2026-02-11 09:09:01] 最后 Session 更新: 0.8 分钟前
[2026-02-11 09:09:01] 最后日志: 0.7 分钟前
Traceback (most recent call last):
  File "/home/ubuntu/.openclaw/workspace/scripts/independent-watchdog.py", line 479, in <module>
    main()
  File "/home/ubuntu/.openclaw/workspace/scripts/independent-watchdog.py", line 450, in main
    f"心跳停止 {hb_minutes:.0f if hb_minutes else '?'}分钟，"
               ^^^^^^^^^^^^^^^^^^^^^^^^^^^^^^^^^^^^^^^
ValueError: Invalid format specifier '.0f if hb_minutes else '?'' for object of type 'float'
[2026-02-11 09:12:01] ✅ 进程存活 (PID: 40750)
[2026-02-11 09:12:01] 最后心跳: 14.6 分钟前
[2026-02-11 09:12:01] 最后 Session 更新: 3.8 分钟前
[2026-02-11 09:12:01] 最后日志: 0.7 分钟前
Traceback (most recent call last):
  File "/home/ubuntu/.openclaw/workspace/scripts/independent-watchdog.py", line 479, in <module>
    main()
  File "/home/ubuntu/.openclaw/workspace/scripts/independent-watchdog.py", line 450, in main
    f"心跳停止 {hb_minutes:.0f if hb_minutes else '?'}分钟，"
               ^^^^^^^^^^^^^^^^^^^^^^^^^^^^^^^^^^^^^^^
ValueError: Invalid format specifier '.0f if hb_minutes else '?'' for object of type 'float'
[2026-02-11 09:15:01] ✅ 进程存活 (PID: 40750)
[2026-02-11 09:15:01] 最后心跳: 17.6 分钟前
[2026-02-11 09:15:01] 最后 Session 更新: 1.9 分钟前
[2026-02-11 09:15:01] 最后日志: 0.7 分钟前
Traceback (most recent call last):
  File "/home/ubuntu/.openclaw/workspace/scripts/independent-watchdog.py", line 479, in <module>
    main()
  File "/home/ubuntu/.openclaw/workspace/scripts/independent-watchdog.py", line 450, in main
    f"心跳停止 {hb_minutes:.0f if hb_minutes else '?'}分钟，"
               ^^^^^^^^^^^^^^^^^^^^^^^^^^^^^^^^^^^^^^^
ValueError: Invalid format specifier '.0f if hb_minutes else '?'' for object of type 'float'
[2026-02-11 09:18:01] ✅ 进程存活 (PID: 40750)
[2026-02-11 09:18:01] 最后心跳: 20.6 分钟前
[2026-02-11 09:18:01] 最后 Session 更新: 0.0 分钟前
[2026-02-11 09:18:01] 最后日志: 0.0 分钟前
Traceback (most recent call last):
  File "/home/ubuntu/.openclaw/workspace/scripts/independent-watchdog.py", line 479, in <module>
    main()
  File "/home/ubuntu/.openclaw/workspace/scripts/independent-watchdog.py", line 450, in main
    f"心跳停止 {hb_minutes:.0f if hb_minutes else '?'}分钟，"
               ^^^^^^^^^^^^^^^^^^^^^^^^^^^^^^^^^^^^^^^
ValueError: Invalid format specifier '.0f if hb_minutes else '?'' for object of type 'float'
[2026-02-11 09:21:01] ✅ 进程存活 (PID: 40750)
[2026-02-11 09:21:01] 最后心跳: 23.6 分钟前
[2026-02-11 09:21:01] 最后 Session 更新: 2.8 分钟前
[2026-02-11 09:21:01] 最后日志: 0.7 分钟前
Traceback (most recent call last):
  File "/home/ubuntu/.openclaw/workspace/scripts/independent-watchdog.py", line 479, in <module>
    main()
  File "/home/ubuntu/.openclaw/workspace/scripts/independent-watchdog.py", line 450, in main
    f"心跳停止 {hb_minutes:.0f if hb_minutes else '?'}分钟，"
               ^^^^^^^^^^^^^^^^^^^^^^^^^^^^^^^^^^^^^^^
ValueError: Invalid format specifier '.0f if hb_minutes else '?'' for object of type 'float'
[2026-02-11 09:24:01] ✅ 进程存活 (PID: 40750)
[2026-02-11 09:24:01] 最后心跳: 26.6 分钟前
[2026-02-11 09:24:01] 最后 Session 更新: 0.8 分钟前
[2026-02-11 09:24:01] 最后日志: 0.7 分钟前
Traceback (most recent call last):
  File "/home/ubuntu/.openclaw/workspace/scripts/independent-watchdog.py", line 479, in <module>
    main()
  File "/home/ubuntu/.openclaw/workspace/scripts/independent-watchdog.py", line 450, in main
    f"心跳停止 {hb_minutes:.0f if hb_minutes else '?'}分钟，"
               ^^^^^^^^^^^^^^^^^^^^^^^^^^^^^^^^^^^^^^^
ValueError: Invalid format specifier '.0f if hb_minutes else '?'' for object of type 'float'
[2026-02-11 09:27:01] ✅ 进程存活 (PID: 40750)
[2026-02-11 09:27:01] 最后心跳: 29.6 分钟前
[2026-02-11 09:27:01] 最后 Session 更新: 3.8 分钟前
[2026-02-11 09:27:01] 最后日志: 0.7 分钟前
Traceback (most recent call last):
  File "/home/ubuntu/.openclaw/workspace/scripts/independent-watchdog.py", line 479, in <module>
    main()
  File "/home/ubuntu/.openclaw/workspace/scripts/independent-watchdog.py", line 450, in main
    f"心跳停止 {hb_minutes:.0f if hb_minutes else '?'}分钟，"
               ^^^^^^^^^^^^^^^^^^^^^^^^^^^^^^^^^^^^^^^
ValueError: Invalid format specifier '.0f if hb_minutes else '?'' for object of type 'float'
[2026-02-11 09:30:01] ✅ 进程存活 (PID: 40750)
[2026-02-11 09:30:01] 最后心跳: 32.6 分钟前
[2026-02-11 09:30:01] 最后 Session 更新: 1.8 分钟前
[2026-02-11 09:30:01] 最后日志: 0.7 分钟前
Traceback (most recent call last):
  File "/home/ubuntu/.openclaw/workspace/scripts/independent-watchdog.py", line 479, in <module>
    main()
  File "/home/ubuntu/.openclaw/workspace/scripts/independent-watchdog.py", line 450, in main
    f"心跳停止 {hb_minutes:.0f if hb_minutes else '?'}分钟，"
               ^^^^^^^^^^^^^^^^^^^^^^^^^^^^^^^^^^^^^^^
ValueError: Invalid format specifier '.0f if hb_minutes else '?'' for object of type 'float'
[2026-02-11 09:33:01] ✅ 进程存活 (PID: 40750)
[2026-02-11 09:33:01] 最后心跳: 35.6 分钟前
[2026-02-11 09:33:01] 最后 Session 更新: 0.0 分钟前
[2026-02-11 09:33:01] 最后日志: 0.0 分钟前
Traceback (most recent call last):
  File "/home/ubuntu/.openclaw/workspace/scripts/independent-watchdog.py", line 479, in <module>
    main()
  File "/home/ubuntu/.openclaw/workspace/scripts/independent-watchdog.py", line 450, in main
    f"心跳停止 {hb_minutes:.0f if hb_minutes else '?'}分钟，"
               ^^^^^^^^^^^^^^^^^^^^^^^^^^^^^^^^^^^^^^^
ValueError: Invalid format specifier '.0f if hb_minutes else '?'' for object of type 'float'
[2026-02-11 09:36:02] ✅ 进程存活 (PID: 40750)
[2026-02-11 09:36:02] 最后心跳: 38.6 分钟前
[2026-02-11 09:36:02] 最后 Session 更新: 2.8 分钟前
[2026-02-11 09:36:02] 最后日志: 0.7 分钟前
Traceback (most recent call last):
  File "/home/ubuntu/.openclaw/workspace/scripts/independent-watchdog.py", line 479, in <module>
    main()
  File "/home/ubuntu/.openclaw/workspace/scripts/independent-watchdog.py", line 450, in main
    f"心跳停止 {hb_minutes:.0f if hb_minutes else '?'}分钟，"
               ^^^^^^^^^^^^^^^^^^^^^^^^^^^^^^^^^^^^^^^
ValueError: Invalid format specifier '.0f if hb_minutes else '?'' for object of type 'float'
[2026-02-11 09:39:01] ✅ 进程存活 (PID: 40750)
[2026-02-11 09:39:01] 最后心跳: 41.6 分钟前
[2026-02-11 09:39:01] 最后 Session 更新: 0.8 分钟前
[2026-02-11 09:39:01] 最后日志: 0.7 分钟前
Traceback (most recent call last):
  File "/home/ubuntu/.openclaw/workspace/scripts/independent-watchdog.py", line 479, in <module>
    main()
  File "/home/ubuntu/.openclaw/workspace/scripts/independent-watchdog.py", line 450, in main
    f"心跳停止 {hb_minutes:.0f if hb_minutes else '?'}分钟，"
               ^^^^^^^^^^^^^^^^^^^^^^^^^^^^^^^^^^^^^^^
ValueError: Invalid format specifier '.0f if hb_minutes else '?'' for object of type 'float'
[2026-02-11 09:42:01] ✅ 进程存活 (PID: 40750)
[2026-02-11 09:42:01] 最后心跳: 44.6 分钟前
[2026-02-11 09:42:01] 最后 Session 更新: 3.8 分钟前
[2026-02-11 09:42:01] 最后日志: 0.7 分钟前
Traceback (most recent call last):
  File "/home/ubuntu/.openclaw/workspace/scripts/independent-watchdog.py", line 479, in <module>
    main()
  File "/home/ubuntu/.openclaw/workspace/scripts/independent-watchdog.py", line 450, in main
    f"心跳停止 {hb_minutes:.0f if hb_minutes else '?'}分钟，"
               ^^^^^^^^^^^^^^^^^^^^^^^^^^^^^^^^^^^^^^^
ValueError: Invalid format specifier '.0f if hb_minutes else '?'' for object of type 'float'
[2026-02-11 09:45:01] ✅ 进程存活 (PID: 40750)
[2026-02-11 09:45:01] 最后心跳: 47.6 分钟前
[2026-02-11 09:45:01] 最后 Session 更新: 1.8 分钟前
[2026-02-11 09:45:01] 最后日志: 0.7 分钟前
Traceback (most recent call last):
  File "/home/ubuntu/.openclaw/workspace/scripts/independent-watchdog.py", line 479, in <module>
    main()
  File "/home/ubuntu/.openclaw/workspace/scripts/independent-watchdog.py", line 450, in main
    f"心跳停止 {hb_minutes:.0f if hb_minutes else '?'}分钟，"
               ^^^^^^^^^^^^^^^^^^^^^^^^^^^^^^^^^^^^^^^
ValueError: Invalid format specifier '.0f if hb_minutes else '?'' for object of type 'float'
[2026-02-11 09:48:01] ✅ 进程存活 (PID: 40750)
[2026-02-11 09:48:01] 最后心跳: 50.6 分钟前
[2026-02-11 09:48:01] 最后 Session 更新: 0.0 分钟前
[2026-02-11 09:48:01] 最后日志: 0.0 分钟前
Traceback (most recent call last):
  File "/home/ubuntu/.openclaw/workspace/scripts/independent-watchdog.py", line 479, in <module>
    main()
  File "/home/ubuntu/.openclaw/workspace/scripts/independent-watchdog.py", line 450, in main
    f"心跳停止 {hb_minutes:.0f if hb_minutes else '?'}分钟，"
               ^^^^^^^^^^^^^^^^^^^^^^^^^^^^^^^^^^^^^^^
ValueError: Invalid format specifier '.0f if hb_minutes else '?'' for object of type 'float'
[2026-02-11 09:51:01] ✅ 进程存活 (PID: 40750)
[2026-02-11 09:51:01] 最后心跳: 53.6 分钟前
[2026-02-11 09:51:01] 最后 Session 更新: 2.8 分钟前
[2026-02-11 09:51:01] 最后日志: 0.7 分钟前
Traceback (most recent call last):
  File "/home/ubuntu/.openclaw/workspace/scripts/independent-watchdog.py", line 479, in <module>
    main()
  File "/home/ubuntu/.openclaw/workspace/scripts/independent-watchdog.py", line 450, in main
    f"心跳停止 {hb_minutes:.0f if hb_minutes else '?'}分钟，"
               ^^^^^^^^^^^^^^^^^^^^^^^^^^^^^^^^^^^^^^^
ValueError: Invalid format specifier '.0f if hb_minutes else '?'' for object of type 'float'
[2026-02-11 09:54:02] ✅ 进程存活 (PID: 40750)
[2026-02-11 09:54:02] 最后心跳: 56.6 分钟前
[2026-02-11 09:54:02] 最后 Session 更新: 0.0 分钟前
[2026-02-11 09:54:02] 最后日志: 0.0 分钟前
Traceback (most recent call last):
  File "/home/ubuntu/.openclaw/workspace/scripts/independent-watchdog.py", line 479, in <module>
    main()
  File "/home/ubuntu/.openclaw/workspace/scripts/independent-watchdog.py", line 450, in main
    f"心跳停止 {hb_minutes:.0f if hb_minutes else '?'}分钟，"
               ^^^^^^^^^^^^^^^^^^^^^^^^^^^^^^^^^^^^^^^
ValueError: Invalid format specifier '.0f if hb_minutes else '?'' for object of type 'float'
[2026-02-11 10:00:02] ✅ 进程存活 (PID: 1490)
[2026-02-11 10:00:02] 最后心跳: 62.6 分钟前
[2026-02-11 10:00:02] 最后 Session 更新: 1.3 分钟前
[2026-02-11 10:00:02] 最后日志: 0.4 分钟前
Traceback (most recent call last):
  File "/home/ubuntu/.openclaw/workspace/scripts/independent-watchdog.py", line 479, in <module>
    main()
  File "/home/ubuntu/.openclaw/workspace/scripts/independent-watchdog.py", line 450, in main
    f"心跳停止 {hb_minutes:.0f if hb_minutes else '?'}分钟，"
               ^^^^^^^^^^^^^^^^^^^^^^^^^^^^^^^^^^^^^^^
ValueError: Invalid format specifier '.0f if hb_minutes else '?'' for object of type 'float'
[2026-02-11 10:03:01] ✅ 进程存活 (PID: 1490)
[2026-02-11 10:03:01] 最后心跳: 65.6 分钟前
[2026-02-11 10:03:01] 最后 Session 更新: 0.0 分钟前
[2026-02-11 10:03:01] 最后日志: 0.0 分钟前
Traceback (most recent call last):
  File "/home/ubuntu/.openclaw/workspace/scripts/independent-watchdog.py", line 479, in <module>
    main()
  File "/home/ubuntu/.openclaw/workspace/scripts/independent-watchdog.py", line 450, in main
    f"心跳停止 {hb_minutes:.0f if hb_minutes else '?'}分钟，"
               ^^^^^^^^^^^^^^^^^^^^^^^^^^^^^^^^^^^^^^^
ValueError: Invalid format specifier '.0f if hb_minutes else '?'' for object of type 'float'
[2026-02-11 10:06:02] ✅ 进程存活 (PID: 1490)
[2026-02-11 10:06:02] 最后心跳: 68.6 分钟前
[2026-02-11 10:06:02] 最后 Session 更新: 3.0 分钟前
[2026-02-11 10:06:02] 最后日志: 0.4 分钟前
Traceback (most recent call last):
  File "/home/ubuntu/.openclaw/workspace/scripts/independent-watchdog.py", line 479, in <module>
    main()
  File "/home/ubuntu/.openclaw/workspace/scripts/independent-watchdog.py", line 450, in main
    f"心跳停止 {hb_minutes:.0f if hb_minutes else '?'}分钟，"
               ^^^^^^^^^^^^^^^^^^^^^^^^^^^^^^^^^^^^^^^
ValueError: Invalid format specifier '.0f if hb_minutes else '?'' for object of type 'float'
[2026-02-11 10:09:01] ✅ 进程存活 (PID: 1490)
[2026-02-11 10:09:01] 最后心跳: 71.6 分钟前
[2026-02-11 10:09:01] 最后 Session 更新: 1.0 分钟前
[2026-02-11 10:09:01] 最后日志: 0.3 分钟前
Traceback (most recent call last):
  File "/home/ubuntu/.openclaw/workspace/scripts/independent-watchdog.py", line 479, in <module>
    main()
  File "/home/ubuntu/.openclaw/workspace/scripts/independent-watchdog.py", line 450, in main
    f"心跳停止 {hb_minutes:.0f if hb_minutes else '?'}分钟，"
               ^^^^^^^^^^^^^^^^^^^^^^^^^^^^^^^^^^^^^^^
ValueError: Invalid format specifier '.0f if hb_minutes else '?'' for object of type 'float'
[2026-02-11 10:12:01] ✅ 进程存活 (PID: 1490)
[2026-02-11 10:12:01] 最后心跳: 74.6 分钟前
[2026-02-11 10:12:01] 最后 Session 更新: 1.8 分钟前
[2026-02-11 10:12:01] 最后日志: 0.3 分钟前
Traceback (most recent call last):
  File "/home/ubuntu/.openclaw/workspace/scripts/independent-watchdog.py", line 479, in <module>
    main()
  File "/home/ubuntu/.openclaw/workspace/scripts/independent-watchdog.py", line 450, in main
    f"心跳停止 {hb_minutes:.0f if hb_minutes else '?'}分钟，"
               ^^^^^^^^^^^^^^^^^^^^^^^^^^^^^^^^^^^^^^^
ValueError: Invalid format specifier '.0f if hb_minutes else '?'' for object of type 'float'
[2026-02-11 10:15:01] ✅ 进程存活 (PID: 1490)
[2026-02-11 10:15:01] 最后心跳: 77.6 分钟前
[2026-02-11 10:15:01] 最后 Session 更新: 2.0 分钟前
[2026-02-11 10:15:01] 最后日志: 0.3 分钟前
Traceback (most recent call last):
  File "/home/ubuntu/.openclaw/workspace/scripts/independent-watchdog.py", line 479, in <module>
    main()
  File "/home/ubuntu/.openclaw/workspace/scripts/independent-watchdog.py", line 450, in main
    f"心跳停止 {hb_minutes:.0f if hb_minutes else '?'}分钟，"
               ^^^^^^^^^^^^^^^^^^^^^^^^^^^^^^^^^^^^^^^
ValueError: Invalid format specifier '.0f if hb_minutes else '?'' for object of type 'float'
[2026-02-11 10:18:01] ✅ 进程存活 (PID: 1490)
[2026-02-11 10:18:01] 最后心跳: 80.6 分钟前
[2026-02-11 10:18:01] 最后 Session 更新: 0.2 分钟前
[2026-02-11 10:18:01] 最后日志: 0.0 分钟前
Traceback (most recent call last):
  File "/home/ubuntu/.openclaw/workspace/scripts/independent-watchdog.py", line 479, in <module>
    main()
  File "/home/ubuntu/.openclaw/workspace/scripts/independent-watchdog.py", line 450, in main
    f"心跳停止 {hb_minutes:.0f if hb_minutes else '?'}分钟，"
               ^^^^^^^^^^^^^^^^^^^^^^^^^^^^^^^^^^^^^^^
ValueError: Invalid format specifier '.0f if hb_minutes else '?'' for object of type 'float'
[2026-02-11 10:21:03] ✅ 进程存活 (PID: 883)
[2026-02-11 10:21:03] 最后心跳: 83.6 分钟前
[2026-02-11 10:21:03] 最后 Session 更新: 2.2 分钟前
[2026-02-11 10:21:03] 最后日志: 0.2 分钟前
Traceback (most recent call last):
  File "/home/ubuntu/.openclaw/workspace/scripts/independent-watchdog.py", line 479, in <module>
    main()
  File "/home/ubuntu/.openclaw/workspace/scripts/independent-watchdog.py", line 450, in main
    f"心跳停止 {hb_minutes:.0f if hb_minutes else '?'}分钟，"
               ^^^^^^^^^^^^^^^^^^^^^^^^^^^^^^^^^^^^^^^
ValueError: Invalid format specifier '.0f if hb_minutes else '?'' for object of type 'float'
[2026-02-11 10:24:01] ✅ 进程存活 (PID: 883)
[2026-02-11 10:24:01] 最后心跳: 86.6 分钟前
[2026-02-11 10:24:01] 最后 Session 更新: 0.0 分钟前
[2026-02-11 10:24:01] 最后日志: 0.0 分钟前
Traceback (most recent call last):
  File "/home/ubuntu/.openclaw/workspace/scripts/independent-watchdog.py", line 479, in <module>
    main()
  File "/home/ubuntu/.openclaw/workspace/scripts/independent-watchdog.py", line 450, in main
    f"心跳停止 {hb_minutes:.0f if hb_minutes else '?'}分钟，"
               ^^^^^^^^^^^^^^^^^^^^^^^^^^^^^^^^^^^^^^^
ValueError: Invalid format specifier '.0f if hb_minutes else '?'' for object of type 'float'
[2026-02-11 10:27:01] ✅ 进程存活 (PID: 883)
[2026-02-11 10:27:01] 最后心跳: 0.4 分钟前
[2026-02-11 10:27:01] 最后 Session 更新: 0.0 分钟前
[2026-02-11 10:27:01] 最后日志: 0.0 分钟前
[2026-02-11 10:27:01] ✅ 系统正常
[2026-02-11 10:30:01] ✅ 进程存活 (PID: 883)
[2026-02-11 10:30:01] 最后心跳: 3.4 分钟前
[2026-02-11 10:30:01] 最后 Session 更新: 0.1 分钟前
[2026-02-11 10:30:01] 最后日志: 0.1 分钟前
[2026-02-11 10:30:01] ✅ 系统正常
[2026-02-11 10:33:01] ✅ 进程存活 (PID: 883)
[2026-02-11 10:33:01] 最后心跳: 6.4 分钟前
[2026-02-11 10:33:01] 最后 Session 更新: 0.0 分钟前
[2026-02-11 10:33:01] 最后日志: 0.0 分钟前
[2026-02-11 10:33:01] ✅ 系统正常
[2026-02-11 10:36:01] ✅ 进程存活 (PID: 883)
[2026-02-11 10:36:01] 最后心跳: 0.2 分钟前
[2026-02-11 10:36:01] 最后 Session 更新: 0.0 分钟前
[2026-02-11 10:36:01] 最后日志: 0.0 分钟前
[2026-02-11 10:36:01] ✅ 系统正常
[2026-02-11 10:39:01] ✅ 进程存活 (PID: 883)
[2026-02-11 10:39:01] 最后心跳: 3.2 分钟前
[2026-02-11 10:39:01] 最后 Session 更新: 0.0 分钟前
[2026-02-11 10:39:01] 最后日志: 0.0 分钟前
[2026-02-11 10:39:01] ✅ 系统正常
[2026-02-11 10:42:01] ✅ 进程存活 (PID: 883)
[2026-02-11 10:42:01] 最后心跳: 6.2 分钟前
[2026-02-11 10:42:01] 最后 Session 更新: 0.4 分钟前
[2026-02-11 10:42:01] 最后日志: 0.2 分钟前
[2026-02-11 10:42:01] ✅ 系统正常
[2026-02-11 10:45:01] ✅ 进程存活 (PID: 883)
[2026-02-11 10:45:01] 最后心跳: 9.2 分钟前
[2026-02-11 10:45:01] 最后 Session 更新: 1.0 分钟前
[2026-02-11 10:45:01] 最后日志: 0.3 分钟前
[2026-02-11 10:45:01] ✅ 系统正常
[2026-02-11 10:48:01] ✅ 进程存活 (PID: 883)
[2026-02-11 10:48:01] 最后心跳: 12.2 分钟前
[2026-02-11 10:48:01] 最后 Session 更新: 4.0 分钟前
[2026-02-11 10:48:01] 最后日志: 0.3 分钟前
Traceback (most recent call last):
  File "/home/ubuntu/.openclaw/workspace/scripts/independent-watchdog.py", line 479, in <module>
    main()
  File "/home/ubuntu/.openclaw/workspace/scripts/independent-watchdog.py", line 450, in main
    f"心跳停止 {hb_minutes:.0f if hb_minutes else '?'}分钟，"
               ^^^^^^^^^^^^^^^^^^^^^^^^^^^^^^^^^^^^^^^
ValueError: Invalid format specifier '.0f if hb_minutes else '?'' for object of type 'float'
[2026-02-11 10:51:01] ✅ 进程存活 (PID: 883)
[2026-02-11 10:51:01] 最后心跳: 15.2 分钟前
[2026-02-11 10:51:01] 最后 Session 更新: 2.0 分钟前
[2026-02-11 10:51:01] 最后日志: 0.3 分钟前
Traceback (most recent call last):
  File "/home/ubuntu/.openclaw/workspace/scripts/independent-watchdog.py", line 479, in <module>
    main()
  File "/home/ubuntu/.openclaw/workspace/scripts/independent-watchdog.py", line 450, in main
    f"心跳停止 {hb_minutes:.0f if hb_minutes else '?'}分钟，"
               ^^^^^^^^^^^^^^^^^^^^^^^^^^^^^^^^^^^^^^^
ValueError: Invalid format specifier '.0f if hb_minutes else '?'' for object of type 'float'
[2026-02-11 10:54:01] ✅ 进程存活 (PID: 883)
[2026-02-11 10:54:01] 最后心跳: 18.2 分钟前
[2026-02-11 10:54:01] 最后 Session 更新: 0.1 分钟前
[2026-02-11 10:54:01] 最后日志: 0.0 分钟前
Traceback (most recent call last):
  File "/home/ubuntu/.openclaw/workspace/scripts/independent-watchdog.py", line 479, in <module>
    main()
  File "/home/ubuntu/.openclaw/workspace/scripts/independent-watchdog.py", line 450, in main
    f"心跳停止 {hb_minutes:.0f if hb_minutes else '?'}分钟，"
               ^^^^^^^^^^^^^^^^^^^^^^^^^^^^^^^^^^^^^^^
ValueError: Invalid format specifier '.0f if hb_minutes else '?'' for object of type 'float'
[2026-02-11 10:57:01] ✅ 进程存活 (PID: 883)
[2026-02-11 10:57:01] 最后心跳: 21.2 分钟前
[2026-02-11 10:57:01] 最后 Session 更新: 3.0 分钟前
[2026-02-11 10:57:01] 最后日志: 0.3 分钟前
Traceback (most recent call last):
  File "/home/ubuntu/.openclaw/workspace/scripts/independent-watchdog.py", line 479, in <module>
    main()
  File "/home/ubuntu/.openclaw/workspace/scripts/independent-watchdog.py", line 450, in main
    f"心跳停止 {hb_minutes:.0f if hb_minutes else '?'}分钟，"
               ^^^^^^^^^^^^^^^^^^^^^^^^^^^^^^^^^^^^^^^
ValueError: Invalid format specifier '.0f if hb_minutes else '?'' for object of type 'float'
[2026-02-11 11:00:01] ✅ 进程存活 (PID: 883)
[2026-02-11 11:00:01] 最后心跳: 24.2 分钟前
[2026-02-11 11:00:01] 最后 Session 更新: 0.1 分钟前
[2026-02-11 11:00:01] 最后日志: 0.0 分钟前
Traceback (most recent call last):
  File "/home/ubuntu/.openclaw/workspace/scripts/independent-watchdog.py", line 479, in <module>
    main()
  File "/home/ubuntu/.openclaw/workspace/scripts/independent-watchdog.py", line 450, in main
    f"心跳停止 {hb_minutes:.0f if hb_minutes else '?'}分钟，"
               ^^^^^^^^^^^^^^^^^^^^^^^^^^^^^^^^^^^^^^^
ValueError: Invalid format specifier '.0f if hb_minutes else '?'' for object of type 'float'
[2026-02-11 11:03:01] ✅ 进程存活 (PID: 883)
[2026-02-11 11:03:01] 最后心跳: 27.2 分钟前
[2026-02-11 11:03:01] 最后 Session 更新: 3.1 分钟前
[2026-02-11 11:03:01] 最后日志: 0.3 分钟前
Traceback (most recent call last):
  File "/home/ubuntu/.openclaw/workspace/scripts/independent-watchdog.py", line 479, in <module>
    main()
  File "/home/ubuntu/.openclaw/workspace/scripts/independent-watchdog.py", line 450, in main
    f"心跳停止 {hb_minutes:.0f if hb_minutes else '?'}分钟，"
               ^^^^^^^^^^^^^^^^^^^^^^^^^^^^^^^^^^^^^^^
ValueError: Invalid format specifier '.0f if hb_minutes else '?'' for object of type 'float'
[2026-02-11 11:06:01] ✅ 进程存活 (PID: 883)
[2026-02-11 11:06:01] 最后心跳: 30.2 分钟前
[2026-02-11 11:06:01] 最后 Session 更新: 2.0 分钟前
[2026-02-11 11:06:01] 最后日志: 0.3 分钟前
Traceback (most recent call last):
  File "/home/ubuntu/.openclaw/workspace/scripts/independent-watchdog.py", line 479, in <module>
    main()
  File "/home/ubuntu/.openclaw/workspace/scripts/independent-watchdog.py", line 450, in main
    f"心跳停止 {hb_minutes:.0f if hb_minutes else '?'}分钟，"
               ^^^^^^^^^^^^^^^^^^^^^^^^^^^^^^^^^^^^^^^
ValueError: Invalid format specifier '.0f if hb_minutes else '?'' for object of type 'float'
[2026-02-11 11:09:01] ✅ 进程存活 (PID: 883)
[2026-02-11 11:09:01] 最后心跳: 33.2 分钟前
[2026-02-11 11:09:01] 最后 Session 更新: 0.1 分钟前
[2026-02-11 11:09:01] 最后日志: 0.0 分钟前
Traceback (most recent call last):
  File "/home/ubuntu/.openclaw/workspace/scripts/independent-watchdog.py", line 479, in <module>
    main()
  File "/home/ubuntu/.openclaw/workspace/scripts/independent-watchdog.py", line 450, in main
    f"心跳停止 {hb_minutes:.0f if hb_minutes else '?'}分钟，"
               ^^^^^^^^^^^^^^^^^^^^^^^^^^^^^^^^^^^^^^^
ValueError: Invalid format specifier '.0f if hb_minutes else '?'' for object of type 'float'
[2026-02-11 11:12:01] ✅ 进程存活 (PID: 883)
[2026-02-11 11:12:01] 最后心跳: 36.2 分钟前
[2026-02-11 11:12:01] 最后 Session 更新: 3.0 分钟前
[2026-02-11 11:12:01] 最后日志: 0.3 分钟前
Traceback (most recent call last):
  File "/home/ubuntu/.openclaw/workspace/scripts/independent-watchdog.py", line 479, in <module>
    main()
  File "/home/ubuntu/.openclaw/workspace/scripts/independent-watchdog.py", line 450, in main
    f"心跳停止 {hb_minutes:.0f if hb_minutes else '?'}分钟，"
               ^^^^^^^^^^^^^^^^^^^^^^^^^^^^^^^^^^^^^^^
ValueError: Invalid format specifier '.0f if hb_minutes else '?'' for object of type 'float'
[2026-02-11 11:15:01] ✅ 进程存活 (PID: 883)
[2026-02-11 11:15:01] 最后心跳: 39.2 分钟前
[2026-02-11 11:15:01] 最后 Session 更新: 1.0 分钟前
[2026-02-11 11:15:01] 最后日志: 0.3 分钟前
Traceback (most recent call last):
  File "/home/ubuntu/.openclaw/workspace/scripts/independent-watchdog.py", line 479, in <module>
    main()
  File "/home/ubuntu/.openclaw/workspace/scripts/independent-watchdog.py", line 450, in main
    f"心跳停止 {hb_minutes:.0f if hb_minutes else '?'}分钟，"
               ^^^^^^^^^^^^^^^^^^^^^^^^^^^^^^^^^^^^^^^
ValueError: Invalid format specifier '.0f if hb_minutes else '?'' for object of type 'float'
[2026-02-11 11:18:01] ✅ 进程存活 (PID: 883)
[2026-02-11 11:18:01] 最后心跳: 42.2 分钟前
[2026-02-11 11:18:01] 最后 Session 更新: 4.0 分钟前
[2026-02-11 11:18:01] 最后日志: 0.3 分钟前
Traceback (most recent call last):
  File "/home/ubuntu/.openclaw/workspace/scripts/independent-watchdog.py", line 479, in <module>
    main()
  File "/home/ubuntu/.openclaw/workspace/scripts/independent-watchdog.py", line 450, in main
    f"心跳停止 {hb_minutes:.0f if hb_minutes else '?'}分钟，"
               ^^^^^^^^^^^^^^^^^^^^^^^^^^^^^^^^^^^^^^^
ValueError: Invalid format specifier '.0f if hb_minutes else '?'' for object of type 'float'
[2026-02-11 11:21:01] ✅ 进程存活 (PID: 883)
[2026-02-11 11:21:01] 最后心跳: 45.2 分钟前
[2026-02-11 11:21:01] 最后 Session 更新: 2.0 分钟前
[2026-02-11 11:21:01] 最后日志: 0.3 分钟前
Traceback (most recent call last):
  File "/home/ubuntu/.openclaw/workspace/scripts/independent-watchdog.py", line 479, in <module>
    main()
  File "/home/ubuntu/.openclaw/workspace/scripts/independent-watchdog.py", line 450, in main
    f"心跳停止 {hb_minutes:.0f if hb_minutes else '?'}分钟，"
               ^^^^^^^^^^^^^^^^^^^^^^^^^^^^^^^^^^^^^^^
ValueError: Invalid format specifier '.0f if hb_minutes else '?'' for object of type 'float'
[2026-02-11 11:24:01] ✅ 进程存活 (PID: 883)
[2026-02-11 11:24:01] 最后心跳: 48.2 分钟前
[2026-02-11 11:24:01] 最后 Session 更新: 0.1 分钟前
[2026-02-11 11:24:01] 最后日志: 0.0 分钟前
Traceback (most recent call last):
  File "/home/ubuntu/.openclaw/workspace/scripts/independent-watchdog.py", line 479, in <module>
    main()
  File "/home/ubuntu/.openclaw/workspace/scripts/independent-watchdog.py", line 450, in main
    f"心跳停止 {hb_minutes:.0f if hb_minutes else '?'}分钟，"
               ^^^^^^^^^^^^^^^^^^^^^^^^^^^^^^^^^^^^^^^
ValueError: Invalid format specifier '.0f if hb_minutes else '?'' for object of type 'float'
[2026-02-11 11:27:01] ✅ 进程存活 (PID: 883)
[2026-02-11 11:27:01] 最后心跳: 51.2 分钟前
[2026-02-11 11:27:01] 最后 Session 更新: 3.0 分钟前
[2026-02-11 11:27:01] 最后日志: 0.3 分钟前
Traceback (most recent call last):
  File "/home/ubuntu/.openclaw/workspace/scripts/independent-watchdog.py", line 479, in <module>
    main()
  File "/home/ubuntu/.openclaw/workspace/scripts/independent-watchdog.py", line 450, in main
    f"心跳停止 {hb_minutes:.0f if hb_minutes else '?'}分钟，"
               ^^^^^^^^^^^^^^^^^^^^^^^^^^^^^^^^^^^^^^^
ValueError: Invalid format specifier '.0f if hb_minutes else '?'' for object of type 'float'
[2026-02-11 11:30:01] ✅ 进程存活 (PID: 883)
[2026-02-11 11:30:01] 最后心跳: 54.2 分钟前
[2026-02-11 11:30:01] 最后 Session 更新: 1.0 分钟前
[2026-02-11 11:30:01] 最后日志: 0.3 分钟前
Traceback (most recent call last):
  File "/home/ubuntu/.openclaw/workspace/scripts/independent-watchdog.py", line 479, in <module>
    main()
  File "/home/ubuntu/.openclaw/workspace/scripts/independent-watchdog.py", line 450, in main
    f"心跳停止 {hb_minutes:.0f if hb_minutes else '?'}分钟，"
               ^^^^^^^^^^^^^^^^^^^^^^^^^^^^^^^^^^^^^^^
ValueError: Invalid format specifier '.0f if hb_minutes else '?'' for object of type 'float'
[2026-02-11 11:33:01] ✅ 进程存活 (PID: 883)
[2026-02-11 11:33:01] 最后心跳: 57.2 分钟前
[2026-02-11 11:33:01] 最后 Session 更新: 4.0 分钟前
[2026-02-11 11:33:01] 最后日志: 0.3 分钟前
Traceback (most recent call last):
  File "/home/ubuntu/.openclaw/workspace/scripts/independent-watchdog.py", line 479, in <module>
    main()
  File "/home/ubuntu/.openclaw/workspace/scripts/independent-watchdog.py", line 450, in main
    f"心跳停止 {hb_minutes:.0f if hb_minutes else '?'}分钟，"
               ^^^^^^^^^^^^^^^^^^^^^^^^^^^^^^^^^^^^^^^
ValueError: Invalid format specifier '.0f if hb_minutes else '?'' for object of type 'float'
[2026-02-11 11:36:02] ✅ 进程存活 (PID: 883)
[2026-02-11 11:36:02] 最后心跳: 60.2 分钟前
[2026-02-11 11:36:02] 最后 Session 更新: 2.0 分钟前
[2026-02-11 11:36:02] 最后日志: 0.3 分钟前
Traceback (most recent call last):
  File "/home/ubuntu/.openclaw/workspace/scripts/independent-watchdog.py", line 479, in <module>
    main()
  File "/home/ubuntu/.openclaw/workspace/scripts/independent-watchdog.py", line 450, in main
    f"心跳停止 {hb_minutes:.0f if hb_minutes else '?'}分钟，"
               ^^^^^^^^^^^^^^^^^^^^^^^^^^^^^^^^^^^^^^^
ValueError: Invalid format specifier '.0f if hb_minutes else '?'' for object of type 'float'
[2026-02-11 11:39:01] ✅ 进程存活 (PID: 883)
[2026-02-11 11:39:01] 最后心跳: 63.2 分钟前
[2026-02-11 11:39:01] 最后 Session 更新: 0.1 分钟前
[2026-02-11 11:39:01] 最后日志: 0.0 分钟前
Traceback (most recent call last):
  File "/home/ubuntu/.openclaw/workspace/scripts/independent-watchdog.py", line 479, in <module>
    main()
  File "/home/ubuntu/.openclaw/workspace/scripts/independent-watchdog.py", line 450, in main
    f"心跳停止 {hb_minutes:.0f if hb_minutes else '?'}分钟，"
               ^^^^^^^^^^^^^^^^^^^^^^^^^^^^^^^^^^^^^^^
ValueError: Invalid format specifier '.0f if hb_minutes else '?'' for object of type 'float'
[2026-02-11 11:42:01] ✅ 进程存活 (PID: 883)
[2026-02-11 11:42:01] 最后心跳: 66.2 分钟前
[2026-02-11 11:42:01] 最后 Session 更新: 3.0 分钟前
[2026-02-11 11:42:01] 最后日志: 0.3 分钟前
Traceback (most recent call last):
  File "/home/ubuntu/.openclaw/workspace/scripts/independent-watchdog.py", line 479, in <module>
    main()
  File "/home/ubuntu/.openclaw/workspace/scripts/independent-watchdog.py", line 450, in main
    f"心跳停止 {hb_minutes:.0f if hb_minutes else '?'}分钟，"
               ^^^^^^^^^^^^^^^^^^^^^^^^^^^^^^^^^^^^^^^
ValueError: Invalid format specifier '.0f if hb_minutes else '?'' for object of type 'float'
[2026-02-11 11:45:01] ✅ 进程存活 (PID: 883)
[2026-02-11 11:45:01] 最后心跳: 69.2 分钟前
[2026-02-11 11:45:01] 最后 Session 更新: 1.0 分钟前
[2026-02-11 11:45:01] 最后日志: 0.3 分钟前
Traceback (most recent call last):
  File "/home/ubuntu/.openclaw/workspace/scripts/independent-watchdog.py", line 479, in <module>
    main()
  File "/home/ubuntu/.openclaw/workspace/scripts/independent-watchdog.py", line 450, in main
    f"心跳停止 {hb_minutes:.0f if hb_minutes else '?'}分钟，"
               ^^^^^^^^^^^^^^^^^^^^^^^^^^^^^^^^^^^^^^^
ValueError: Invalid format specifier '.0f if hb_minutes else '?'' for object of type 'float'
[2026-02-11 11:48:01] ✅ 进程存活 (PID: 883)
[2026-02-11 11:48:01] 最后心跳: 72.2 分钟前
[2026-02-11 11:48:01] 最后 Session 更新: 4.0 分钟前
[2026-02-11 11:48:01] 最后日志: 0.2 分钟前
Traceback (most recent call last):
  File "/home/ubuntu/.openclaw/workspace/scripts/independent-watchdog.py", line 479, in <module>
    main()
  File "/home/ubuntu/.openclaw/workspace/scripts/independent-watchdog.py", line 450, in main
    f"心跳停止 {hb_minutes:.0f if hb_minutes else '?'}分钟，"
               ^^^^^^^^^^^^^^^^^^^^^^^^^^^^^^^^^^^^^^^
ValueError: Invalid format specifier '.0f if hb_minutes else '?'' for object of type 'float'
[2026-02-11 11:51:01] ✅ 进程存活 (PID: 883)
[2026-02-11 11:51:01] 最后心跳: 75.2 分钟前
[2026-02-11 11:51:01] 最后 Session 更新: 2.0 分钟前
[2026-02-11 11:51:01] 最后日志: 0.3 分钟前
Traceback (most recent call last):
  File "/home/ubuntu/.openclaw/workspace/scripts/independent-watchdog.py", line 479, in <module>
    main()
  File "/home/ubuntu/.openclaw/workspace/scripts/independent-watchdog.py", line 450, in main
    f"心跳停止 {hb_minutes:.0f if hb_minutes else '?'}分钟，"
               ^^^^^^^^^^^^^^^^^^^^^^^^^^^^^^^^^^^^^^^
ValueError: Invalid format specifier '.0f if hb_minutes else '?'' for object of type 'float'
[2026-02-11 11:54:02] ✅ 进程存活 (PID: 883)
[2026-02-11 11:54:02] 最后心跳: 78.2 分钟前
[2026-02-11 11:54:02] 最后 Session 更新: 0.1 分钟前
[2026-02-11 11:54:02] 最后日志: 0.0 分钟前
Traceback (most recent call last):
  File "/home/ubuntu/.openclaw/workspace/scripts/independent-watchdog.py", line 479, in <module>
    main()
  File "/home/ubuntu/.openclaw/workspace/scripts/independent-watchdog.py", line 450, in main
    f"心跳停止 {hb_minutes:.0f if hb_minutes else '?'}分钟，"
               ^^^^^^^^^^^^^^^^^^^^^^^^^^^^^^^^^^^^^^^
ValueError: Invalid format specifier '.0f if hb_minutes else '?'' for object of type 'float'
[2026-02-11 11:57:01] ✅ 进程存活 (PID: 883)
[2026-02-11 11:57:01] 最后心跳: 81.2 分钟前
[2026-02-11 11:57:01] 最后 Session 更新: 3.0 分钟前
[2026-02-11 11:57:01] 最后日志: 0.3 分钟前
Traceback (most recent call last):
  File "/home/ubuntu/.openclaw/workspace/scripts/independent-watchdog.py", line 479, in <module>
    main()
  File "/home/ubuntu/.openclaw/workspace/scripts/independent-watchdog.py", line 450, in main
    f"心跳停止 {hb_minutes:.0f if hb_minutes else '?'}分钟，"
               ^^^^^^^^^^^^^^^^^^^^^^^^^^^^^^^^^^^^^^^
ValueError: Invalid format specifier '.0f if hb_minutes else '?'' for object of type 'float'
[2026-02-11 12:00:01] ✅ 进程存活 (PID: 883)
[2026-02-11 12:00:01] 最后心跳: 84.2 分钟前
[2026-02-11 12:00:01] 最后 Session 更新: 1.0 分钟前
[2026-02-11 12:00:01] 最后日志: 0.3 分钟前
Traceback (most recent call last):
  File "/home/ubuntu/.openclaw/workspace/scripts/independent-watchdog.py", line 479, in <module>
    main()
  File "/home/ubuntu/.openclaw/workspace/scripts/independent-watchdog.py", line 450, in main
    f"心跳停止 {hb_minutes:.0f if hb_minutes else '?'}分钟，"
               ^^^^^^^^^^^^^^^^^^^^^^^^^^^^^^^^^^^^^^^
ValueError: Invalid format specifier '.0f if hb_minutes else '?'' for object of type 'float'
[2026-02-11 12:03:02] ✅ 进程存活 (PID: 883)
[2026-02-11 12:03:02] 最后心跳: 87.2 分钟前
[2026-02-11 12:03:02] 最后 Session 更新: 4.0 分钟前
[2026-02-11 12:03:02] 最后日志: 0.3 分钟前
Traceback (most recent call last):
  File "/home/ubuntu/.openclaw/workspace/scripts/independent-watchdog.py", line 479, in <module>
    main()
  File "/home/ubuntu/.openclaw/workspace/scripts/independent-watchdog.py", line 450, in main
    f"心跳停止 {hb_minutes:.0f if hb_minutes else '?'}分钟，"
               ^^^^^^^^^^^^^^^^^^^^^^^^^^^^^^^^^^^^^^^
ValueError: Invalid format specifier '.0f if hb_minutes else '?'' for object of type 'float'
[2026-02-11 12:06:01] ✅ 进程存活 (PID: 883)
[2026-02-11 12:06:01] 最后心跳: 90.2 分钟前
[2026-02-11 12:06:01] 最后 Session 更新: 2.0 分钟前
[2026-02-11 12:06:01] 最后日志: 0.3 分钟前
Traceback (most recent call last):
  File "/home/ubuntu/.openclaw/workspace/scripts/independent-watchdog.py", line 479, in <module>
    main()
  File "/home/ubuntu/.openclaw/workspace/scripts/independent-watchdog.py", line 450, in main
    f"心跳停止 {hb_minutes:.0f if hb_minutes else '?'}分钟，"
               ^^^^^^^^^^^^^^^^^^^^^^^^^^^^^^^^^^^^^^^
ValueError: Invalid format specifier '.0f if hb_minutes else '?'' for object of type 'float'
[2026-02-11 12:09:01] ✅ 进程存活 (PID: 883)
[2026-02-11 12:09:01] 最后心跳: 93.2 分钟前
[2026-02-11 12:09:01] 最后 Session 更新: 0.0 分钟前
[2026-02-11 12:09:01] 最后日志: 0.0 分钟前
Traceback (most recent call last):
  File "/home/ubuntu/.openclaw/workspace/scripts/independent-watchdog.py", line 479, in <module>
    main()
  File "/home/ubuntu/.openclaw/workspace/scripts/independent-watchdog.py", line 450, in main
    f"心跳停止 {hb_minutes:.0f if hb_minutes else '?'}分钟，"
               ^^^^^^^^^^^^^^^^^^^^^^^^^^^^^^^^^^^^^^^
ValueError: Invalid format specifier '.0f if hb_minutes else '?'' for object of type 'float'
[2026-02-11 12:12:01] ✅ 进程存活 (PID: 883)
[2026-02-11 12:12:01] 最后心跳: 96.2 分钟前
[2026-02-11 12:12:01] 最后 Session 更新: 3.0 分钟前
[2026-02-11 12:12:01] 最后日志: 0.3 分钟前
Traceback (most recent call last):
  File "/home/ubuntu/.openclaw/workspace/scripts/independent-watchdog.py", line 479, in <module>
    main()
  File "/home/ubuntu/.openclaw/workspace/scripts/independent-watchdog.py", line 450, in main
    f"心跳停止 {hb_minutes:.0f if hb_minutes else '?'}分钟，"
               ^^^^^^^^^^^^^^^^^^^^^^^^^^^^^^^^^^^^^^^
ValueError: Invalid format specifier '.0f if hb_minutes else '?'' for object of type 'float'
[2026-02-11 12:15:01] ✅ 进程存活 (PID: 883)
[2026-02-11 12:15:01] 最后心跳: 99.2 分钟前
[2026-02-11 12:15:01] 最后 Session 更新: 1.0 分钟前
[2026-02-11 12:15:01] 最后日志: 0.3 分钟前
Traceback (most recent call last):
  File "/home/ubuntu/.openclaw/workspace/scripts/independent-watchdog.py", line 479, in <module>
    main()
  File "/home/ubuntu/.openclaw/workspace/scripts/independent-watchdog.py", line 450, in main
    f"心跳停止 {hb_minutes:.0f if hb_minutes else '?'}分钟，"
               ^^^^^^^^^^^^^^^^^^^^^^^^^^^^^^^^^^^^^^^
ValueError: Invalid format specifier '.0f if hb_minutes else '?'' for object of type 'float'
[2026-02-11 12:18:01] ✅ 进程存活 (PID: 883)
[2026-02-11 12:18:01] 最后心跳: 102.2 分钟前
[2026-02-11 12:18:01] 最后 Session 更新: 4.0 分钟前
[2026-02-11 12:18:01] 最后日志: 0.3 分钟前
Traceback (most recent call last):
  File "/home/ubuntu/.openclaw/workspace/scripts/independent-watchdog.py", line 479, in <module>
    main()
  File "/home/ubuntu/.openclaw/workspace/scripts/independent-watchdog.py", line 450, in main
    f"心跳停止 {hb_minutes:.0f if hb_minutes else '?'}分钟，"
               ^^^^^^^^^^^^^^^^^^^^^^^^^^^^^^^^^^^^^^^
ValueError: Invalid format specifier '.0f if hb_minutes else '?'' for object of type 'float'
[2026-02-11 12:21:01] ✅ 进程存活 (PID: 883)
[2026-02-11 12:21:01] 最后心跳: 105.2 分钟前
[2026-02-11 12:21:01] 最后 Session 更新: 2.0 分钟前
[2026-02-11 12:21:01] 最后日志: 0.3 分钟前
Traceback (most recent call last):
  File "/home/ubuntu/.openclaw/workspace/scripts/independent-watchdog.py", line 479, in <module>
    main()
  File "/home/ubuntu/.openclaw/workspace/scripts/independent-watchdog.py", line 450, in main
    f"心跳停止 {hb_minutes:.0f if hb_minutes else '?'}分钟，"
               ^^^^^^^^^^^^^^^^^^^^^^^^^^^^^^^^^^^^^^^
ValueError: Invalid format specifier '.0f if hb_minutes else '?'' for object of type 'float'
[2026-02-11 12:24:01] ✅ 进程存活 (PID: 883)
[2026-02-11 12:24:01] 最后心跳: 108.2 分钟前
[2026-02-11 12:24:01] 最后 Session 更新: 0.0 分钟前
[2026-02-11 12:24:01] 最后日志: 0.0 分钟前
Traceback (most recent call last):
  File "/home/ubuntu/.openclaw/workspace/scripts/independent-watchdog.py", line 479, in <module>
    main()
  File "/home/ubuntu/.openclaw/workspace/scripts/independent-watchdog.py", line 450, in main
    f"心跳停止 {hb_minutes:.0f if hb_minutes else '?'}分钟，"
               ^^^^^^^^^^^^^^^^^^^^^^^^^^^^^^^^^^^^^^^
ValueError: Invalid format specifier '.0f if hb_minutes else '?'' for object of type 'float'
[2026-02-11 12:27:01] ✅ 进程存活 (PID: 883)
[2026-02-11 12:27:01] 最后心跳: 111.2 分钟前
[2026-02-11 12:27:01] 最后 Session 更新: 3.0 分钟前
[2026-02-11 12:27:01] 最后日志: 0.3 分钟前
Traceback (most recent call last):
  File "/home/ubuntu/.openclaw/workspace/scripts/independent-watchdog.py", line 479, in <module>
    main()
  File "/home/ubuntu/.openclaw/workspace/scripts/independent-watchdog.py", line 450, in main
    f"心跳停止 {hb_minutes:.0f if hb_minutes else '?'}分钟，"
               ^^^^^^^^^^^^^^^^^^^^^^^^^^^^^^^^^^^^^^^
ValueError: Invalid format specifier '.0f if hb_minutes else '?'' for object of type 'float'
[2026-02-11 12:30:02] ✅ 进程存活 (PID: 883)
[2026-02-11 12:30:02] 最后心跳: 114.2 分钟前
[2026-02-11 12:30:02] 最后 Session 更新: 1.0 分钟前
[2026-02-11 12:30:02] 最后日志: 0.1 分钟前
Traceback (most recent call last):
  File "/home/ubuntu/.openclaw/workspace/scripts/independent-watchdog.py", line 479, in <module>
    main()
  File "/home/ubuntu/.openclaw/workspace/scripts/independent-watchdog.py", line 450, in main
    f"心跳停止 {hb_minutes:.0f if hb_minutes else '?'}分钟，"
               ^^^^^^^^^^^^^^^^^^^^^^^^^^^^^^^^^^^^^^^
ValueError: Invalid format specifier '.0f if hb_minutes else '?'' for object of type 'float'
[2026-02-11 12:33:01] ✅ 进程存活 (PID: 883)
[2026-02-11 12:33:01] 最后心跳: 117.2 分钟前
[2026-02-11 12:33:01] 最后 Session 更新: 4.0 分钟前
[2026-02-11 12:33:01] 最后日志: 0.3 分钟前
Traceback (most recent call last):
  File "/home/ubuntu/.openclaw/workspace/scripts/independent-watchdog.py", line 479, in <module>
    main()
  File "/home/ubuntu/.openclaw/workspace/scripts/independent-watchdog.py", line 450, in main
    f"心跳停止 {hb_minutes:.0f if hb_minutes else '?'}分钟，"
               ^^^^^^^^^^^^^^^^^^^^^^^^^^^^^^^^^^^^^^^
ValueError: Invalid format specifier '.0f if hb_minutes else '?'' for object of type 'float'
[2026-02-11 12:36:01] ✅ 进程存活 (PID: 883)
[2026-02-11 12:36:01] 最后心跳: 120.2 分钟前
[2026-02-11 12:36:01] 最后 Session 更新: 2.0 分钟前
[2026-02-11 12:36:01] 最后日志: 0.3 分钟前
Traceback (most recent call last):
  File "/home/ubuntu/.openclaw/workspace/scripts/independent-watchdog.py", line 479, in <module>
    main()
  File "/home/ubuntu/.openclaw/workspace/scripts/independent-watchdog.py", line 450, in main
    f"心跳停止 {hb_minutes:.0f if hb_minutes else '?'}分钟，"
               ^^^^^^^^^^^^^^^^^^^^^^^^^^^^^^^^^^^^^^^
ValueError: Invalid format specifier '.0f if hb_minutes else '?'' for object of type 'float'
[2026-02-11 12:39:01] ✅ 进程存活 (PID: 883)
[2026-02-11 12:39:01] 最后心跳: 123.2 分钟前
[2026-02-11 12:39:01] 最后 Session 更新: 0.2 分钟前
[2026-02-11 12:39:01] 最后日志: 0.0 分钟前
Traceback (most recent call last):
  File "/home/ubuntu/.openclaw/workspace/scripts/independent-watchdog.py", line 479, in <module>
    main()
  File "/home/ubuntu/.openclaw/workspace/scripts/independent-watchdog.py", line 450, in main
    f"心跳停止 {hb_minutes:.0f if hb_minutes else '?'}分钟，"
               ^^^^^^^^^^^^^^^^^^^^^^^^^^^^^^^^^^^^^^^
ValueError: Invalid format specifier '.0f if hb_minutes else '?'' for object of type 'float'
[2026-02-11 12:42:01] ✅ 进程存活 (PID: 883)
[2026-02-11 12:42:01] 最后心跳: 126.2 分钟前
[2026-02-11 12:42:01] 最后 Session 更新: 3.0 分钟前
[2026-02-11 12:42:01] 最后日志: 0.3 分钟前
Traceback (most recent call last):
  File "/home/ubuntu/.openclaw/workspace/scripts/independent-watchdog.py", line 479, in <module>
    main()
  File "/home/ubuntu/.openclaw/workspace/scripts/independent-watchdog.py", line 450, in main
    f"心跳停止 {hb_minutes:.0f if hb_minutes else '?'}分钟，"
               ^^^^^^^^^^^^^^^^^^^^^^^^^^^^^^^^^^^^^^^
ValueError: Invalid format specifier '.0f if hb_minutes else '?'' for object of type 'float'
[2026-02-11 12:45:01] ✅ 进程存活 (PID: 883)
[2026-02-11 12:45:01] 最后心跳: 129.2 分钟前
[2026-02-11 12:45:01] 最后 Session 更新: 1.0 分钟前
[2026-02-11 12:45:01] 最后日志: 0.3 分钟前
Traceback (most recent call last):
  File "/home/ubuntu/.openclaw/workspace/scripts/independent-watchdog.py", line 479, in <module>
    main()
  File "/home/ubuntu/.openclaw/workspace/scripts/independent-watchdog.py", line 450, in main
    f"心跳停止 {hb_minutes:.0f if hb_minutes else '?'}分钟，"
               ^^^^^^^^^^^^^^^^^^^^^^^^^^^^^^^^^^^^^^^
ValueError: Invalid format specifier '.0f if hb_minutes else '?'' for object of type 'float'
[2026-02-11 12:48:02] ✅ 进程存活 (PID: 883)
[2026-02-11 12:48:02] 最后心跳: 132.2 分钟前
[2026-02-11 12:48:02] 最后 Session 更新: 4.0 分钟前
[2026-02-11 12:48:02] 最后日志: 0.3 分钟前
Traceback (most recent call last):
  File "/home/ubuntu/.openclaw/workspace/scripts/independent-watchdog.py", line 479, in <module>
    main()
  File "/home/ubuntu/.openclaw/workspace/scripts/independent-watchdog.py", line 450, in main
    f"心跳停止 {hb_minutes:.0f if hb_minutes else '?'}分钟，"
               ^^^^^^^^^^^^^^^^^^^^^^^^^^^^^^^^^^^^^^^
ValueError: Invalid format specifier '.0f if hb_minutes else '?'' for object of type 'float'
[2026-02-11 12:51:01] ✅ 进程存活 (PID: 883)
[2026-02-11 12:51:01] 最后心跳: 135.2 分钟前
[2026-02-11 12:51:01] 最后 Session 更新: 2.0 分钟前
[2026-02-11 12:51:01] 最后日志: 0.3 分钟前
Traceback (most recent call last):
  File "/home/ubuntu/.openclaw/workspace/scripts/independent-watchdog.py", line 479, in <module>
    main()
  File "/home/ubuntu/.openclaw/workspace/scripts/independent-watchdog.py", line 450, in main
    f"心跳停止 {hb_minutes:.0f if hb_minutes else '?'}分钟，"
               ^^^^^^^^^^^^^^^^^^^^^^^^^^^^^^^^^^^^^^^
ValueError: Invalid format specifier '.0f if hb_minutes else '?'' for object of type 'float'
[2026-02-11 12:54:01] ✅ 进程存活 (PID: 883)
[2026-02-11 12:54:01] 最后心跳: 138.2 分钟前
[2026-02-11 12:54:01] 最后 Session 更新: 0.2 分钟前
[2026-02-11 12:54:01] 最后日志: 0.0 分钟前
Traceback (most recent call last):
  File "/home/ubuntu/.openclaw/workspace/scripts/independent-watchdog.py", line 479, in <module>
    main()
  File "/home/ubuntu/.openclaw/workspace/scripts/independent-watchdog.py", line 450, in main
    f"心跳停止 {hb_minutes:.0f if hb_minutes else '?'}分钟，"
               ^^^^^^^^^^^^^^^^^^^^^^^^^^^^^^^^^^^^^^^
ValueError: Invalid format specifier '.0f if hb_minutes else '?'' for object of type 'float'
[2026-02-11 12:57:01] ✅ 进程存活 (PID: 883)
[2026-02-11 12:57:01] 最后心跳: 141.2 分钟前
[2026-02-11 12:57:01] 最后 Session 更新: 3.0 分钟前
[2026-02-11 12:57:01] 最后日志: 0.3 分钟前
Traceback (most recent call last):
  File "/home/ubuntu/.openclaw/workspace/scripts/independent-watchdog.py", line 479, in <module>
    main()
  File "/home/ubuntu/.openclaw/workspace/scripts/independent-watchdog.py", line 450, in main
    f"心跳停止 {hb_minutes:.0f if hb_minutes else '?'}分钟，"
               ^^^^^^^^^^^^^^^^^^^^^^^^^^^^^^^^^^^^^^^
ValueError: Invalid format specifier '.0f if hb_minutes else '?'' for object of type 'float'
[2026-02-11 13:00:01] ✅ 进程存活 (PID: 883)
[2026-02-11 13:00:01] 最后心跳: 144.2 分钟前
[2026-02-11 13:00:01] 最后 Session 更新: 1.0 分钟前
[2026-02-11 13:00:01] 最后日志: 0.3 分钟前
Traceback (most recent call last):
  File "/home/ubuntu/.openclaw/workspace/scripts/independent-watchdog.py", line 479, in <module>
    main()
  File "/home/ubuntu/.openclaw/workspace/scripts/independent-watchdog.py", line 450, in main
    f"心跳停止 {hb_minutes:.0f if hb_minutes else '?'}分钟，"
               ^^^^^^^^^^^^^^^^^^^^^^^^^^^^^^^^^^^^^^^
ValueError: Invalid format specifier '.0f if hb_minutes else '?'' for object of type 'float'
[2026-02-11 13:03:01] ✅ 进程存活 (PID: 883)
[2026-02-11 13:03:01] 最后心跳: 147.2 分钟前
[2026-02-11 13:03:01] 最后 Session 更新: 4.0 分钟前
[2026-02-11 13:03:01] 最后日志: 0.3 分钟前
Traceback (most recent call last):
  File "/home/ubuntu/.openclaw/workspace/scripts/independent-watchdog.py", line 479, in <module>
    main()
  File "/home/ubuntu/.openclaw/workspace/scripts/independent-watchdog.py", line 450, in main
    f"心跳停止 {hb_minutes:.0f if hb_minutes else '?'}分钟，"
               ^^^^^^^^^^^^^^^^^^^^^^^^^^^^^^^^^^^^^^^
ValueError: Invalid format specifier '.0f if hb_minutes else '?'' for object of type 'float'
[2026-02-11 13:06:01] ✅ 进程存活 (PID: 883)
[2026-02-11 13:06:01] 最后心跳: 150.2 分钟前
[2026-02-11 13:06:01] 最后 Session 更新: 2.0 分钟前
[2026-02-11 13:06:01] 最后日志: 0.3 分钟前
Traceback (most recent call last):
  File "/home/ubuntu/.openclaw/workspace/scripts/independent-watchdog.py", line 479, in <module>
    main()
  File "/home/ubuntu/.openclaw/workspace/scripts/independent-watchdog.py", line 450, in main
    f"心跳停止 {hb_minutes:.0f if hb_minutes else '?'}分钟，"
               ^^^^^^^^^^^^^^^^^^^^^^^^^^^^^^^^^^^^^^^
ValueError: Invalid format specifier '.0f if hb_minutes else '?'' for object of type 'float'
[2026-02-11 13:09:01] ✅ 进程存活 (PID: 883)
[2026-02-11 13:09:01] 最后心跳: 153.2 分钟前
[2026-02-11 13:09:01] 最后 Session 更新: 0.2 分钟前
[2026-02-11 13:09:01] 最后日志: 0.0 分钟前
Traceback (most recent call last):
  File "/home/ubuntu/.openclaw/workspace/scripts/independent-watchdog.py", line 479, in <module>
    main()
  File "/home/ubuntu/.openclaw/workspace/scripts/independent-watchdog.py", line 450, in main
    f"心跳停止 {hb_minutes:.0f if hb_minutes else '?'}分钟，"
               ^^^^^^^^^^^^^^^^^^^^^^^^^^^^^^^^^^^^^^^
ValueError: Invalid format specifier '.0f if hb_minutes else '?'' for object of type 'float'
[2026-02-11 13:12:01] ✅ 进程存活 (PID: 883)
[2026-02-11 13:12:01] 最后心跳: 156.2 分钟前
[2026-02-11 13:12:01] 最后 Session 更新: 3.0 分钟前
[2026-02-11 13:12:01] 最后日志: 0.3 分钟前
Traceback (most recent call last):
  File "/home/ubuntu/.openclaw/workspace/scripts/independent-watchdog.py", line 479, in <module>
    main()
  File "/home/ubuntu/.openclaw/workspace/scripts/independent-watchdog.py", line 450, in main
    f"心跳停止 {hb_minutes:.0f if hb_minutes else '?'}分钟，"
               ^^^^^^^^^^^^^^^^^^^^^^^^^^^^^^^^^^^^^^^
ValueError: Invalid format specifier '.0f if hb_minutes else '?'' for object of type 'float'
[2026-02-11 13:15:02] ✅ 进程存活 (PID: 883)
[2026-02-11 13:15:02] 最后心跳: 159.2 分钟前
[2026-02-11 13:15:02] 最后 Session 更新: 1.0 分钟前
[2026-02-11 13:15:02] 最后日志: 0.3 分钟前
Traceback (most recent call last):
  File "/home/ubuntu/.openclaw/workspace/scripts/independent-watchdog.py", line 479, in <module>
    main()
  File "/home/ubuntu/.openclaw/workspace/scripts/independent-watchdog.py", line 450, in main
    f"心跳停止 {hb_minutes:.0f if hb_minutes else '?'}分钟，"
               ^^^^^^^^^^^^^^^^^^^^^^^^^^^^^^^^^^^^^^^
ValueError: Invalid format specifier '.0f if hb_minutes else '?'' for object of type 'float'
[2026-02-11 13:18:01] ✅ 进程存活 (PID: 883)
[2026-02-11 13:18:01] 最后心跳: 162.2 分钟前
[2026-02-11 13:18:01] 最后 Session 更新: 4.0 分钟前
[2026-02-11 13:18:01] 最后日志: 0.3 分钟前
Traceback (most recent call last):
  File "/home/ubuntu/.openclaw/workspace/scripts/independent-watchdog.py", line 479, in <module>
    main()
  File "/home/ubuntu/.openclaw/workspace/scripts/independent-watchdog.py", line 450, in main
    f"心跳停止 {hb_minutes:.0f if hb_minutes else '?'}分钟，"
               ^^^^^^^^^^^^^^^^^^^^^^^^^^^^^^^^^^^^^^^
ValueError: Invalid format specifier '.0f if hb_minutes else '?'' for object of type 'float'
[2026-02-11 13:21:01] ✅ 进程存活 (PID: 883)
[2026-02-11 13:21:01] 最后心跳: 165.2 分钟前
[2026-02-11 13:21:01] 最后 Session 更新: 2.0 分钟前
[2026-02-11 13:21:01] 最后日志: 0.3 分钟前
Traceback (most recent call last):
  File "/home/ubuntu/.openclaw/workspace/scripts/independent-watchdog.py", line 479, in <module>
    main()
  File "/home/ubuntu/.openclaw/workspace/scripts/independent-watchdog.py", line 450, in main
    f"心跳停止 {hb_minutes:.0f if hb_minutes else '?'}分钟，"
               ^^^^^^^^^^^^^^^^^^^^^^^^^^^^^^^^^^^^^^^
ValueError: Invalid format specifier '.0f if hb_minutes else '?'' for object of type 'float'
[2026-02-11 13:24:01] ✅ 进程存活 (PID: 883)
[2026-02-11 13:24:01] 最后心跳: 168.2 分钟前
[2026-02-11 13:24:01] 最后 Session 更新: 0.2 分钟前
[2026-02-11 13:24:01] 最后日志: 0.0 分钟前
Traceback (most recent call last):
  File "/home/ubuntu/.openclaw/workspace/scripts/independent-watchdog.py", line 479, in <module>
    main()
  File "/home/ubuntu/.openclaw/workspace/scripts/independent-watchdog.py", line 450, in main
    f"心跳停止 {hb_minutes:.0f if hb_minutes else '?'}分钟，"
               ^^^^^^^^^^^^^^^^^^^^^^^^^^^^^^^^^^^^^^^
ValueError: Invalid format specifier '.0f if hb_minutes else '?'' for object of type 'float'
[2026-02-11 13:27:01] ✅ 进程存活 (PID: 883)
[2026-02-11 13:27:01] 最后心跳: 171.2 分钟前
[2026-02-11 13:27:01] 最后 Session 更新: 3.0 分钟前
[2026-02-11 13:27:01] 最后日志: 0.3 分钟前
Traceback (most recent call last):
  File "/home/ubuntu/.openclaw/workspace/scripts/independent-watchdog.py", line 479, in <module>
    main()
  File "/home/ubuntu/.openclaw/workspace/scripts/independent-watchdog.py", line 450, in main
    f"心跳停止 {hb_minutes:.0f if hb_minutes else '?'}分钟，"
               ^^^^^^^^^^^^^^^^^^^^^^^^^^^^^^^^^^^^^^^
ValueError: Invalid format specifier '.0f if hb_minutes else '?'' for object of type 'float'
[2026-02-11 13:30:01] ✅ 进程存活 (PID: 883)
[2026-02-11 13:30:01] 最后心跳: 174.2 分钟前
[2026-02-11 13:30:01] 最后 Session 更新: 1.0 分钟前
[2026-02-11 13:30:01] 最后日志: 0.3 分钟前
Traceback (most recent call last):
  File "/home/ubuntu/.openclaw/workspace/scripts/independent-watchdog.py", line 479, in <module>
    main()
  File "/home/ubuntu/.openclaw/workspace/scripts/independent-watchdog.py", line 450, in main
    f"心跳停止 {hb_minutes:.0f if hb_minutes else '?'}分钟，"
               ^^^^^^^^^^^^^^^^^^^^^^^^^^^^^^^^^^^^^^^
ValueError: Invalid format specifier '.0f if hb_minutes else '?'' for object of type 'float'
[2026-02-11 13:33:02] ✅ 进程存活 (PID: 883)
[2026-02-11 13:33:02] 最后心跳: 177.2 分钟前
[2026-02-11 13:33:02] 最后 Session 更新: 4.0 分钟前
[2026-02-11 13:33:02] 最后日志: 0.3 分钟前
Traceback (most recent call last):
  File "/home/ubuntu/.openclaw/workspace/scripts/independent-watchdog.py", line 479, in <module>
    main()
  File "/home/ubuntu/.openclaw/workspace/scripts/independent-watchdog.py", line 450, in main
    f"心跳停止 {hb_minutes:.0f if hb_minutes else '?'}分钟，"
               ^^^^^^^^^^^^^^^^^^^^^^^^^^^^^^^^^^^^^^^
ValueError: Invalid format specifier '.0f if hb_minutes else '?'' for object of type 'float'
[2026-02-11 13:36:01] ✅ 进程存活 (PID: 883)
[2026-02-11 13:36:01] 最后心跳: 180.2 分钟前
[2026-02-11 13:36:01] 最后 Session 更新: 2.0 分钟前
[2026-02-11 13:36:01] 最后日志: 0.3 分钟前
Traceback (most recent call last):
  File "/home/ubuntu/.openclaw/workspace/scripts/independent-watchdog.py", line 479, in <module>
    main()
  File "/home/ubuntu/.openclaw/workspace/scripts/independent-watchdog.py", line 450, in main
    f"心跳停止 {hb_minutes:.0f if hb_minutes else '?'}分钟，"
               ^^^^^^^^^^^^^^^^^^^^^^^^^^^^^^^^^^^^^^^
ValueError: Invalid format specifier '.0f if hb_minutes else '?'' for object of type 'float'
[2026-02-11 13:39:01] ✅ 进程存活 (PID: 883)
[2026-02-11 13:39:01] 最后心跳: 183.2 分钟前
[2026-02-11 13:39:01] 最后 Session 更新: 0.1 分钟前
[2026-02-11 13:39:01] 最后日志: 0.0 分钟前
Traceback (most recent call last):
  File "/home/ubuntu/.openclaw/workspace/scripts/independent-watchdog.py", line 479, in <module>
    main()
  File "/home/ubuntu/.openclaw/workspace/scripts/independent-watchdog.py", line 450, in main
    f"心跳停止 {hb_minutes:.0f if hb_minutes else '?'}分钟，"
               ^^^^^^^^^^^^^^^^^^^^^^^^^^^^^^^^^^^^^^^
ValueError: Invalid format specifier '.0f if hb_minutes else '?'' for object of type 'float'
[2026-02-11 13:42:01] ✅ 进程存活 (PID: 883)
[2026-02-11 13:42:01] 最后心跳: 186.2 分钟前
[2026-02-11 13:42:01] 最后 Session 更新: 3.0 分钟前
[2026-02-11 13:42:01] 最后日志: 0.3 分钟前
Traceback (most recent call last):
  File "/home/ubuntu/.openclaw/workspace/scripts/independent-watchdog.py", line 479, in <module>
    main()
  File "/home/ubuntu/.openclaw/workspace/scripts/independent-watchdog.py", line 450, in main
    f"心跳停止 {hb_minutes:.0f if hb_minutes else '?'}分钟，"
               ^^^^^^^^^^^^^^^^^^^^^^^^^^^^^^^^^^^^^^^
ValueError: Invalid format specifier '.0f if hb_minutes else '?'' for object of type 'float'
[2026-02-11 13:45:01] ✅ 进程存活 (PID: 883)
[2026-02-11 13:45:01] 最后心跳: 189.2 分钟前
[2026-02-11 13:45:01] 最后 Session 更新: 1.0 分钟前
[2026-02-11 13:45:01] 最后日志: 0.3 分钟前
Traceback (most recent call last):
  File "/home/ubuntu/.openclaw/workspace/scripts/independent-watchdog.py", line 479, in <module>
    main()
  File "/home/ubuntu/.openclaw/workspace/scripts/independent-watchdog.py", line 450, in main
    f"心跳停止 {hb_minutes:.0f if hb_minutes else '?'}分钟，"
               ^^^^^^^^^^^^^^^^^^^^^^^^^^^^^^^^^^^^^^^
ValueError: Invalid format specifier '.0f if hb_minutes else '?'' for object of type 'float'
[2026-02-11 13:48:01] ✅ 进程存活 (PID: 883)
[2026-02-11 13:48:01] 最后心跳: 192.2 分钟前
[2026-02-11 13:48:01] 最后 Session 更新: 4.0 分钟前
[2026-02-11 13:48:01] 最后日志: 0.2 分钟前
Traceback (most recent call last):
  File "/home/ubuntu/.openclaw/workspace/scripts/independent-watchdog.py", line 479, in <module>
    main()
  File "/home/ubuntu/.openclaw/workspace/scripts/independent-watchdog.py", line 450, in main
    f"心跳停止 {hb_minutes:.0f if hb_minutes else '?'}分钟，"
               ^^^^^^^^^^^^^^^^^^^^^^^^^^^^^^^^^^^^^^^
ValueError: Invalid format specifier '.0f if hb_minutes else '?'' for object of type 'float'
[2026-02-11 13:51:02] ✅ 进程存活 (PID: 883)
[2026-02-11 13:51:02] 最后心跳: 195.2 分钟前
[2026-02-11 13:51:02] 最后 Session 更新: 2.0 分钟前
[2026-02-11 13:51:02] 最后日志: 0.3 分钟前
Traceback (most recent call last):
  File "/home/ubuntu/.openclaw/workspace/scripts/independent-watchdog.py", line 479, in <module>
    main()
  File "/home/ubuntu/.openclaw/workspace/scripts/independent-watchdog.py", line 450, in main
    f"心跳停止 {hb_minutes:.0f if hb_minutes else '?'}分钟，"
               ^^^^^^^^^^^^^^^^^^^^^^^^^^^^^^^^^^^^^^^
ValueError: Invalid format specifier '.0f if hb_minutes else '?'' for object of type 'float'
[2026-02-11 13:54:01] ✅ 进程存活 (PID: 883)
[2026-02-11 13:54:01] 最后心跳: 198.2 分钟前
[2026-02-11 13:54:01] 最后 Session 更新: 0.1 分钟前
[2026-02-11 13:54:01] 最后日志: 0.0 分钟前
Traceback (most recent call last):
  File "/home/ubuntu/.openclaw/workspace/scripts/independent-watchdog.py", line 479, in <module>
    main()
  File "/home/ubuntu/.openclaw/workspace/scripts/independent-watchdog.py", line 450, in main
    f"心跳停止 {hb_minutes:.0f if hb_minutes else '?'}分钟，"
               ^^^^^^^^^^^^^^^^^^^^^^^^^^^^^^^^^^^^^^^
ValueError: Invalid format specifier '.0f if hb_minutes else '?'' for object of type 'float'
[2026-02-11 13:57:01] ✅ 进程存活 (PID: 883)
[2026-02-11 13:57:01] 最后心跳: 201.2 分钟前
[2026-02-11 13:57:01] 最后 Session 更新: 3.0 分钟前
[2026-02-11 13:57:01] 最后日志: 0.3 分钟前
Traceback (most recent call last):
  File "/home/ubuntu/.openclaw/workspace/scripts/independent-watchdog.py", line 479, in <module>
    main()
  File "/home/ubuntu/.openclaw/workspace/scripts/independent-watchdog.py", line 450, in main
    f"心跳停止 {hb_minutes:.0f if hb_minutes else '?'}分钟，"
               ^^^^^^^^^^^^^^^^^^^^^^^^^^^^^^^^^^^^^^^
ValueError: Invalid format specifier '.0f if hb_minutes else '?'' for object of type 'float'
[2026-02-11 14:00:01] ✅ 进程存活 (PID: 883)
[2026-02-11 14:00:01] 最后心跳: 204.2 分钟前
[2026-02-11 14:00:01] 最后 Session 更新: 1.0 分钟前
[2026-02-11 14:00:01] 最后日志: 0.3 分钟前
Traceback (most recent call last):
  File "/home/ubuntu/.openclaw/workspace/scripts/independent-watchdog.py", line 479, in <module>
    main()
  File "/home/ubuntu/.openclaw/workspace/scripts/independent-watchdog.py", line 450, in main
    f"心跳停止 {hb_minutes:.0f if hb_minutes else '?'}分钟，"
               ^^^^^^^^^^^^^^^^^^^^^^^^^^^^^^^^^^^^^^^
ValueError: Invalid format specifier '.0f if hb_minutes else '?'' for object of type 'float'
[2026-02-11 14:03:01] ✅ 进程存活 (PID: 883)
[2026-02-11 14:03:01] 最后心跳: 207.2 分钟前
[2026-02-11 14:03:01] 最后 Session 更新: 4.0 分钟前
[2026-02-11 14:03:01] 最后日志: 0.3 分钟前
Traceback (most recent call last):
  File "/home/ubuntu/.openclaw/workspace/scripts/independent-watchdog.py", line 479, in <module>
    main()
  File "/home/ubuntu/.openclaw/workspace/scripts/independent-watchdog.py", line 450, in main
    f"心跳停止 {hb_minutes:.0f if hb_minutes else '?'}分钟，"
               ^^^^^^^^^^^^^^^^^^^^^^^^^^^^^^^^^^^^^^^
ValueError: Invalid format specifier '.0f if hb_minutes else '?'' for object of type 'float'
[2026-02-11 14:06:01] ✅ 进程存活 (PID: 883)
[2026-02-11 14:06:01] 最后心跳: 210.2 分钟前
[2026-02-11 14:06:01] 最后 Session 更新: 2.0 分钟前
[2026-02-11 14:06:01] 最后日志: 0.1 分钟前
Traceback (most recent call last):
  File "/home/ubuntu/.openclaw/workspace/scripts/independent-watchdog.py", line 479, in <module>
    main()
  File "/home/ubuntu/.openclaw/workspace/scripts/independent-watchdog.py", line 450, in main
    f"心跳停止 {hb_minutes:.0f if hb_minutes else '?'}分钟，"
               ^^^^^^^^^^^^^^^^^^^^^^^^^^^^^^^^^^^^^^^
ValueError: Invalid format specifier '.0f if hb_minutes else '?'' for object of type 'float'
[2026-02-11 14:09:01] ✅ 进程存活 (PID: 883)
[2026-02-11 14:09:01] 最后心跳: 213.2 分钟前
[2026-02-11 14:09:01] 最后 Session 更新: 0.0 分钟前
[2026-02-11 14:09:01] 最后日志: 0.0 分钟前
Traceback (most recent call last):
  File "/home/ubuntu/.openclaw/workspace/scripts/independent-watchdog.py", line 479, in <module>
    main()
  File "/home/ubuntu/.openclaw/workspace/scripts/independent-watchdog.py", line 450, in main
    f"心跳停止 {hb_minutes:.0f if hb_minutes else '?'}分钟，"
               ^^^^^^^^^^^^^^^^^^^^^^^^^^^^^^^^^^^^^^^
ValueError: Invalid format specifier '.0f if hb_minutes else '?'' for object of type 'float'
[2026-02-11 14:12:02] ✅ 进程存活 (PID: 883)
[2026-02-11 14:12:02] 最后心跳: 216.2 分钟前
[2026-02-11 14:12:02] 最后 Session 更新: 3.0 分钟前
[2026-02-11 14:12:02] 最后日志: 0.3 分钟前
Traceback (most recent call last):
  File "/home/ubuntu/.openclaw/workspace/scripts/independent-watchdog.py", line 479, in <module>
    main()
  File "/home/ubuntu/.openclaw/workspace/scripts/independent-watchdog.py", line 450, in main
    f"心跳停止 {hb_minutes:.0f if hb_minutes else '?'}分钟，"
               ^^^^^^^^^^^^^^^^^^^^^^^^^^^^^^^^^^^^^^^
ValueError: Invalid format specifier '.0f if hb_minutes else '?'' for object of type 'float'
[2026-02-11 14:15:01] ✅ 进程存活 (PID: 883)
[2026-02-11 14:15:01] 最后心跳: 219.2 分钟前
[2026-02-11 14:15:01] 最后 Session 更新: 1.0 分钟前
[2026-02-11 14:15:01] 最后日志: 0.3 分钟前
Traceback (most recent call last):
  File "/home/ubuntu/.openclaw/workspace/scripts/independent-watchdog.py", line 479, in <module>
    main()
  File "/home/ubuntu/.openclaw/workspace/scripts/independent-watchdog.py", line 450, in main
    f"心跳停止 {hb_minutes:.0f if hb_minutes else '?'}分钟，"
               ^^^^^^^^^^^^^^^^^^^^^^^^^^^^^^^^^^^^^^^
ValueError: Invalid format specifier '.0f if hb_minutes else '?'' for object of type 'float'
[2026-02-11 14:18:01] ✅ 进程存活 (PID: 883)
[2026-02-11 14:18:01] 最后心跳: 222.2 分钟前
[2026-02-11 14:18:01] 最后 Session 更新: 4.0 分钟前
[2026-02-11 14:18:01] 最后日志: 0.3 分钟前
Traceback (most recent call last):
  File "/home/ubuntu/.openclaw/workspace/scripts/independent-watchdog.py", line 479, in <module>
    main()
  File "/home/ubuntu/.openclaw/workspace/scripts/independent-watchdog.py", line 450, in main
    f"心跳停止 {hb_minutes:.0f if hb_minutes else '?'}分钟，"
               ^^^^^^^^^^^^^^^^^^^^^^^^^^^^^^^^^^^^^^^
ValueError: Invalid format specifier '.0f if hb_minutes else '?'' for object of type 'float'
[2026-02-11 14:21:01] ✅ 进程存活 (PID: 883)
[2026-02-11 14:21:01] 最后心跳: 225.2 分钟前
[2026-02-11 14:21:01] 最后 Session 更新: 2.0 分钟前
[2026-02-11 14:21:01] 最后日志: 0.3 分钟前
Traceback (most recent call last):
  File "/home/ubuntu/.openclaw/workspace/scripts/independent-watchdog.py", line 479, in <module>
    main()
  File "/home/ubuntu/.openclaw/workspace/scripts/independent-watchdog.py", line 450, in main
    f"心跳停止 {hb_minutes:.0f if hb_minutes else '?'}分钟，"
               ^^^^^^^^^^^^^^^^^^^^^^^^^^^^^^^^^^^^^^^
ValueError: Invalid format specifier '.0f if hb_minutes else '?'' for object of type 'float'
[2026-02-11 14:24:01] ✅ 进程存活 (PID: 883)
[2026-02-11 14:24:01] 最后心跳: 228.2 分钟前
[2026-02-11 14:24:01] 最后 Session 更新: 0.2 分钟前
[2026-02-11 14:24:01] 最后日志: 0.0 分钟前
Traceback (most recent call last):
  File "/home/ubuntu/.openclaw/workspace/scripts/independent-watchdog.py", line 479, in <module>
    main()
  File "/home/ubuntu/.openclaw/workspace/scripts/independent-watchdog.py", line 450, in main
    f"心跳停止 {hb_minutes:.0f if hb_minutes else '?'}分钟，"
               ^^^^^^^^^^^^^^^^^^^^^^^^^^^^^^^^^^^^^^^
ValueError: Invalid format specifier '.0f if hb_minutes else '?'' for object of type 'float'
[2026-02-11 14:27:01] ✅ 进程存活 (PID: 883)
[2026-02-11 14:27:01] 最后心跳: 231.2 分钟前
[2026-02-11 14:27:01] 最后 Session 更新: 3.0 分钟前
[2026-02-11 14:27:01] 最后日志: 0.3 分钟前
Traceback (most recent call last):
  File "/home/ubuntu/.openclaw/workspace/scripts/independent-watchdog.py", line 479, in <module>
    main()
  File "/home/ubuntu/.openclaw/workspace/scripts/independent-watchdog.py", line 450, in main
    f"心跳停止 {hb_minutes:.0f if hb_minutes else '?'}分钟，"
               ^^^^^^^^^^^^^^^^^^^^^^^^^^^^^^^^^^^^^^^
ValueError: Invalid format specifier '.0f if hb_minutes else '?'' for object of type 'float'
[2026-02-11 14:30:02] ✅ 进程存活 (PID: 883)
[2026-02-11 14:30:02] 最后心跳: 234.2 分钟前
[2026-02-11 14:30:02] 最后 Session 更新: 1.0 分钟前
[2026-02-11 14:30:02] 最后日志: 0.3 分钟前
Traceback (most recent call last):
  File "/home/ubuntu/.openclaw/workspace/scripts/independent-watchdog.py", line 479, in <module>
    main()
  File "/home/ubuntu/.openclaw/workspace/scripts/independent-watchdog.py", line 450, in main
    f"心跳停止 {hb_minutes:.0f if hb_minutes else '?'}分钟，"
               ^^^^^^^^^^^^^^^^^^^^^^^^^^^^^^^^^^^^^^^
ValueError: Invalid format specifier '.0f if hb_minutes else '?'' for object of type 'float'
[2026-02-11 14:33:01] ✅ 进程存活 (PID: 883)
[2026-02-11 14:33:01] 最后心跳: 237.2 分钟前
[2026-02-11 14:33:01] 最后 Session 更新: 4.0 分钟前
[2026-02-11 14:33:01] 最后日志: 0.3 分钟前
Traceback (most recent call last):
  File "/home/ubuntu/.openclaw/workspace/scripts/independent-watchdog.py", line 479, in <module>
    main()
  File "/home/ubuntu/.openclaw/workspace/scripts/independent-watchdog.py", line 450, in main
    f"心跳停止 {hb_minutes:.0f if hb_minutes else '?'}分钟，"
               ^^^^^^^^^^^^^^^^^^^^^^^^^^^^^^^^^^^^^^^
ValueError: Invalid format specifier '.0f if hb_minutes else '?'' for object of type 'float'
[2026-02-11 14:36:01] ✅ 进程存活 (PID: 883)
[2026-02-11 14:36:01] 最后心跳: 240.2 分钟前
[2026-02-11 14:36:01] 最后 Session 更新: 2.0 分钟前
[2026-02-11 14:36:01] 最后日志: 0.3 分钟前
Traceback (most recent call last):
  File "/home/ubuntu/.openclaw/workspace/scripts/independent-watchdog.py", line 479, in <module>
    main()
  File "/home/ubuntu/.openclaw/workspace/scripts/independent-watchdog.py", line 450, in main
    f"心跳停止 {hb_minutes:.0f if hb_minutes else '?'}分钟，"
               ^^^^^^^^^^^^^^^^^^^^^^^^^^^^^^^^^^^^^^^
ValueError: Invalid format specifier '.0f if hb_minutes else '?'' for object of type 'float'
[2026-02-11 14:39:01] ✅ 进程存活 (PID: 883)
[2026-02-11 14:39:01] 最后心跳: 243.2 分钟前
[2026-02-11 14:39:01] 最后 Session 更新: 0.2 分钟前
[2026-02-11 14:39:01] 最后日志: 0.0 分钟前
Traceback (most recent call last):
  File "/home/ubuntu/.openclaw/workspace/scripts/independent-watchdog.py", line 479, in <module>
    main()
  File "/home/ubuntu/.openclaw/workspace/scripts/independent-watchdog.py", line 450, in main
    f"心跳停止 {hb_minutes:.0f if hb_minutes else '?'}分钟，"
               ^^^^^^^^^^^^^^^^^^^^^^^^^^^^^^^^^^^^^^^
ValueError: Invalid format specifier '.0f if hb_minutes else '?'' for object of type 'float'
[2026-02-11 14:42:01] ✅ 进程存活 (PID: 883)
[2026-02-11 14:42:01] 最后心跳: 246.2 分钟前
[2026-02-11 14:42:01] 最后 Session 更新: 3.0 分钟前
[2026-02-11 14:42:01] 最后日志: 0.3 分钟前
Traceback (most recent call last):
  File "/home/ubuntu/.openclaw/workspace/scripts/independent-watchdog.py", line 479, in <module>
    main()
  File "/home/ubuntu/.openclaw/workspace/scripts/independent-watchdog.py", line 450, in main
    f"心跳停止 {hb_minutes:.0f if hb_minutes else '?'}分钟，"
               ^^^^^^^^^^^^^^^^^^^^^^^^^^^^^^^^^^^^^^^
ValueError: Invalid format specifier '.0f if hb_minutes else '?'' for object of type 'float'
[2026-02-11 14:45:01] ✅ 进程存活 (PID: 883)
[2026-02-11 14:45:01] 最后心跳: 249.2 分钟前
[2026-02-11 14:45:01] 最后 Session 更新: 1.0 分钟前
[2026-02-11 14:45:01] 最后日志: 0.3 分钟前
Traceback (most recent call last):
  File "/home/ubuntu/.openclaw/workspace/scripts/independent-watchdog.py", line 479, in <module>
    main()
  File "/home/ubuntu/.openclaw/workspace/scripts/independent-watchdog.py", line 450, in main
    f"心跳停止 {hb_minutes:.0f if hb_minutes else '?'}分钟，"
               ^^^^^^^^^^^^^^^^^^^^^^^^^^^^^^^^^^^^^^^
ValueError: Invalid format specifier '.0f if hb_minutes else '?'' for object of type 'float'
[2026-02-11 14:48:02] ✅ 进程存活 (PID: 883)
[2026-02-11 14:48:02] 最后心跳: 252.2 分钟前
[2026-02-11 14:48:02] 最后 Session 更新: 4.0 分钟前
[2026-02-11 14:48:02] 最后日志: 0.3 分钟前
Traceback (most recent call last):
  File "/home/ubuntu/.openclaw/workspace/scripts/independent-watchdog.py", line 479, in <module>
    main()
  File "/home/ubuntu/.openclaw/workspace/scripts/independent-watchdog.py", line 450, in main
    f"心跳停止 {hb_minutes:.0f if hb_minutes else '?'}分钟，"
               ^^^^^^^^^^^^^^^^^^^^^^^^^^^^^^^^^^^^^^^
ValueError: Invalid format specifier '.0f if hb_minutes else '?'' for object of type 'float'
[2026-02-11 14:51:01] ✅ 进程存活 (PID: 883)
[2026-02-11 14:51:01] 最后心跳: 255.2 分钟前
[2026-02-11 14:51:01] 最后 Session 更新: 2.0 分钟前
[2026-02-11 14:51:01] 最后日志: 0.3 分钟前
Traceback (most recent call last):
  File "/home/ubuntu/.openclaw/workspace/scripts/independent-watchdog.py", line 479, in <module>
    main()
  File "/home/ubuntu/.openclaw/workspace/scripts/independent-watchdog.py", line 450, in main
    f"心跳停止 {hb_minutes:.0f if hb_minutes else '?'}分钟，"
               ^^^^^^^^^^^^^^^^^^^^^^^^^^^^^^^^^^^^^^^
ValueError: Invalid format specifier '.0f if hb_minutes else '?'' for object of type 'float'
[2026-02-11 14:54:01] ✅ 进程存活 (PID: 883)
[2026-02-11 14:54:01] 最后心跳: 258.2 分钟前
[2026-02-11 14:54:01] 最后 Session 更新: 0.2 分钟前
[2026-02-11 14:54:01] 最后日志: 0.0 分钟前
Traceback (most recent call last):
  File "/home/ubuntu/.openclaw/workspace/scripts/independent-watchdog.py", line 479, in <module>
    main()
  File "/home/ubuntu/.openclaw/workspace/scripts/independent-watchdog.py", line 450, in main
    f"心跳停止 {hb_minutes:.0f if hb_minutes else '?'}分钟，"
               ^^^^^^^^^^^^^^^^^^^^^^^^^^^^^^^^^^^^^^^
ValueError: Invalid format specifier '.0f if hb_minutes else '?'' for object of type 'float'
[2026-02-11 14:57:01] ✅ 进程存活 (PID: 883)
[2026-02-11 14:57:01] 最后心跳: 261.2 分钟前
[2026-02-11 14:57:01] 最后 Session 更新: 3.0 分钟前
[2026-02-11 14:57:01] 最后日志: 0.3 分钟前
Traceback (most recent call last):
  File "/home/ubuntu/.openclaw/workspace/scripts/independent-watchdog.py", line 479, in <module>
    main()
  File "/home/ubuntu/.openclaw/workspace/scripts/independent-watchdog.py", line 450, in main
    f"心跳停止 {hb_minutes:.0f if hb_minutes else '?'}分钟，"
               ^^^^^^^^^^^^^^^^^^^^^^^^^^^^^^^^^^^^^^^
ValueError: Invalid format specifier '.0f if hb_minutes else '?'' for object of type 'float'
[2026-02-11 15:00:01] ✅ 进程存活 (PID: 883)
[2026-02-11 15:00:01] 最后心跳: 264.2 分钟前
[2026-02-11 15:00:01] 最后 Session 更新: 1.0 分钟前
[2026-02-11 15:00:01] 最后日志: 0.3 分钟前
Traceback (most recent call last):
  File "/home/ubuntu/.openclaw/workspace/scripts/independent-watchdog.py", line 479, in <module>
    main()
  File "/home/ubuntu/.openclaw/workspace/scripts/independent-watchdog.py", line 450, in main
    f"心跳停止 {hb_minutes:.0f if hb_minutes else '?'}分钟，"
               ^^^^^^^^^^^^^^^^^^^^^^^^^^^^^^^^^^^^^^^
ValueError: Invalid format specifier '.0f if hb_minutes else '?'' for object of type 'float'
[2026-02-11 15:03:01] ✅ 进程存活 (PID: 883)
[2026-02-11 15:03:01] 最后心跳: 267.2 分钟前
[2026-02-11 15:03:01] 最后 Session 更新: 4.0 分钟前
[2026-02-11 15:03:01] 最后日志: 0.3 分钟前
Traceback (most recent call last):
  File "/home/ubuntu/.openclaw/workspace/scripts/independent-watchdog.py", line 479, in <module>
    main()
  File "/home/ubuntu/.openclaw/workspace/scripts/independent-watchdog.py", line 450, in main
    f"心跳停止 {hb_minutes:.0f if hb_minutes else '?'}分钟，"
               ^^^^^^^^^^^^^^^^^^^^^^^^^^^^^^^^^^^^^^^
ValueError: Invalid format specifier '.0f if hb_minutes else '?'' for object of type 'float'
[2026-02-11 15:06:01] ✅ 进程存活 (PID: 883)
[2026-02-11 15:06:01] 最后心跳: 270.2 分钟前
[2026-02-11 15:06:01] 最后 Session 更新: 2.0 分钟前
[2026-02-11 15:06:01] 最后日志: 0.3 分钟前
Traceback (most recent call last):
  File "/home/ubuntu/.openclaw/workspace/scripts/independent-watchdog.py", line 479, in <module>
    main()
  File "/home/ubuntu/.openclaw/workspace/scripts/independent-watchdog.py", line 450, in main
    f"心跳停止 {hb_minutes:.0f if hb_minutes else '?'}分钟，"
               ^^^^^^^^^^^^^^^^^^^^^^^^^^^^^^^^^^^^^^^
ValueError: Invalid format specifier '.0f if hb_minutes else '?'' for object of type 'float'
[2026-02-11 15:09:01] ✅ 进程存活 (PID: 883)
[2026-02-11 15:09:01] 最后心跳: 273.2 分钟前
[2026-02-11 15:09:01] 最后 Session 更新: 0.1 分钟前
[2026-02-11 15:09:01] 最后日志: 0.0 分钟前
Traceback (most recent call last):
  File "/home/ubuntu/.openclaw/workspace/scripts/independent-watchdog.py", line 479, in <module>
    main()
  File "/home/ubuntu/.openclaw/workspace/scripts/independent-watchdog.py", line 450, in main
    f"心跳停止 {hb_minutes:.0f if hb_minutes else '?'}分钟，"
               ^^^^^^^^^^^^^^^^^^^^^^^^^^^^^^^^^^^^^^^
ValueError: Invalid format specifier '.0f if hb_minutes else '?'' for object of type 'float'
[2026-02-11 15:12:01] ✅ 进程存活 (PID: 883)
[2026-02-11 15:12:01] 最后心跳: 276.2 分钟前
[2026-02-11 15:12:01] 最后 Session 更新: 3.0 分钟前
[2026-02-11 15:12:01] 最后日志: 0.3 分钟前
Traceback (most recent call last):
  File "/home/ubuntu/.openclaw/workspace/scripts/independent-watchdog.py", line 479, in <module>
    main()
  File "/home/ubuntu/.openclaw/workspace/scripts/independent-watchdog.py", line 450, in main
    f"心跳停止 {hb_minutes:.0f if hb_minutes else '?'}分钟，"
               ^^^^^^^^^^^^^^^^^^^^^^^^^^^^^^^^^^^^^^^
ValueError: Invalid format specifier '.0f if hb_minutes else '?'' for object of type 'float'
[2026-02-11 15:15:02] ✅ 进程存活 (PID: 883)
[2026-02-11 15:15:02] 最后心跳: 279.2 分钟前
[2026-02-11 15:15:02] 最后 Session 更新: 1.0 分钟前
[2026-02-11 15:15:02] 最后日志: 0.3 分钟前
Traceback (most recent call last):
  File "/home/ubuntu/.openclaw/workspace/scripts/independent-watchdog.py", line 479, in <module>
    main()
  File "/home/ubuntu/.openclaw/workspace/scripts/independent-watchdog.py", line 450, in main
    f"心跳停止 {hb_minutes:.0f if hb_minutes else '?'}分钟，"
               ^^^^^^^^^^^^^^^^^^^^^^^^^^^^^^^^^^^^^^^
ValueError: Invalid format specifier '.0f if hb_minutes else '?'' for object of type 'float'
[2026-02-11 15:18:01] ✅ 进程存活 (PID: 883)
[2026-02-11 15:18:01] 最后心跳: 282.2 分钟前
[2026-02-11 15:18:01] 最后 Session 更新: 4.0 分钟前
[2026-02-11 15:18:01] 最后日志: 0.3 分钟前
Traceback (most recent call last):
  File "/home/ubuntu/.openclaw/workspace/scripts/independent-watchdog.py", line 479, in <module>
    main()
  File "/home/ubuntu/.openclaw/workspace/scripts/independent-watchdog.py", line 450, in main
    f"心跳停止 {hb_minutes:.0f if hb_minutes else '?'}分钟，"
               ^^^^^^^^^^^^^^^^^^^^^^^^^^^^^^^^^^^^^^^
ValueError: Invalid format specifier '.0f if hb_minutes else '?'' for object of type 'float'
[2026-02-11 15:21:01] ✅ 进程存活 (PID: 883)
[2026-02-11 15:21:01] 最后心跳: 285.2 分钟前
[2026-02-11 15:21:01] 最后 Session 更新: 2.0 分钟前
[2026-02-11 15:21:01] 最后日志: 0.3 分钟前
Traceback (most recent call last):
  File "/home/ubuntu/.openclaw/workspace/scripts/independent-watchdog.py", line 479, in <module>
    main()
  File "/home/ubuntu/.openclaw/workspace/scripts/independent-watchdog.py", line 450, in main
    f"心跳停止 {hb_minutes:.0f if hb_minutes else '?'}分钟，"
               ^^^^^^^^^^^^^^^^^^^^^^^^^^^^^^^^^^^^^^^
ValueError: Invalid format specifier '.0f if hb_minutes else '?'' for object of type 'float'
[2026-02-11 15:24:01] ✅ 进程存活 (PID: 883)
[2026-02-11 15:24:01] 最后心跳: 288.2 分钟前
[2026-02-11 15:24:01] 最后 Session 更新: 0.2 分钟前
[2026-02-11 15:24:01] 最后日志: 0.0 分钟前
Traceback (most recent call last):
  File "/home/ubuntu/.openclaw/workspace/scripts/independent-watchdog.py", line 479, in <module>
    main()
  File "/home/ubuntu/.openclaw/workspace/scripts/independent-watchdog.py", line 450, in main
    f"心跳停止 {hb_minutes:.0f if hb_minutes else '?'}分钟，"
               ^^^^^^^^^^^^^^^^^^^^^^^^^^^^^^^^^^^^^^^
ValueError: Invalid format specifier '.0f if hb_minutes else '?'' for object of type 'float'
[2026-02-11 15:27:01] ✅ 进程存活 (PID: 883)
[2026-02-11 15:27:01] 最后心跳: 291.2 分钟前
[2026-02-11 15:27:01] 最后 Session 更新: 3.0 分钟前
[2026-02-11 15:27:01] 最后日志: 0.3 分钟前
Traceback (most recent call last):
  File "/home/ubuntu/.openclaw/workspace/scripts/independent-watchdog.py", line 479, in <module>
    main()
  File "/home/ubuntu/.openclaw/workspace/scripts/independent-watchdog.py", line 450, in main
    f"心跳停止 {hb_minutes:.0f if hb_minutes else '?'}分钟，"
               ^^^^^^^^^^^^^^^^^^^^^^^^^^^^^^^^^^^^^^^
ValueError: Invalid format specifier '.0f if hb_minutes else '?'' for object of type 'float'
[2026-02-11 15:30:01] ✅ 进程存活 (PID: 883)
[2026-02-11 15:30:01] 最后心跳: 294.2 分钟前
[2026-02-11 15:30:01] 最后 Session 更新: 1.0 分钟前
[2026-02-11 15:30:01] 最后日志: 0.3 分钟前
Traceback (most recent call last):
  File "/home/ubuntu/.openclaw/workspace/scripts/independent-watchdog.py", line 479, in <module>
    main()
  File "/home/ubuntu/.openclaw/workspace/scripts/independent-watchdog.py", line 450, in main
    f"心跳停止 {hb_minutes:.0f if hb_minutes else '?'}分钟，"
               ^^^^^^^^^^^^^^^^^^^^^^^^^^^^^^^^^^^^^^^
ValueError: Invalid format specifier '.0f if hb_minutes else '?'' for object of type 'float'
[2026-02-11 15:33:02] ✅ 进程存活 (PID: 883)
[2026-02-11 15:33:02] 最后心跳: 297.2 分钟前
[2026-02-11 15:33:02] 最后 Session 更新: 4.0 分钟前
[2026-02-11 15:33:02] 最后日志: 0.3 分钟前
Traceback (most recent call last):
  File "/home/ubuntu/.openclaw/workspace/scripts/independent-watchdog.py", line 479, in <module>
    main()
  File "/home/ubuntu/.openclaw/workspace/scripts/independent-watchdog.py", line 450, in main
    f"心跳停止 {hb_minutes:.0f if hb_minutes else '?'}分钟，"
               ^^^^^^^^^^^^^^^^^^^^^^^^^^^^^^^^^^^^^^^
ValueError: Invalid format specifier '.0f if hb_minutes else '?'' for object of type 'float'
[2026-02-11 15:36:01] ✅ 进程存活 (PID: 883)
[2026-02-11 15:36:01] 最后心跳: 300.2 分钟前
[2026-02-11 15:36:01] 最后 Session 更新: 2.0 分钟前
[2026-02-11 15:36:01] 最后日志: 0.3 分钟前
Traceback (most recent call last):
  File "/home/ubuntu/.openclaw/workspace/scripts/independent-watchdog.py", line 479, in <module>
    main()
  File "/home/ubuntu/.openclaw/workspace/scripts/independent-watchdog.py", line 450, in main
    f"心跳停止 {hb_minutes:.0f if hb_minutes else '?'}分钟，"
               ^^^^^^^^^^^^^^^^^^^^^^^^^^^^^^^^^^^^^^^
ValueError: Invalid format specifier '.0f if hb_minutes else '?'' for object of type 'float'
[2026-02-11 15:39:01] ✅ 进程存活 (PID: 883)
[2026-02-11 15:39:01] 最后心跳: 303.2 分钟前
[2026-02-11 15:39:01] 最后 Session 更新: 0.2 分钟前
[2026-02-11 15:39:01] 最后日志: 0.0 分钟前
Traceback (most recent call last):
  File "/home/ubuntu/.openclaw/workspace/scripts/independent-watchdog.py", line 479, in <module>
    main()
  File "/home/ubuntu/.openclaw/workspace/scripts/independent-watchdog.py", line 450, in main
    f"心跳停止 {hb_minutes:.0f if hb_minutes else '?'}分钟，"
               ^^^^^^^^^^^^^^^^^^^^^^^^^^^^^^^^^^^^^^^
ValueError: Invalid format specifier '.0f if hb_minutes else '?'' for object of type 'float'
[2026-02-11 15:42:01] ✅ 进程存活 (PID: 883)
[2026-02-11 15:42:01] 最后心跳: 306.2 分钟前
[2026-02-11 15:42:01] 最后 Session 更新: 3.0 分钟前
[2026-02-11 15:42:01] 最后日志: 0.3 分钟前
Traceback (most recent call last):
  File "/home/ubuntu/.openclaw/workspace/scripts/independent-watchdog.py", line 479, in <module>
    main()
  File "/home/ubuntu/.openclaw/workspace/scripts/independent-watchdog.py", line 450, in main
    f"心跳停止 {hb_minutes:.0f if hb_minutes else '?'}分钟，"
               ^^^^^^^^^^^^^^^^^^^^^^^^^^^^^^^^^^^^^^^
ValueError: Invalid format specifier '.0f if hb_minutes else '?'' for object of type 'float'
[2026-02-11 15:45:01] ✅ 进程存活 (PID: 883)
[2026-02-11 15:45:01] 最后心跳: 309.2 分钟前
[2026-02-11 15:45:01] 最后 Session 更新: 1.0 分钟前
[2026-02-11 15:45:01] 最后日志: 0.3 分钟前
Traceback (most recent call last):
  File "/home/ubuntu/.openclaw/workspace/scripts/independent-watchdog.py", line 479, in <module>
    main()
  File "/home/ubuntu/.openclaw/workspace/scripts/independent-watchdog.py", line 450, in main
    f"心跳停止 {hb_minutes:.0f if hb_minutes else '?'}分钟，"
               ^^^^^^^^^^^^^^^^^^^^^^^^^^^^^^^^^^^^^^^
ValueError: Invalid format specifier '.0f if hb_minutes else '?'' for object of type 'float'
[2026-02-11 15:48:01] ✅ 进程存活 (PID: 883)
[2026-02-11 15:48:01] 最后心跳: 312.2 分钟前
[2026-02-11 15:48:01] 最后 Session 更新: 4.0 分钟前
[2026-02-11 15:48:01] 最后日志: 0.3 分钟前
Traceback (most recent call last):
  File "/home/ubuntu/.openclaw/workspace/scripts/independent-watchdog.py", line 479, in <module>
    main()
  File "/home/ubuntu/.openclaw/workspace/scripts/independent-watchdog.py", line 450, in main
    f"心跳停止 {hb_minutes:.0f if hb_minutes else '?'}分钟，"
               ^^^^^^^^^^^^^^^^^^^^^^^^^^^^^^^^^^^^^^^
ValueError: Invalid format specifier '.0f if hb_minutes else '?'' for object of type 'float'
[2026-02-11 15:51:01] ✅ 进程存活 (PID: 883)
[2026-02-11 15:51:01] 最后心跳: 315.2 分钟前
[2026-02-11 15:51:01] 最后 Session 更新: 2.0 分钟前
[2026-02-11 15:51:01] 最后日志: 0.1 分钟前
Traceback (most recent call last):
  File "/home/ubuntu/.openclaw/workspace/scripts/independent-watchdog.py", line 479, in <module>
    main()
  File "/home/ubuntu/.openclaw/workspace/scripts/independent-watchdog.py", line 450, in main
    f"心跳停止 {hb_minutes:.0f if hb_minutes else '?'}分钟，"
               ^^^^^^^^^^^^^^^^^^^^^^^^^^^^^^^^^^^^^^^
ValueError: Invalid format specifier '.0f if hb_minutes else '?'' for object of type 'float'
[2026-02-11 15:54:01] ✅ 进程存活 (PID: 883)
[2026-02-11 15:54:01] 最后心跳: 318.2 分钟前
[2026-02-11 15:54:01] 最后 Session 更新: 0.1 分钟前
[2026-02-11 15:54:01] 最后日志: 0.0 分钟前
Traceback (most recent call last):
  File "/home/ubuntu/.openclaw/workspace/scripts/independent-watchdog.py", line 479, in <module>
    main()
  File "/home/ubuntu/.openclaw/workspace/scripts/independent-watchdog.py", line 450, in main
    f"心跳停止 {hb_minutes:.0f if hb_minutes else '?'}分钟，"
               ^^^^^^^^^^^^^^^^^^^^^^^^^^^^^^^^^^^^^^^
ValueError: Invalid format specifier '.0f if hb_minutes else '?'' for object of type 'float'
[2026-02-11 15:57:01] ✅ 进程存活 (PID: 883)
[2026-02-11 15:57:01] 最后心跳: 321.2 分钟前
[2026-02-11 15:57:01] 最后 Session 更新: 3.0 分钟前
[2026-02-11 15:57:01] 最后日志: 0.3 分钟前
Traceback (most recent call last):
  File "/home/ubuntu/.openclaw/workspace/scripts/independent-watchdog.py", line 479, in <module>
    main()
  File "/home/ubuntu/.openclaw/workspace/scripts/independent-watchdog.py", line 450, in main
    f"心跳停止 {hb_minutes:.0f if hb_minutes else '?'}分钟，"
               ^^^^^^^^^^^^^^^^^^^^^^^^^^^^^^^^^^^^^^^
ValueError: Invalid format specifier '.0f if hb_minutes else '?'' for object of type 'float'
[2026-02-11 16:00:01] ✅ 进程存活 (PID: 883)
[2026-02-11 16:00:01] 最后心跳: 324.2 分钟前
[2026-02-11 16:00:01] 最后 Session 更新: 1.0 分钟前
[2026-02-11 16:00:01] 最后日志: 0.3 分钟前
Traceback (most recent call last):
  File "/home/ubuntu/.openclaw/workspace/scripts/independent-watchdog.py", line 479, in <module>
    main()
  File "/home/ubuntu/.openclaw/workspace/scripts/independent-watchdog.py", line 450, in main
    f"心跳停止 {hb_minutes:.0f if hb_minutes else '?'}分钟，"
               ^^^^^^^^^^^^^^^^^^^^^^^^^^^^^^^^^^^^^^^
ValueError: Invalid format specifier '.0f if hb_minutes else '?'' for object of type 'float'
[2026-02-11 16:03:01] ✅ 进程存活 (PID: 9307)
[2026-02-11 16:03:01] 最后心跳: 1.4 分钟前
[2026-02-11 16:03:01] 最后 Session 更新: 0.0 分钟前
[2026-02-11 16:03:01] 最后日志: 0.0 分钟前
[2026-02-11 16:03:01] ✅ 系统正常
[2026-02-11 16:06:01] ✅ 进程存活 (PID: 9307)
[2026-02-11 16:06:01] 最后心跳: 4.4 分钟前
[2026-02-11 16:06:01] 最后 Session 更新: 0.0 分钟前
[2026-02-11 16:06:01] 最后日志: 0.0 分钟前
[2026-02-11 16:06:01] ✅ 系统正常
[2026-02-11 16:09:01] ✅ 进程存活 (PID: 9307)
[2026-02-11 16:09:01] 最后心跳: 7.4 分钟前
[2026-02-11 16:09:01] 最后 Session 更新: 0.0 分钟前
[2026-02-11 16:09:01] 最后日志: 0.0 分钟前
[2026-02-11 16:09:01] ✅ 系统正常
[2026-02-11 16:12:01] ✅ 进程存活 (PID: 9307)
[2026-02-11 16:12:01] 最后心跳: 1.9 分钟前
[2026-02-11 16:12:01] 最后 Session 更新: 0.0 分钟前
[2026-02-11 16:12:01] 最后日志: 0.0 分钟前
[2026-02-11 16:12:01] ✅ 系统正常
[2026-02-11 16:15:01] ✅ 进程存活 (PID: 10191)
[2026-02-11 16:15:01] 最后心跳: 4.9 分钟前
[2026-02-11 16:15:01] 最后 Session 更新: 0.1 分钟前
[2026-02-11 16:15:01] 最后日志: 0.1 分钟前
[2026-02-11 16:15:01] ✅ 系统正常
[2026-02-11 16:18:01] ✅ 进程存活 (PID: 10191)
[2026-02-11 16:18:01] 最后心跳: 7.9 分钟前
[2026-02-11 16:18:01] 最后 Session 更新: -0.0 分钟前
[2026-02-11 16:18:01] 最后日志: -0.0 分钟前
[2026-02-11 16:18:01] ✅ 系统正常
[2026-02-11 16:21:01] ✅ 进程存活 (PID: 10191)
[2026-02-11 16:21:01] 最后心跳: 1.0 分钟前
[2026-02-11 16:21:01] 最后 Session 更新: 0.0 分钟前
[2026-02-11 16:21:01] 最后日志: 0.0 分钟前
[2026-02-11 16:21:01] ✅ 系统正常
[2026-02-11 16:24:01] ✅ 进程存活 (PID: 10191)
[2026-02-11 16:24:01] 最后心跳: 4.0 分钟前
[2026-02-11 16:24:01] 最后 Session 更新: 0.0 分钟前
[2026-02-11 16:24:01] 最后日志: 0.0 分钟前
[2026-02-11 16:24:01] ✅ 系统正常
[2026-02-11 16:27:02] ✅ 进程存活 (PID: 10191)
[2026-02-11 16:27:02] 最后心跳: 2.0 分钟前
[2026-02-11 16:27:02] 最后 Session 更新: 0.0 分钟前
[2026-02-11 16:27:02] 最后日志: 0.0 分钟前
[2026-02-11 16:27:02] ✅ 系统正常
[2026-02-11 16:30:01] ✅ 进程存活 (PID: 10191)
[2026-02-11 16:30:01] 最后心跳: 4.9 分钟前
[2026-02-11 16:30:01] 最后 Session 更新: 0.1 分钟前
[2026-02-11 16:30:01] 最后日志: 0.1 分钟前
[2026-02-11 16:30:01] ✅ 系统正常
[2026-02-11 16:33:01] ✅ 进程存活 (PID: 10191)
[2026-02-11 16:33:01] 最后心跳: 7.9 分钟前
[2026-02-11 16:33:01] 最后 Session 更新: 0.0 分钟前
[2026-02-11 16:33:01] 最后日志: 0.0 分钟前
[2026-02-11 16:33:01] ✅ 系统正常
[2026-02-11 16:36:01] ✅ 进程存活 (PID: 10191)
[2026-02-11 16:36:01] 最后心跳: 1.6 分钟前
[2026-02-11 16:36:01] 最后 Session 更新: 0.0 分钟前
[2026-02-11 16:36:01] 最后日志: 0.0 分钟前
[2026-02-11 16:36:01] ✅ 系统正常
[2026-02-11 16:39:01] ✅ 进程存活 (PID: 10191)
[2026-02-11 16:39:01] 最后心跳: 4.6 分钟前
[2026-02-11 16:39:01] 最后 Session 更新: 0.0 分钟前
[2026-02-11 16:39:01] 最后日志: 0.0 分钟前
[2026-02-11 16:39:01] ✅ 系统正常
[2026-02-11 16:42:01] ✅ 进程存活 (PID: 10191)
[2026-02-11 16:42:01] 最后心跳: 7.6 分钟前
[2026-02-11 16:42:01] 最后 Session 更新: 0.0 分钟前
[2026-02-11 16:42:01] 最后日志: 0.0 分钟前
[2026-02-11 16:42:01] ✅ 系统正常
[2026-02-11 16:45:01] ✅ 进程存活 (PID: 10191)
[2026-02-11 16:45:01] 最后心跳: 2.9 分钟前
[2026-02-11 16:45:01] 最后 Session 更新: 0.1 分钟前
[2026-02-11 16:45:01] 最后日志: 0.0 分钟前
[2026-02-11 16:45:01] ✅ 系统正常
[2026-02-11 16:48:01] ✅ 进程存活 (PID: 10191)
[2026-02-11 16:48:01] 最后心跳: 0.7 分钟前
[2026-02-11 16:48:01] 最后 Session 更新: 0.0 分钟前
[2026-02-11 16:48:01] 最后日志: 0.0 分钟前
[2026-02-11 16:48:01] ✅ 系统正常
[2026-02-11 16:51:01] ✅ 进程存活 (PID: 10191)
[2026-02-11 16:51:01] 最后心跳: 3.7 分钟前
[2026-02-11 16:51:01] 最后 Session 更新: 0.1 分钟前
[2026-02-11 16:51:01] 最后日志: 0.0 分钟前
[2026-02-11 16:51:01] ✅ 系统正常
[2026-02-11 16:54:02] ✅ 进程存活 (PID: 10191)
[2026-02-11 16:54:02] 最后心跳: 0.8 分钟前
[2026-02-11 16:54:02] 最后 Session 更新: 0.0 分钟前
[2026-02-11 16:54:02] 最后日志: 0.0 分钟前
[2026-02-11 16:54:02] ✅ 系统正常
[2026-02-11 16:57:01] ✅ 进程存活 (PID: 10191)
[2026-02-11 16:57:01] 最后心跳: 3.8 分钟前
[2026-02-11 16:57:01] 最后 Session 更新: 0.1 分钟前
[2026-02-11 16:57:01] 最后日志: 0.1 分钟前
[2026-02-11 16:57:01] ✅ 系统正常
[2026-02-11 17:00:01] ✅ 进程存活 (PID: 17360)
[2026-02-11 17:00:01] 最后心跳: 6.8 分钟前
[2026-02-11 17:00:01] 最后 Session 更新: 2.0 分钟前
[2026-02-11 17:00:01] 最后日志: 0.4 分钟前
[2026-02-11 17:00:01] ✅ 系统正常
[2026-02-11 17:03:01] ✅ 进程存活 (PID: 17360)
[2026-02-11 17:03:01] 最后心跳: 0.3 分钟前
[2026-02-11 17:03:01] 最后 Session 更新: 0.0 分钟前
[2026-02-11 17:03:01] 最后日志: 0.0 分钟前
[2026-02-11 17:03:01] ✅ 系统正常
[2026-02-11 17:06:01] ✅ 进程存活 (PID: 17360)
[2026-02-11 17:06:01] 最后心跳: 3.3 分钟前
[2026-02-11 17:06:01] 最后 Session 更新: 0.0 分钟前
[2026-02-11 17:06:01] 最后日志: 0.0 分钟前
[2026-02-11 17:06:01] ✅ 系统正常
[2026-02-11 17:09:01] ✅ 进程存活 (PID: 17360)
[2026-02-11 17:09:01] 最后心跳: 6.3 分钟前
[2026-02-11 17:09:01] 最后 Session 更新: 0.0 分钟前
[2026-02-11 17:09:01] 最后日志: 0.0 分钟前
[2026-02-11 17:09:01] ✅ 系统正常
[2026-02-11 17:12:02] ✅ 进程存活 (PID: 18263)
[2026-02-11 17:12:02] 最后心跳: 9.3 分钟前
[2026-02-11 17:12:02] 最后 Session 更新: 0.8 分钟前
[2026-02-11 17:12:02] 最后日志: 0.0 分钟前
[2026-02-11 17:12:02] ✅ 系统正常
[2026-02-11 17:15:01] ✅ 进程存活 (PID: 18263)
[2026-02-11 17:15:01] 最后心跳: 12.3 分钟前
[2026-02-11 17:15:01] 最后 Session 更新: 0.0 分钟前
[2026-02-11 17:15:01] 最后日志: 0.0 分钟前
Traceback (most recent call last):
  File "/home/ubuntu/.openclaw/workspace/scripts/independent-watchdog.py", line 479, in <module>
    main()
  File "/home/ubuntu/.openclaw/workspace/scripts/independent-watchdog.py", line 450, in main
    f"心跳停止 {hb_minutes:.0f if hb_minutes else '?'}分钟，"
               ^^^^^^^^^^^^^^^^^^^^^^^^^^^^^^^^^^^^^^^
ValueError: Invalid format specifier '.0f if hb_minutes else '?'' for object of type 'float'
[2026-02-11 17:18:01] ✅ 进程存活 (PID: 18263)
[2026-02-11 17:18:01] 最后心跳: 0.9 分钟前
[2026-02-11 17:18:01] 最后 Session 更新: 0.0 分钟前
[2026-02-11 17:18:01] 最后日志: 0.0 分钟前
[2026-02-11 17:18:01] ✅ 系统正常
[2026-02-11 17:21:01] ✅ 进程存活 (PID: 19278)
[2026-02-11 17:21:01] 最后心跳: 3.9 分钟前
[2026-02-11 17:21:01] 最后 Session 更新: 0.1 分钟前
[2026-02-11 17:21:01] 最后日志: 0.1 分钟前
[2026-02-11 17:21:01] ✅ 系统正常
[2026-02-11 17:24:01] ✅ 进程存活 (PID: 19586)
[2026-02-11 17:24:01] 最后心跳: 1.5 分钟前
[2026-02-11 17:24:01] 最后 Session 更新: 0.0 分钟前
[2026-02-11 17:24:01] 最后日志: 0.0 分钟前
[2026-02-11 17:24:01] ✅ 系统正常
[2026-02-11 17:27:01] ✅ 进程存活 (PID: 20051)
[2026-02-11 17:27:01] 最后心跳: 4.5 分钟前
[2026-02-11 17:27:01] 最后 Session 更新: 0.6 分钟前
[2026-02-11 17:27:01] 最后日志: 0.6 分钟前
[2026-02-11 17:27:01] ✅ 系统正常
[2026-02-11 17:30:01] ✅ 进程存活 (PID: 20051)
[2026-02-11 17:30:01] 最后心跳: 7.5 分钟前
[2026-02-11 17:30:01] 最后 Session 更新: 0.0 分钟前
[2026-02-11 17:30:01] 最后日志: 0.0 分钟前
[2026-02-11 17:30:01] ✅ 系统正常
[2026-02-11 17:33:01] ✅ 进程存活 (PID: 20051)
[2026-02-11 17:33:01] 最后心跳: 1.7 分钟前
[2026-02-11 17:33:01] 最后 Session 更新: 0.0 分钟前
[2026-02-11 17:33:01] 最后日志: 0.0 分钟前
[2026-02-11 17:33:01] ✅ 系统正常
[2026-02-11 17:36:02] ✅ 进程存活 (PID: 20812)
[2026-02-11 17:36:02] 最后心跳: 4.8 分钟前
[2026-02-11 17:36:02] 最后 Session 更新: 0.9 分钟前
[2026-02-11 17:36:02] 最后日志: 0.2 分钟前
[2026-02-11 17:36:02] ✅ 系统正常
[2026-02-11 17:39:01] ✅ 进程存活 (PID: 20812)
[2026-02-11 17:39:01] 最后心跳: 7.7 分钟前
[2026-02-11 17:39:01] 最后 Session 更新: 0.3 分钟前
[2026-02-11 17:39:01] 最后日志: 0.2 分钟前
[2026-02-11 17:39:01] ✅ 系统正常
[2026-02-11 17:42:01] ✅ 进程存活 (PID: 21320)
[2026-02-11 17:42:01] 最后心跳: 2.1 分钟前
[2026-02-11 17:42:01] 最后 Session 更新: 0.0 分钟前
[2026-02-11 17:42:01] 最后日志: 0.0 分钟前
[2026-02-11 17:42:01] ✅ 系统正常
[2026-02-11 17:45:01] ✅ 进程存活 (PID: 21479)
[2026-02-11 17:45:01] 最后心跳: 5.1 分钟前
[2026-02-11 17:45:01] 最后 Session 更新: 0.0 分钟前
[2026-02-11 17:45:01] 最后日志: 0.0 分钟前
[2026-02-11 17:45:01] ✅ 系统正常
[2026-02-11 17:48:01] ✅ 进程存活 (PID: 21479)
[2026-02-11 17:48:01] 最后心跳: 1.6 分钟前
[2026-02-11 17:48:01] 最后 Session 更新: 0.1 分钟前
[2026-02-11 17:48:01] 最后日志: 0.1 分钟前
[2026-02-11 17:48:01] ✅ 系统正常
[2026-02-11 17:51:01] ✅ 进程存活 (PID: 21479)
[2026-02-11 17:51:01] 最后心跳: 4.6 分钟前
[2026-02-11 17:51:01] 最后 Session 更新: 0.0 分钟前
[2026-02-11 17:51:01] 最后日志: 0.0 分钟前
[2026-02-11 17:51:01] ✅ 系统正常
[2026-02-11 17:54:01] ✅ 进程存活 (PID: 21479)
[2026-02-11 17:54:01] 最后心跳: 2.5 分钟前
[2026-02-11 17:54:01] 最后 Session 更新: 0.0 分钟前
[2026-02-11 17:54:01] 最后日志: 0.0 分钟前
[2026-02-11 17:54:01] ✅ 系统正常
[2026-02-11 17:57:01] ✅ 进程存活 (PID: 21479)
[2026-02-11 17:57:01] 最后心跳: 5.5 分钟前
[2026-02-11 17:57:01] 最后 Session 更新: 0.0 分钟前
[2026-02-11 17:57:01] 最后日志: 0.0 分钟前
[2026-02-11 17:57:01] ✅ 系统正常
[2026-02-11 18:00:01] ✅ 进程存活 (PID: 21479)
[2026-02-11 18:00:01] 最后心跳: 2.5 分钟前
[2026-02-11 18:00:01] 最后 Session 更新: 0.0 分钟前
[2026-02-11 18:00:01] 最后日志: 0.0 分钟前
[2026-02-11 18:00:01] ✅ 系统正常
[2026-02-11 18:03:02] ✅ 进程存活 (PID: 21479)
[2026-02-11 18:03:02] 最后心跳: 5.5 分钟前
[2026-02-11 18:03:02] 最后 Session 更新: 0.2 分钟前
[2026-02-11 18:03:02] 最后日志: 0.2 分钟前
[2026-02-11 18:03:02] ✅ 系统正常
[2026-02-11 18:06:01] ✅ 进程存活 (PID: 21479)
[2026-02-11 18:06:01] 最后心跳: 2.6 分钟前
[2026-02-11 18:06:01] 最后 Session 更新: 0.1 分钟前
[2026-02-11 18:06:01] 最后日志: 0.1 分钟前
[2026-02-11 18:06:01] ✅ 系统正常
[2026-02-11 18:09:01] ✅ 进程存活 (PID: 21479)
[2026-02-11 18:09:01] 最后心跳: 5.6 分钟前
[2026-02-11 18:09:01] 最后 Session 更新: 0.1 分钟前
[2026-02-11 18:09:01] 最后日志: 0.1 分钟前
[2026-02-11 18:09:01] ✅ 系统正常
[2026-02-11 18:12:01] ✅ 进程存活 (PID: 21479)
[2026-02-11 18:12:01] 最后心跳: 8.6 分钟前
[2026-02-11 18:12:01] 最后 Session 更新: 0.1 分钟前
[2026-02-11 18:12:01] 最后日志: 0.0 分钟前
[2026-02-11 18:12:01] ✅ 系统正常
[2026-02-11 18:15:01] ✅ 进程存活 (PID: 21479)
[2026-02-11 18:15:01] 最后心跳: 11.7 分钟前
[2026-02-11 18:15:01] 最后 Session 更新: 0.0 分钟前
[2026-02-11 18:15:01] 最后日志: 0.0 分钟前
Traceback (most recent call last):
  File "/home/ubuntu/.openclaw/workspace/scripts/independent-watchdog.py", line 479, in <module>
    main()
  File "/home/ubuntu/.openclaw/workspace/scripts/independent-watchdog.py", line 450, in main
    f"心跳停止 {hb_minutes:.0f if hb_minutes else '?'}分钟，"
               ^^^^^^^^^^^^^^^^^^^^^^^^^^^^^^^^^^^^^^^
ValueError: Invalid format specifier '.0f if hb_minutes else '?'' for object of type 'float'
[2026-02-11 18:18:01] ✅ 进程存活 (PID: 21479)
[2026-02-11 18:18:01] 最后心跳: 2.0 分钟前
[2026-02-11 18:18:01] 最后 Session 更新: 1.8 分钟前
[2026-02-11 18:18:01] 最后日志: 0.7 分钟前
[2026-02-11 18:18:01] ✅ 系统正常
[2026-02-11 18:21:01] ✅ 进程存活 (PID: 21479)
[2026-02-11 18:21:01] 最后心跳: 5.0 分钟前
[2026-02-11 18:21:01] 最后 Session 更新: 0.6 分钟前
[2026-02-11 18:21:01] 最后日志: 0.3 分钟前
[2026-02-11 18:21:01] ✅ 系统正常
[2026-02-11 18:24:01] ✅ 进程存活 (PID: 21479)
[2026-02-11 18:24:01] 最后心跳: 8.0 分钟前
[2026-02-11 18:24:01] 最后 Session 更新: 1.2 分钟前
[2026-02-11 18:24:01] 最后日志: 0.7 分钟前
[2026-02-11 18:24:01] ✅ 系统正常
[2026-02-11 18:27:02] ✅ 进程存活 (PID: 21479)
[2026-02-11 18:27:02] 最后心跳: 11.0 分钟前
[2026-02-11 18:27:02] 最后 Session 更新: 0.5 分钟前
[2026-02-11 18:27:02] 最后日志: 0.4 分钟前
Traceback (most recent call last):
  File "/home/ubuntu/.openclaw/workspace/scripts/independent-watchdog.py", line 479, in <module>
    main()
  File "/home/ubuntu/.openclaw/workspace/scripts/independent-watchdog.py", line 450, in main
    f"心跳停止 {hb_minutes:.0f if hb_minutes else '?'}分钟，"
               ^^^^^^^^^^^^^^^^^^^^^^^^^^^^^^^^^^^^^^^
ValueError: Invalid format specifier '.0f if hb_minutes else '?'' for object of type 'float'
[2026-02-11 18:30:01] ✅ 进程存活 (PID: 21479)
[2026-02-11 18:30:01] 最后心跳: 0.2 分钟前
[2026-02-11 18:30:01] 最后 Session 更新: 0.2 分钟前
[2026-02-11 18:30:01] 最后日志: 0.2 分钟前
[2026-02-11 18:30:01] ✅ 系统正常
[2026-02-11 18:33:01] ✅ 进程存活 (PID: 21479)
[2026-02-11 18:33:01] 最后心跳: 3.2 分钟前
[2026-02-11 18:33:01] 最后 Session 更新: 2.8 分钟前
[2026-02-11 18:33:01] 最后日志: 0.6 分钟前
[2026-02-11 18:33:01] ✅ 系统正常
[2026-02-11 18:36:01] ✅ 进程存活 (PID: 21479)
[2026-02-11 18:36:01] 最后心跳: 0.2 分钟前
[2026-02-11 18:36:01] 最后 Session 更新: 0.2 分钟前
[2026-02-11 18:36:01] 最后日志: 0.2 分钟前
[2026-02-11 18:36:01] ✅ 系统正常
[2026-02-11 18:39:01] ✅ 进程存活 (PID: 21479)
[2026-02-11 18:39:01] 最后心跳: 3.2 分钟前
[2026-02-11 18:39:01] 最后 Session 更新: 3.2 分钟前
[2026-02-11 18:39:01] 最后日志: 0.7 分钟前
[2026-02-11 18:39:01] ✅ 系统正常
[2026-02-11 18:42:01] ✅ 进程存活 (PID: 21479)
[2026-02-11 18:42:01] 最后心跳: 6.3 分钟前
[2026-02-11 18:42:01] 最后 Session 更新: 0.2 分钟前
[2026-02-11 18:42:01] 最后日志: 0.1 分钟前
[2026-02-11 18:42:01] ✅ 系统正常
[2026-02-11 18:45:01] ✅ 进程存活 (PID: 21479)
[2026-02-11 18:45:01] 最后心跳: 9.3 分钟前
[2026-02-11 18:45:01] 最后 Session 更新: 0.3 分钟前
[2026-02-11 18:45:01] 最后日志: 0.0 分钟前
[2026-02-11 18:45:01] ✅ 系统正常
[2026-02-11 18:48:01] ✅ 进程存活 (PID: 21479)
[2026-02-11 18:48:01] 最后心跳: 12.3 分钟前
[2026-02-11 18:48:01] 最后 Session 更新: 0.4 分钟前
[2026-02-11 18:48:01] 最后日志: 0.4 分钟前
Traceback (most recent call last):
  File "/home/ubuntu/.openclaw/workspace/scripts/independent-watchdog.py", line 479, in <module>
    main()
  File "/home/ubuntu/.openclaw/workspace/scripts/independent-watchdog.py", line 450, in main
    f"心跳停止 {hb_minutes:.0f if hb_minutes else '?'}分钟，"
               ^^^^^^^^^^^^^^^^^^^^^^^^^^^^^^^^^^^^^^^
ValueError: Invalid format specifier '.0f if hb_minutes else '?'' for object of type 'float'
[2026-02-11 18:51:01] ✅ 进程存活 (PID: 21479)
[2026-02-11 18:51:01] 最后心跳: 15.2 分钟前
[2026-02-11 18:51:01] 最后 Session 更新: 0.6 分钟前
[2026-02-11 18:51:01] 最后日志: 0.2 分钟前
Traceback (most recent call last):
  File "/home/ubuntu/.openclaw/workspace/scripts/independent-watchdog.py", line 479, in <module>
    main()
  File "/home/ubuntu/.openclaw/workspace/scripts/independent-watchdog.py", line 450, in main
    f"心跳停止 {hb_minutes:.0f if hb_minutes else '?'}分钟，"
               ^^^^^^^^^^^^^^^^^^^^^^^^^^^^^^^^^^^^^^^
ValueError: Invalid format specifier '.0f if hb_minutes else '?'' for object of type 'float'
[2026-02-11 18:54:01] ✅ 进程存活 (PID: 21479)
[2026-02-11 18:54:01] 最后心跳: 18.2 分钟前
[2026-02-11 18:54:01] 最后 Session 更新: 1.5 分钟前
[2026-02-11 18:54:01] 最后日志: 0.5 分钟前
Traceback (most recent call last):
  File "/home/ubuntu/.openclaw/workspace/scripts/independent-watchdog.py", line 479, in <module>
    main()
  File "/home/ubuntu/.openclaw/workspace/scripts/independent-watchdog.py", line 450, in main
    f"心跳停止 {hb_minutes:.0f if hb_minutes else '?'}分钟，"
               ^^^^^^^^^^^^^^^^^^^^^^^^^^^^^^^^^^^^^^^
ValueError: Invalid format specifier '.0f if hb_minutes else '?'' for object of type 'float'
[2026-02-11 18:57:01] ✅ 进程存活 (PID: 21479)
[2026-02-11 18:57:01] 最后心跳: 2.2 分钟前
[2026-02-11 18:57:01] 最后 Session 更新: 0.3 分钟前
[2026-02-11 18:57:01] 最后日志: 0.3 分钟前
[2026-02-11 18:57:01] ✅ 系统正常
[2026-02-11 19:00:01] ✅ 进程存活 (PID: 21479)
[2026-02-11 19:00:01] 最后心跳: 5.2 分钟前
[2026-02-11 19:00:01] 最后 Session 更新: 0.4 分钟前
[2026-02-11 19:00:01] 最后日志: 0.3 分钟前
[2026-02-11 19:00:01] ✅ 系统正常
[2026-02-11 19:03:01] ✅ 进程存活 (PID: 21479)
[2026-02-11 19:03:01] 最后心跳: 8.2 分钟前
[2026-02-11 19:03:01] 最后 Session 更新: 0.4 分钟前
[2026-02-11 19:03:01] 最后日志: 0.4 分钟前
[2026-02-11 19:03:01] ✅ 系统正常
[2026-02-11 19:06:01] ✅ 进程存活 (PID: 21479)
[2026-02-11 19:06:01] 最后心跳: 11.2 分钟前
[2026-02-11 19:06:01] 最后 Session 更新: 1.2 分钟前
[2026-02-11 19:06:01] 最后日志: 0.6 分钟前
Traceback (most recent call last):
  File "/home/ubuntu/.openclaw/workspace/scripts/independent-watchdog.py", line 479, in <module>
    main()
  File "/home/ubuntu/.openclaw/workspace/scripts/independent-watchdog.py", line 450, in main
    f"心跳停止 {hb_minutes:.0f if hb_minutes else '?'}分钟，"
               ^^^^^^^^^^^^^^^^^^^^^^^^^^^^^^^^^^^^^^^
ValueError: Invalid format specifier '.0f if hb_minutes else '?'' for object of type 'float'
[2026-02-11 19:09:01] ✅ 进程存活 (PID: 21479)
[2026-02-11 19:09:01] 最后心跳: 14.2 分钟前
[2026-02-11 19:09:01] 最后 Session 更新: 0.4 分钟前
[2026-02-11 19:09:01] 最后日志: 0.2 分钟前
Traceback (most recent call last):
  File "/home/ubuntu/.openclaw/workspace/scripts/independent-watchdog.py", line 479, in <module>
    main()
  File "/home/ubuntu/.openclaw/workspace/scripts/independent-watchdog.py", line 450, in main
    f"心跳停止 {hb_minutes:.0f if hb_minutes else '?'}分钟，"
               ^^^^^^^^^^^^^^^^^^^^^^^^^^^^^^^^^^^^^^^
ValueError: Invalid format specifier '.0f if hb_minutes else '?'' for object of type 'float'
[2026-02-11 19:12:01] ✅ 进程存活 (PID: 21479)
[2026-02-11 19:12:01] 最后心跳: 17.2 分钟前
[2026-02-11 19:12:01] 最后 Session 更新: 0.3 分钟前
[2026-02-11 19:12:01] 最后日志: 0.3 分钟前
Traceback (most recent call last):
  File "/home/ubuntu/.openclaw/workspace/scripts/independent-watchdog.py", line 479, in <module>
    main()
  File "/home/ubuntu/.openclaw/workspace/scripts/independent-watchdog.py", line 450, in main
    f"心跳停止 {hb_minutes:.0f if hb_minutes else '?'}分钟，"
               ^^^^^^^^^^^^^^^^^^^^^^^^^^^^^^^^^^^^^^^
ValueError: Invalid format specifier '.0f if hb_minutes else '?'' for object of type 'float'
[2026-02-11 19:15:01] ✅ 进程存活 (PID: 21479)
[2026-02-11 19:15:01] 最后心跳: 20.2 分钟前
[2026-02-11 19:15:01] 最后 Session 更新: 0.5 分钟前
[2026-02-11 19:15:01] 最后日志: 0.5 分钟前
Traceback (most recent call last):
  File "/home/ubuntu/.openclaw/workspace/scripts/independent-watchdog.py", line 479, in <module>
    main()
  File "/home/ubuntu/.openclaw/workspace/scripts/independent-watchdog.py", line 450, in main
    f"心跳停止 {hb_minutes:.0f if hb_minutes else '?'}分钟，"
               ^^^^^^^^^^^^^^^^^^^^^^^^^^^^^^^^^^^^^^^
ValueError: Invalid format specifier '.0f if hb_minutes else '?'' for object of type 'float'
[2026-02-11 19:18:02] ✅ 进程存活 (PID: 21479)
[2026-02-11 19:18:02] 最后心跳: 23.2 分钟前
[2026-02-11 19:18:02] 最后 Session 更新: 0.0 分钟前
[2026-02-11 19:18:02] 最后日志: 0.0 分钟前
Traceback (most recent call last):
  File "/home/ubuntu/.openclaw/workspace/scripts/independent-watchdog.py", line 479, in <module>
    main()
  File "/home/ubuntu/.openclaw/workspace/scripts/independent-watchdog.py", line 450, in main
    f"心跳停止 {hb_minutes:.0f if hb_minutes else '?'}分钟，"
               ^^^^^^^^^^^^^^^^^^^^^^^^^^^^^^^^^^^^^^^
ValueError: Invalid format specifier '.0f if hb_minutes else '?'' for object of type 'float'
[2026-02-11 19:21:01] ✅ 进程存活 (PID: 21479)
[2026-02-11 19:21:01] 最后心跳: 26.2 分钟前
[2026-02-11 19:21:01] 最后 Session 更新: 1.6 分钟前
[2026-02-11 19:21:01] 最后日志: 0.6 分钟前
Traceback (most recent call last):
  File "/home/ubuntu/.openclaw/workspace/scripts/independent-watchdog.py", line 479, in <module>
    main()
  File "/home/ubuntu/.openclaw/workspace/scripts/independent-watchdog.py", line 450, in main
    f"心跳停止 {hb_minutes:.0f if hb_minutes else '?'}分钟，"
               ^^^^^^^^^^^^^^^^^^^^^^^^^^^^^^^^^^^^^^^
ValueError: Invalid format specifier '.0f if hb_minutes else '?'' for object of type 'float'
[2026-02-11 19:24:01] ✅ 进程存活 (PID: 21479)
[2026-02-11 19:24:01] 最后心跳: 29.2 分钟前
[2026-02-11 19:24:01] 最后 Session 更新: 0.3 分钟前
[2026-02-11 19:24:01] 最后日志: 0.2 分钟前
Traceback (most recent call last):
  File "/home/ubuntu/.openclaw/workspace/scripts/independent-watchdog.py", line 479, in <module>
    main()
  File "/home/ubuntu/.openclaw/workspace/scripts/independent-watchdog.py", line 450, in main
    f"心跳停止 {hb_minutes:.0f if hb_minutes else '?'}分钟，"
               ^^^^^^^^^^^^^^^^^^^^^^^^^^^^^^^^^^^^^^^
ValueError: Invalid format specifier '.0f if hb_minutes else '?'' for object of type 'float'
[2026-02-11 19:27:01] ✅ 进程存活 (PID: 21479)
[2026-02-11 19:27:01] 最后心跳: 32.2 分钟前
[2026-02-11 19:27:01] 最后 Session 更新: 0.3 分钟前
[2026-02-11 19:27:01] 最后日志: 0.3 分钟前
Traceback (most recent call last):
  File "/home/ubuntu/.openclaw/workspace/scripts/independent-watchdog.py", line 479, in <module>
    main()
  File "/home/ubuntu/.openclaw/workspace/scripts/independent-watchdog.py", line 450, in main
    f"心跳停止 {hb_minutes:.0f if hb_minutes else '?'}分钟，"
               ^^^^^^^^^^^^^^^^^^^^^^^^^^^^^^^^^^^^^^^
ValueError: Invalid format specifier '.0f if hb_minutes else '?'' for object of type 'float'
[2026-02-11 19:30:01] ✅ 进程存活 (PID: 21479)
[2026-02-11 19:30:01] 最后心跳: 1.8 分钟前
[2026-02-11 19:30:01] 最后 Session 更新: 1.8 分钟前
[2026-02-11 19:30:01] 最后日志: 0.7 分钟前
[2026-02-11 19:30:01] ✅ 系统正常
[2026-02-11 19:33:01] ✅ 进程存活 (PID: 21479)
[2026-02-11 19:33:01] 最后心跳: 4.8 分钟前
[2026-02-11 19:33:01] 最后 Session 更新: 0.3 分钟前
[2026-02-11 19:33:01] 最后日志: 0.3 分钟前
[2026-02-11 19:33:01] ✅ 系统正常
[2026-02-11 19:36:01] ✅ 进程存活 (PID: 21479)
[2026-02-11 19:36:01] 最后心跳: 7.8 分钟前
[2026-02-11 19:36:01] 最后 Session 更新: 2.4 分钟前
[2026-02-11 19:36:01] 最后日志: 0.7 分钟前
[2026-02-11 19:36:01] ✅ 系统正常
[2026-02-11 19:39:02] ✅ 进程存活 (PID: 21479)
[2026-02-11 19:39:02] 最后心跳: 2.0 分钟前
[2026-02-11 19:39:02] 最后 Session 更新: 1.9 分钟前
[2026-02-11 19:39:02] 最后日志: 0.7 分钟前
[2026-02-11 19:39:02] ✅ 系统正常
[2026-02-11 19:42:01] ✅ 进程存活 (PID: 21479)
[2026-02-11 19:42:01] 最后心跳: 5.0 分钟前
[2026-02-11 19:42:01] 最后 Session 更新: 0.3 分钟前
[2026-02-11 19:42:01] 最后日志: 0.3 分钟前
[2026-02-11 19:42:01] ✅ 系统正常
[2026-02-11 19:45:01] ✅ 进程存活 (PID: 21479)
[2026-02-11 19:45:01] 最后心跳: 8.0 分钟前
[2026-02-11 19:45:01] 最后 Session 更新: 0.7 分钟前
[2026-02-11 19:45:01] 最后日志: 0.6 分钟前
[2026-02-11 19:45:01] ✅ 系统正常
[2026-02-11 19:48:01] ✅ 进程存活 (PID: 21479)
[2026-02-11 19:48:01] 最后心跳: 11.0 分钟前
[2026-02-11 19:48:01] 最后 Session 更新: 0.0 分钟前
[2026-02-11 19:48:01] 最后日志: 0.0 分钟前
Traceback (most recent call last):
  File "/home/ubuntu/.openclaw/workspace/scripts/independent-watchdog.py", line 479, in <module>
    main()
  File "/home/ubuntu/.openclaw/workspace/scripts/independent-watchdog.py", line 450, in main
    f"心跳停止 {hb_minutes:.0f if hb_minutes else '?'}分钟，"
               ^^^^^^^^^^^^^^^^^^^^^^^^^^^^^^^^^^^^^^^
ValueError: Invalid format specifier '.0f if hb_minutes else '?'' for object of type 'float'
[2026-02-11 19:51:01] ✅ 进程存活 (PID: 21479)
[2026-02-11 19:51:01] 最后心跳: 14.0 分钟前
[2026-02-11 19:51:01] 最后 Session 更新: 1.6 分钟前
[2026-02-11 19:51:01] 最后日志: 0.7 分钟前
Traceback (most recent call last):
  File "/home/ubuntu/.openclaw/workspace/scripts/independent-watchdog.py", line 479, in <module>
    main()
  File "/home/ubuntu/.openclaw/workspace/scripts/independent-watchdog.py", line 450, in main
    f"心跳停止 {hb_minutes:.0f if hb_minutes else '?'}分钟，"
               ^^^^^^^^^^^^^^^^^^^^^^^^^^^^^^^^^^^^^^^
ValueError: Invalid format specifier '.0f if hb_minutes else '?'' for object of type 'float'
[2026-02-11 19:54:01] ✅ 进程存活 (PID: 21479)
[2026-02-11 19:54:01] 最后心跳: 17.0 分钟前
[2026-02-11 19:54:01] 最后 Session 更新: 0.3 分钟前
[2026-02-11 19:54:01] 最后日志: 0.1 分钟前
Traceback (most recent call last):
  File "/home/ubuntu/.openclaw/workspace/scripts/independent-watchdog.py", line 479, in <module>
    main()
  File "/home/ubuntu/.openclaw/workspace/scripts/independent-watchdog.py", line 450, in main
    f"心跳停止 {hb_minutes:.0f if hb_minutes else '?'}分钟，"
               ^^^^^^^^^^^^^^^^^^^^^^^^^^^^^^^^^^^^^^^
ValueError: Invalid format specifier '.0f if hb_minutes else '?'' for object of type 'float'
[2026-02-11 19:57:01] ✅ 进程存活 (PID: 21479)
[2026-02-11 19:57:01] 最后心跳: 20.0 分钟前
[2026-02-11 19:57:01] 最后 Session 更新: 0.3 分钟前
[2026-02-11 19:57:01] 最后日志: 0.3 分钟前
Traceback (most recent call last):
  File "/home/ubuntu/.openclaw/workspace/scripts/independent-watchdog.py", line 479, in <module>
    main()
  File "/home/ubuntu/.openclaw/workspace/scripts/independent-watchdog.py", line 450, in main
    f"心跳停止 {hb_minutes:.0f if hb_minutes else '?'}分钟，"
               ^^^^^^^^^^^^^^^^^^^^^^^^^^^^^^^^^^^^^^^
ValueError: Invalid format specifier '.0f if hb_minutes else '?'' for object of type 'float'
[2026-02-11 20:00:01] ✅ 进程存活 (PID: 21479)
[2026-02-11 20:00:01] 最后心跳: 23.0 分钟前
[2026-02-11 20:00:01] 最后 Session 更新: 0.0 分钟前
[2026-02-11 20:00:01] 最后日志: 0.0 分钟前
Traceback (most recent call last):
  File "/home/ubuntu/.openclaw/workspace/scripts/independent-watchdog.py", line 479, in <module>
    main()
  File "/home/ubuntu/.openclaw/workspace/scripts/independent-watchdog.py", line 450, in main
    f"心跳停止 {hb_minutes:.0f if hb_minutes else '?'}分钟，"
               ^^^^^^^^^^^^^^^^^^^^^^^^^^^^^^^^^^^^^^^
ValueError: Invalid format specifier '.0f if hb_minutes else '?'' for object of type 'float'
[2026-02-11 20:03:01] ✅ 进程存活 (PID: 21479)
[2026-02-11 20:03:01] 最后心跳: 26.0 分钟前
[2026-02-11 20:03:01] 最后 Session 更新: 0.5 分钟前
[2026-02-11 20:03:01] 最后日志: 0.5 分钟前
Traceback (most recent call last):
  File "/home/ubuntu/.openclaw/workspace/scripts/independent-watchdog.py", line 479, in <module>
    main()
  File "/home/ubuntu/.openclaw/workspace/scripts/independent-watchdog.py", line 450, in main
    f"心跳停止 {hb_minutes:.0f if hb_minutes else '?'}分钟，"
               ^^^^^^^^^^^^^^^^^^^^^^^^^^^^^^^^^^^^^^^
ValueError: Invalid format specifier '.0f if hb_minutes else '?'' for object of type 'float'
[2026-02-11 20:06:01] ✅ 进程存活 (PID: 21479)
[2026-02-11 20:06:01] 最后心跳: 29.0 分钟前
[2026-02-11 20:06:01] 最后 Session 更新: 0.4 分钟前
[2026-02-11 20:06:01] 最后日志: 0.4 分钟前
Traceback (most recent call last):
  File "/home/ubuntu/.openclaw/workspace/scripts/independent-watchdog.py", line 479, in <module>
    main()
  File "/home/ubuntu/.openclaw/workspace/scripts/independent-watchdog.py", line 450, in main
    f"心跳停止 {hb_minutes:.0f if hb_minutes else '?'}分钟，"
               ^^^^^^^^^^^^^^^^^^^^^^^^^^^^^^^^^^^^^^^
ValueError: Invalid format specifier '.0f if hb_minutes else '?'' for object of type 'float'
[2026-02-11 20:09:01] ✅ 进程存活 (PID: 21479)
[2026-02-11 20:09:01] 最后心跳: 32.0 分钟前
[2026-02-11 20:09:01] 最后 Session 更新: 1.4 分钟前
[2026-02-11 20:09:01] 最后日志: 0.6 分钟前
Traceback (most recent call last):
  File "/home/ubuntu/.openclaw/workspace/scripts/independent-watchdog.py", line 479, in <module>
    main()
  File "/home/ubuntu/.openclaw/workspace/scripts/independent-watchdog.py", line 450, in main
    f"心跳停止 {hb_minutes:.0f if hb_minutes else '?'}分钟，"
               ^^^^^^^^^^^^^^^^^^^^^^^^^^^^^^^^^^^^^^^
ValueError: Invalid format specifier '.0f if hb_minutes else '?'' for object of type 'float'
[2026-02-11 20:12:01] ✅ 进程存活 (PID: 21479)
[2026-02-11 20:12:01] 最后心跳: 35.0 分钟前
[2026-02-11 20:12:01] 最后 Session 更新: 0.1 分钟前
[2026-02-11 20:12:01] 最后日志: 0.1 分钟前
Traceback (most recent call last):
  File "/home/ubuntu/.openclaw/workspace/scripts/independent-watchdog.py", line 479, in <module>
    main()
  File "/home/ubuntu/.openclaw/workspace/scripts/independent-watchdog.py", line 450, in main
    f"心跳停止 {hb_minutes:.0f if hb_minutes else '?'}分钟，"
               ^^^^^^^^^^^^^^^^^^^^^^^^^^^^^^^^^^^^^^^
ValueError: Invalid format specifier '.0f if hb_minutes else '?'' for object of type 'float'
[2026-02-11 20:15:01] ✅ 进程存活 (PID: 21479)
[2026-02-11 20:15:01] 最后心跳: 38.0 分钟前
[2026-02-11 20:15:01] 最后 Session 更新: 0.0 分钟前
[2026-02-11 20:15:01] 最后日志: 0.0 分钟前
Traceback (most recent call last):
  File "/home/ubuntu/.openclaw/workspace/scripts/independent-watchdog.py", line 479, in <module>
    main()
  File "/home/ubuntu/.openclaw/workspace/scripts/independent-watchdog.py", line 450, in main
    f"心跳停止 {hb_minutes:.0f if hb_minutes else '?'}分钟，"
               ^^^^^^^^^^^^^^^^^^^^^^^^^^^^^^^^^^^^^^^
ValueError: Invalid format specifier '.0f if hb_minutes else '?'' for object of type 'float'
[2026-02-11 20:18:01] ✅ 进程存活 (PID: 21479)
[2026-02-11 20:18:01] 最后心跳: 41.0 分钟前
[2026-02-11 20:18:01] 最后 Session 更新: 0.3 分钟前
[2026-02-11 20:18:01] 最后日志: 0.3 分钟前
Traceback (most recent call last):
  File "/home/ubuntu/.openclaw/workspace/scripts/independent-watchdog.py", line 479, in <module>
    main()
  File "/home/ubuntu/.openclaw/workspace/scripts/independent-watchdog.py", line 450, in main
    f"心跳停止 {hb_minutes:.0f if hb_minutes else '?'}分钟，"
               ^^^^^^^^^^^^^^^^^^^^^^^^^^^^^^^^^^^^^^^
ValueError: Invalid format specifier '.0f if hb_minutes else '?'' for object of type 'float'
[2026-02-11 20:21:01] ✅ 进程存活 (PID: 21479)
[2026-02-11 20:21:01] 最后心跳: 44.0 分钟前
[2026-02-11 20:21:01] 最后 Session 更新: 0.4 分钟前
[2026-02-11 20:21:01] 最后日志: 0.3 分钟前
Traceback (most recent call last):
  File "/home/ubuntu/.openclaw/workspace/scripts/independent-watchdog.py", line 479, in <module>
    main()
  File "/home/ubuntu/.openclaw/workspace/scripts/independent-watchdog.py", line 450, in main
    f"心跳停止 {hb_minutes:.0f if hb_minutes else '?'}分钟，"
               ^^^^^^^^^^^^^^^^^^^^^^^^^^^^^^^^^^^^^^^
ValueError: Invalid format specifier '.0f if hb_minutes else '?'' for object of type 'float'
[2026-02-11 20:24:01] ✅ 进程存活 (PID: 21479)
[2026-02-11 20:24:01] 最后心跳: 47.0 分钟前
[2026-02-11 20:24:01] 最后 Session 更新: 1.3 分钟前
[2026-02-11 20:24:01] 最后日志: 0.6 分钟前
Traceback (most recent call last):
  File "/home/ubuntu/.openclaw/workspace/scripts/independent-watchdog.py", line 479, in <module>
    main()
  File "/home/ubuntu/.openclaw/workspace/scripts/independent-watchdog.py", line 450, in main
    f"心跳停止 {hb_minutes:.0f if hb_minutes else '?'}分钟，"
               ^^^^^^^^^^^^^^^^^^^^^^^^^^^^^^^^^^^^^^^
ValueError: Invalid format specifier '.0f if hb_minutes else '?'' for object of type 'float'
[2026-02-11 20:27:01] ✅ 进程存活 (PID: 21479)
[2026-02-11 20:27:01] 最后心跳: 1.8 分钟前
[2026-02-11 20:27:01] 最后 Session 更新: 0.4 分钟前
[2026-02-11 20:27:01] 最后日志: 0.3 分钟前
[2026-02-11 20:27:01] ✅ 系统正常
[2026-02-11 20:30:01] ✅ 进程存活 (PID: 21479)
[2026-02-11 20:30:01] 最后心跳: 4.8 分钟前
[2026-02-11 20:30:01] 最后 Session 更新: 0.0 分钟前
[2026-02-11 20:30:01] 最后日志: 0.0 分钟前
[2026-02-11 20:30:01] ✅ 系统正常
[2026-02-11 20:33:01] ✅ 进程存活 (PID: 21479)
[2026-02-11 20:33:01] 最后心跳: 7.8 分钟前
[2026-02-11 20:33:01] 最后 Session 更新: 0.0 分钟前
[2026-02-11 20:33:01] 最后日志: 0.0 分钟前
[2026-02-11 20:33:01] ✅ 系统正常
[2026-02-11 20:36:01] ✅ 进程存活 (PID: 21479)
[2026-02-11 20:36:01] 最后心跳: 10.8 分钟前
[2026-02-11 20:36:01] 最后 Session 更新: 0.4 分钟前
[2026-02-11 20:36:01] 最后日志: 0.3 分钟前
Traceback (most recent call last):
  File "/home/ubuntu/.openclaw/workspace/scripts/independent-watchdog.py", line 479, in <module>
    main()
  File "/home/ubuntu/.openclaw/workspace/scripts/independent-watchdog.py", line 450, in main
    f"心跳停止 {hb_minutes:.0f if hb_minutes else '?'}分钟，"
               ^^^^^^^^^^^^^^^^^^^^^^^^^^^^^^^^^^^^^^^
ValueError: Invalid format specifier '.0f if hb_minutes else '?'' for object of type 'float'
[2026-02-11 20:39:01] ✅ 进程存活 (PID: 21479)
[2026-02-11 20:39:01] 最后心跳: 13.8 分钟前
[2026-02-11 20:39:01] 最后 Session 更新: 1.2 分钟前
[2026-02-11 20:39:01] 最后日志: 0.7 分钟前
Traceback (most recent call last):
  File "/home/ubuntu/.openclaw/workspace/scripts/independent-watchdog.py", line 479, in <module>
    main()
  File "/home/ubuntu/.openclaw/workspace/scripts/independent-watchdog.py", line 450, in main
    f"心跳停止 {hb_minutes:.0f if hb_minutes else '?'}分钟，"
               ^^^^^^^^^^^^^^^^^^^^^^^^^^^^^^^^^^^^^^^
ValueError: Invalid format specifier '.0f if hb_minutes else '?'' for object of type 'float'
[2026-02-11 20:42:01] ✅ 进程存活 (PID: 21479)
[2026-02-11 20:42:01] 最后心跳: 16.8 分钟前
[2026-02-11 20:42:01] 最后 Session 更新: 0.0 分钟前
[2026-02-11 20:42:01] 最后日志: 0.0 分钟前
Traceback (most recent call last):
  File "/home/ubuntu/.openclaw/workspace/scripts/independent-watchdog.py", line 479, in <module>
    main()
  File "/home/ubuntu/.openclaw/workspace/scripts/independent-watchdog.py", line 450, in main
    f"心跳停止 {hb_minutes:.0f if hb_minutes else '?'}分钟，"
               ^^^^^^^^^^^^^^^^^^^^^^^^^^^^^^^^^^^^^^^
ValueError: Invalid format specifier '.0f if hb_minutes else '?'' for object of type 'float'
[2026-02-11 20:45:01] ✅ 进程存活 (PID: 21479)
[2026-02-11 20:45:01] 最后心跳: 19.8 分钟前
[2026-02-11 20:45:01] 最后 Session 更新: 0.0 分钟前
[2026-02-11 20:45:01] 最后日志: 0.0 分钟前
Traceback (most recent call last):
  File "/home/ubuntu/.openclaw/workspace/scripts/independent-watchdog.py", line 479, in <module>
    main()
  File "/home/ubuntu/.openclaw/workspace/scripts/independent-watchdog.py", line 450, in main
    f"心跳停止 {hb_minutes:.0f if hb_minutes else '?'}分钟，"
               ^^^^^^^^^^^^^^^^^^^^^^^^^^^^^^^^^^^^^^^
ValueError: Invalid format specifier '.0f if hb_minutes else '?'' for object of type 'float'
[2026-02-11 20:48:01] ✅ 进程存活 (PID: 21479)
[2026-02-11 20:48:01] 最后心跳: 22.8 分钟前
[2026-02-11 20:48:01] 最后 Session 更新: 0.1 分钟前
[2026-02-11 20:48:01] 最后日志: 0.1 分钟前
Traceback (most recent call last):
  File "/home/ubuntu/.openclaw/workspace/scripts/independent-watchdog.py", line 479, in <module>
    main()
  File "/home/ubuntu/.openclaw/workspace/scripts/independent-watchdog.py", line 450, in main
    f"心跳停止 {hb_minutes:.0f if hb_minutes else '?'}分钟，"
               ^^^^^^^^^^^^^^^^^^^^^^^^^^^^^^^^^^^^^^^
ValueError: Invalid format specifier '.0f if hb_minutes else '?'' for object of type 'float'
[2026-02-11 20:51:01] ✅ 进程存活 (PID: 21479)
[2026-02-11 20:51:01] 最后心跳: 25.8 分钟前
[2026-02-11 20:51:01] 最后 Session 更新: 0.3 分钟前
[2026-02-11 20:51:01] 最后日志: 0.3 分钟前
Traceback (most recent call last):
  File "/home/ubuntu/.openclaw/workspace/scripts/independent-watchdog.py", line 479, in <module>
    main()
  File "/home/ubuntu/.openclaw/workspace/scripts/independent-watchdog.py", line 450, in main
    f"心跳停止 {hb_minutes:.0f if hb_minutes else '?'}分钟，"
               ^^^^^^^^^^^^^^^^^^^^^^^^^^^^^^^^^^^^^^^
ValueError: Invalid format specifier '.0f if hb_minutes else '?'' for object of type 'float'
[2026-02-11 20:54:01] ✅ 进程存活 (PID: 21479)
[2026-02-11 20:54:01] 最后心跳: 28.8 分钟前
[2026-02-11 20:54:01] 最后 Session 更新: 1.2 分钟前
[2026-02-11 20:54:01] 最后日志: 0.7 分钟前
Traceback (most recent call last):
  File "/home/ubuntu/.openclaw/workspace/scripts/independent-watchdog.py", line 479, in <module>
    main()
  File "/home/ubuntu/.openclaw/workspace/scripts/independent-watchdog.py", line 450, in main
    f"心跳停止 {hb_minutes:.0f if hb_minutes else '?'}分钟，"
               ^^^^^^^^^^^^^^^^^^^^^^^^^^^^^^^^^^^^^^^
ValueError: Invalid format specifier '.0f if hb_minutes else '?'' for object of type 'float'
[2026-02-11 20:57:02] ✅ 进程存活 (PID: 21479)
[2026-02-11 20:57:02] 最后心跳: 31.8 分钟前
[2026-02-11 20:57:02] 最后 Session 更新: 0.5 分钟前
[2026-02-11 20:57:02] 最后日志: 0.4 分钟前
Traceback (most recent call last):
  File "/home/ubuntu/.openclaw/workspace/scripts/independent-watchdog.py", line 479, in <module>
    main()
  File "/home/ubuntu/.openclaw/workspace/scripts/independent-watchdog.py", line 450, in main
    f"心跳停止 {hb_minutes:.0f if hb_minutes else '?'}分钟，"
               ^^^^^^^^^^^^^^^^^^^^^^^^^^^^^^^^^^^^^^^
ValueError: Invalid format specifier '.0f if hb_minutes else '?'' for object of type 'float'
[2026-02-11 21:00:01] ✅ 进程存活 (PID: 21479)
[2026-02-11 21:00:01] 最后心跳: 34.8 分钟前
[2026-02-11 21:00:01] 最后 Session 更新: 0.0 分钟前
[2026-02-11 21:00:01] 最后日志: 0.0 分钟前
Traceback (most recent call last):
  File "/home/ubuntu/.openclaw/workspace/scripts/independent-watchdog.py", line 479, in <module>
    main()
  File "/home/ubuntu/.openclaw/workspace/scripts/independent-watchdog.py", line 450, in main
    f"心跳停止 {hb_minutes:.0f if hb_minutes else '?'}分钟，"
               ^^^^^^^^^^^^^^^^^^^^^^^^^^^^^^^^^^^^^^^
ValueError: Invalid format specifier '.0f if hb_minutes else '?'' for object of type 'float'
[2026-02-11 21:03:02] ✅ 进程存活 (PID: 21479)
[2026-02-11 21:03:02] 最后心跳: 1.5 分钟前
[2026-02-11 21:03:02] 最后 Session 更新: 0.5 分钟前
[2026-02-11 21:03:02] 最后日志: 0.5 分钟前
[2026-02-11 21:03:02] ✅ 系统正常
[2026-02-11 21:06:01] ✅ 进程存活 (PID: 21479)
[2026-02-11 21:06:01] 最后心跳: 4.5 分钟前
[2026-02-11 21:06:01] 最后 Session 更新: 3.5 分钟前
[2026-02-11 21:06:01] 最后日志: 0.7 分钟前
[2026-02-11 21:06:01] ✅ 系统正常
[2026-02-11 21:09:01] ✅ 进程存活 (PID: 21479)
[2026-02-11 21:09:01] 最后心跳: 2.5 分钟前
[2026-02-11 21:09:01] 最后 Session 更新: 0.1 分钟前
[2026-02-11 21:09:01] 最后日志: 0.1 分钟前
[2026-02-11 21:09:01] ✅ 系统正常
[2026-02-11 21:12:01] ✅ 进程存活 (PID: 21479)
[2026-02-11 21:12:01] 最后心跳: 5.5 分钟前
[2026-02-11 21:12:01] 最后 Session 更新: 0.0 分钟前
[2026-02-11 21:12:01] 最后日志: 0.0 分钟前
[2026-02-11 21:12:01] ✅ 系统正常
[2026-02-11 21:15:01] ✅ 进程存活 (PID: 21479)
[2026-02-11 21:15:01] 最后心跳: 2.6 分钟前
[2026-02-11 21:15:01] 最后 Session 更新: 0.1 分钟前
[2026-02-11 21:15:01] 最后日志: 0.1 分钟前
[2026-02-11 21:15:01] ✅ 系统正常
[2026-02-11 21:18:02] ✅ 进程存活 (PID: 21479)
[2026-02-11 21:18:02] 最后心跳: 5.6 分钟前
[2026-02-11 21:18:02] 最后 Session 更新: 0.0 分钟前
[2026-02-11 21:18:02] 最后日志: 0.0 分钟前
[2026-02-11 21:18:02] ✅ 系统正常
[2026-02-11 21:21:01] ✅ 进程存活 (PID: 21479)
[2026-02-11 21:21:01] 最后心跳: 2.8 分钟前
[2026-02-11 21:21:01] 最后 Session 更新: 0.1 分钟前
[2026-02-11 21:21:01] 最后日志: 0.1 分钟前
[2026-02-11 21:21:01] ✅ 系统正常
[2026-02-11 21:24:01] ✅ 进程存活 (PID: 21479)
[2026-02-11 21:24:01] 最后心跳: 0.0 分钟前
[2026-02-11 21:24:01] 最后 Session 更新: 0.0 分钟前
[2026-02-11 21:24:01] 最后日志: 0.0 分钟前
[2026-02-11 21:24:01] ✅ 系统正常
[2026-02-11 21:27:01] ✅ 进程存活 (PID: 21479)
[2026-02-11 21:27:01] 最后心跳: 3.0 分钟前
[2026-02-11 21:27:01] 最后 Session 更新: 0.0 分钟前
[2026-02-11 21:27:01] 最后日志: 0.0 分钟前
[2026-02-11 21:27:01] ✅ 系统正常
[2026-02-11 21:30:01] ✅ 进程存活 (PID: 21479)
[2026-02-11 21:30:01] 最后心跳: 0.3 分钟前
[2026-02-11 21:30:01] 最后 Session 更新: 0.2 分钟前
[2026-02-11 21:30:01] 最后日志: 0.2 分钟前
[2026-02-11 21:30:01] ✅ 系统正常
[2026-02-11 21:33:01] ✅ 进程存活 (PID: 21479)
[2026-02-11 21:33:01] 最后心跳: 3.3 分钟前
[2026-02-11 21:33:01] 最后 Session 更新: 0.0 分钟前
[2026-02-11 21:33:01] 最后日志: 0.0 分钟前
[2026-02-11 21:33:01] ✅ 系统正常
[2026-02-11 21:36:01] ✅ 进程存活 (PID: 21479)
[2026-02-11 21:36:01] 最后心跳: 6.3 分钟前
[2026-02-11 21:36:01] 最后 Session 更新: 0.0 分钟前
[2026-02-11 21:36:01] 最后日志: 0.0 分钟前
[2026-02-11 21:36:01] ✅ 系统正常
[2026-02-11 21:39:01] ✅ 进程存活 (PID: 21479)
[2026-02-11 21:39:01] 最后心跳: 1.9 分钟前
[2026-02-11 21:39:01] 最后 Session 更新: 0.0 分钟前
[2026-02-11 21:39:01] 最后日志: 0.0 分钟前
[2026-02-11 21:39:01] ✅ 系统正常
[2026-02-11 21:42:01] ✅ 进程存活 (PID: 21479)
[2026-02-11 21:42:01] 最后心跳: 4.9 分钟前
[2026-02-11 21:42:01] 最后 Session 更新: 0.1 分钟前
[2026-02-11 21:42:01] 最后日志: 0.0 分钟前
[2026-02-11 21:42:01] ✅ 系统正常
[2026-02-11 21:45:01] ✅ 进程存活 (PID: 21479)
[2026-02-11 21:45:01] 最后心跳: 2.1 分钟前
[2026-02-11 21:45:01] 最后 Session 更新: 0.0 分钟前
[2026-02-11 21:45:01] 最后日志: 0.0 分钟前
[2026-02-11 21:45:01] ✅ 系统正常
[2026-02-11 21:48:01] ✅ 进程存活 (PID: 21479)
[2026-02-11 21:48:01] 最后心跳: 5.1 分钟前
[2026-02-11 21:48:01] 最后 Session 更新: 0.1 分钟前
[2026-02-11 21:48:01] 最后日志: 0.1 分钟前
[2026-02-11 21:48:01] ✅ 系统正常
[2026-02-11 21:51:01] ✅ 进程存活 (PID: 21479)
[2026-02-11 21:51:01] 最后心跳: 0.0 分钟前
[2026-02-11 21:51:01] 最后 Session 更新: 0.0 分钟前
[2026-02-11 21:51:01] 最后日志: -0.0 分钟前
[2026-02-11 21:51:01] ✅ 系统正常
[2026-02-11 21:54:01] ✅ 进程存活 (PID: 21479)
[2026-02-11 21:54:01] 最后心跳: 3.0 分钟前
[2026-02-11 21:54:01] 最后 Session 更新: 0.4 分钟前
[2026-02-11 21:54:01] 最后日志: 0.3 分钟前
[2026-02-11 21:54:01] ✅ 系统正常
[2026-02-11 21:57:01] ✅ 进程存活 (PID: 21479)
[2026-02-11 21:57:01] 最后心跳: 0.2 分钟前
[2026-02-11 21:57:01] 最后 Session 更新: 0.1 分钟前
[2026-02-11 21:57:01] 最后日志: 0.1 分钟前
[2026-02-11 21:57:01] ✅ 系统正常
[2026-02-11 22:00:01] ✅ 进程存活 (PID: 21479)
[2026-02-11 22:00:01] 最后心跳: 3.2 分钟前
[2026-02-11 22:00:01] 最后 Session 更新: 0.2 分钟前
[2026-02-11 22:00:01] 最后日志: 0.2 分钟前
[2026-02-11 22:00:01] ✅ 系统正常
[2026-02-11 22:03:01] ✅ 进程存活 (PID: 21479)
[2026-02-11 22:03:01] 最后心跳: 0.4 分钟前
[2026-02-11 22:03:01] 最后 Session 更新: 0.0 分钟前
[2026-02-11 22:03:01] 最后日志: 0.0 分钟前
[2026-02-11 22:03:01] ✅ 系统正常
[2026-02-11 22:06:02] ✅ 进程存活 (PID: 21479)
[2026-02-11 22:06:02] 最后心跳: 3.4 分钟前
[2026-02-11 22:06:02] 最后 Session 更新: 0.9 分钟前
[2026-02-11 22:06:02] 最后日志: 0.7 分钟前
[2026-02-11 22:06:02] ✅ 系统正常
[2026-02-11 22:09:01] ✅ 进程存活 (PID: 21479)
[2026-02-11 22:09:01] 最后心跳: 0.4 分钟前
[2026-02-11 22:09:01] 最后 Session 更新: 0.1 分钟前
[2026-02-11 22:09:01] 最后日志: 0.0 分钟前
[2026-02-11 22:09:01] ✅ 系统正常
[2026-02-11 22:12:01] ✅ 进程存活 (PID: 21479)
[2026-02-11 22:12:01] 最后心跳: 3.4 分钟前
[2026-02-11 22:12:01] 最后 Session 更新: 0.2 分钟前
[2026-02-11 22:12:01] 最后日志: 0.2 分钟前
[2026-02-11 22:12:01] ✅ 系统正常
[2026-02-11 22:15:01] ✅ 进程存活 (PID: 21479)
[2026-02-11 22:15:01] 最后心跳: 0.5 分钟前
[2026-02-11 22:15:01] 最后 Session 更新: 0.1 分钟前
[2026-02-11 22:15:01] 最后日志: 0.0 分钟前
[2026-02-11 22:15:01] ✅ 系统正常
[2026-02-11 22:18:01] ✅ 进程存活 (PID: 21479)
[2026-02-11 22:18:01] 最后心跳: 3.5 分钟前
[2026-02-11 22:18:01] 最后 Session 更新: 0.0 分钟前
[2026-02-11 22:18:01] 最后日志: 0.0 分钟前
[2026-02-11 22:18:01] ✅ 系统正常
[2026-02-11 22:21:01] ✅ 进程存活 (PID: 31195)
[2026-02-11 22:21:01] 最后心跳: 6.5 分钟前
[2026-02-11 22:21:01] 最后 Session 更新: 0.1 分钟前
[2026-02-11 22:21:01] 最后日志: 0.1 分钟前
[2026-02-11 22:21:01] ✅ 系统正常
[2026-02-11 22:24:01] ✅ 进程存活 (PID: 31195)
[2026-02-11 22:24:01] 最后心跳: 0.5 分钟前
[2026-02-11 22:24:01] 最后 Session 更新: 0.0 分钟前
[2026-02-11 22:24:01] 最后日志: 0.0 分钟前
[2026-02-11 22:24:01] ✅ 系统正常
[2026-02-11 22:27:01] ✅ 进程存活 (PID: 31195)
[2026-02-11 22:27:01] 最后心跳: 3.5 分钟前
[2026-02-11 22:27:01] 最后 Session 更新: 0.1 分钟前
[2026-02-11 22:27:01] 最后日志: 0.1 分钟前
[2026-02-11 22:27:01] ✅ 系统正常
[2026-02-11 22:30:02] ✅ 进程存活 (PID: 31195)
[2026-02-11 22:30:02] 最后心跳: 6.5 分钟前
[2026-02-11 22:30:02] 最后 Session 更新: 0.0 分钟前
[2026-02-11 22:30:02] 最后日志: 0.0 分钟前
[2026-02-11 22:30:02] ✅ 系统正常
[2026-02-11 22:33:01] ✅ 进程存活 (PID: 31195)
[2026-02-11 22:33:01] 最后心跳: 1.4 分钟前
[2026-02-11 22:33:01] 最后 Session 更新: 0.1 分钟前
[2026-02-11 22:33:01] 最后日志: 0.1 分钟前
[2026-02-11 22:33:01] ✅ 系统正常
[2026-02-11 22:36:01] ✅ 进程存活 (PID: 31195)
[2026-02-11 22:36:01] 最后心跳: 4.4 分钟前
[2026-02-11 22:36:01] 最后 Session 更新: 0.5 分钟前
[2026-02-11 22:36:01] 最后日志: 0.5 分钟前
[2026-02-11 22:36:01] ✅ 系统正常
[2026-02-11 22:39:01] ✅ 进程存活 (PID: 31195)
[2026-02-11 22:39:01] 最后心跳: 1.3 分钟前
[2026-02-11 22:39:01] 最后 Session 更新: 0.0 分钟前
[2026-02-11 22:39:01] 最后日志: 0.0 分钟前
[2026-02-11 22:39:01] ✅ 系统正常
[2026-02-11 22:42:01] ✅ 进程存活 (PID: 31195)
[2026-02-11 22:42:01] 最后心跳: 4.3 分钟前
[2026-02-11 22:42:01] 最后 Session 更新: 0.0 分钟前
[2026-02-11 22:42:01] 最后日志: 0.0 分钟前
[2026-02-11 22:42:01] ✅ 系统正常
[2026-02-11 22:45:01] ✅ 进程存活 (PID: 31195)
[2026-02-11 22:45:01] 最后心跳: 1.4 分钟前
[2026-02-11 22:45:01] 最后 Session 更新: 0.0 分钟前
[2026-02-11 22:45:01] 最后日志: 0.0 分钟前
[2026-02-11 22:45:01] ✅ 系统正常
[2026-02-11 22:48:01] ✅ 进程存活 (PID: 31195)
[2026-02-11 22:48:01] 最后心跳: 4.4 分钟前
[2026-02-11 22:48:01] 最后 Session 更新: 0.0 分钟前
[2026-02-11 22:48:01] 最后日志: 0.0 分钟前
[2026-02-11 22:48:01] ✅ 系统正常
[2026-02-11 22:51:01] ✅ 进程存活 (PID: 31195)
[2026-02-11 22:51:01] 最后心跳: 0.1 分钟前
[2026-02-11 22:51:01] 最后 Session 更新: 0.1 分钟前
[2026-02-11 22:51:01] 最后日志: 0.1 分钟前
[2026-02-11 22:51:01] ✅ 系统正常
[2026-02-11 22:54:01] ✅ 进程存活 (PID: 31195)
[2026-02-11 22:54:01] 最后心跳: 3.1 分钟前
[2026-02-11 22:54:01] 最后 Session 更新: 0.2 分钟前
[2026-02-11 22:54:01] 最后日志: 0.2 分钟前
[2026-02-11 22:54:01] ✅ 系统正常
[2026-02-11 22:57:01] ✅ 进程存活 (PID: 31195)
[2026-02-11 22:57:01] 最后心跳: 6.1 分钟前
[2026-02-11 22:57:01] 最后 Session 更新: 0.0 分钟前
[2026-02-11 22:57:01] 最后日志: 0.0 分钟前
[2026-02-11 22:57:01] ✅ 系统正常
[2026-02-11 23:00:01] ✅ 进程存活 (PID: 31195)
[2026-02-11 23:00:01] 最后心跳: 2.4 分钟前
[2026-02-11 23:00:01] 最后 Session 更新: 0.1 分钟前
[2026-02-11 23:00:01] 最后日志: 0.0 分钟前
[2026-02-11 23:00:01] ✅ 系统正常
[2026-02-11 23:03:01] ✅ 进程存活 (PID: 31195)
[2026-02-11 23:03:01] 最后心跳: 5.4 分钟前
[2026-02-11 23:03:01] 最后 Session 更新: 0.0 分钟前
[2026-02-11 23:03:01] 最后日志: 0.0 分钟前
[2026-02-11 23:03:01] ✅ 系统正常
[2026-02-11 23:06:01] ✅ 进程存活 (PID: 31195)
[2026-02-11 23:06:01] 最后心跳: 2.5 分钟前
[2026-02-11 23:06:01] 最后 Session 更新: 0.0 分钟前
[2026-02-11 23:06:01] 最后日志: 0.0 分钟前
[2026-02-11 23:06:01] ✅ 系统正常
[2026-02-11 23:09:01] ✅ 进程存活 (PID: 31195)
[2026-02-11 23:09:01] 最后心跳: 5.5 分钟前
[2026-02-11 23:09:01] 最后 Session 更新: 0.0 分钟前
[2026-02-11 23:09:01] 最后日志: 0.0 分钟前
[2026-02-11 23:09:01] ✅ 系统正常
[2026-02-11 23:12:01] ✅ 进程存活 (PID: 31195)
[2026-02-11 23:12:01] 最后心跳: 2.7 分钟前
[2026-02-11 23:12:01] 最后 Session 更新: 0.1 分钟前
[2026-02-11 23:12:01] 最后日志: 0.0 分钟前
[2026-02-11 23:12:01] ✅ 系统正常
[2026-02-11 23:15:01] ✅ 进程存活 (PID: 31195)
[2026-02-11 23:15:01] 最后心跳: 0.4 分钟前
[2026-02-11 23:15:01] 最后 Session 更新: 0.0 分钟前
[2026-02-11 23:15:01] 最后日志: 0.0 分钟前
[2026-02-11 23:15:01] ✅ 系统正常
[2026-02-11 23:18:01] ✅ 进程存活 (PID: 31195)
[2026-02-11 23:18:01] 最后心跳: 3.4 分钟前
[2026-02-11 23:18:01] 最后 Session 更新: 0.0 分钟前
[2026-02-11 23:18:01] 最后日志: 0.0 分钟前
[2026-02-11 23:18:01] ✅ 系统正常
[2026-02-11 23:21:02] ✅ 进程存活 (PID: 31195)
[2026-02-11 23:21:02] 最后心跳: 6.4 分钟前
[2026-02-11 23:21:02] 最后 Session 更新: 0.0 分钟前
[2026-02-11 23:21:02] 最后日志: 0.0 分钟前
[2026-02-11 23:21:02] ✅ 系统正常
[2026-02-11 23:24:01] ✅ 进程存活 (PID: 31195)
[2026-02-11 23:24:01] 最后心跳: 2.9 分钟前
[2026-02-11 23:24:01] 最后 Session 更新: 0.0 分钟前
[2026-02-11 23:24:01] 最后日志: 0.0 分钟前
[2026-02-11 23:24:01] ✅ 系统正常
[2026-02-11 23:27:01] ✅ 进程存活 (PID: 31195)
[2026-02-11 23:27:01] 最后心跳: 0.2 分钟前
[2026-02-11 23:27:01] 最后 Session 更新: 0.0 分钟前
[2026-02-11 23:27:01] 最后日志: 0.0 分钟前
[2026-02-11 23:27:01] ✅ 系统正常
[2026-02-11 23:30:01] ✅ 进程存活 (PID: 31195)
[2026-02-11 23:30:01] 最后心跳: 3.2 分钟前
[2026-02-11 23:30:01] 最后 Session 更新: 0.0 分钟前
[2026-02-11 23:30:01] 最后日志: 0.0 分钟前
[2026-02-11 23:30:01] ✅ 系统正常
[2026-02-11 23:33:01] ✅ 进程存活 (PID: 31195)
[2026-02-11 23:33:01] 最后心跳: 1.2 分钟前
[2026-02-11 23:33:01] 最后 Session 更新: 0.2 分钟前
[2026-02-11 23:33:01] 最后日志: 0.1 分钟前
[2026-02-11 23:33:01] ✅ 系统正常
[2026-02-11 23:36:01] ✅ 进程存活 (PID: 31195)
[2026-02-11 23:36:01] 最后心跳: 4.2 分钟前
[2026-02-11 23:36:01] 最后 Session 更新: 1.6 分钟前
[2026-02-11 23:36:01] 最后日志: 0.6 分钟前
[2026-02-11 23:36:01] ✅ 系统正常
[2026-02-11 23:39:01] ✅ 进程存活 (PID: 31195)
[2026-02-11 23:39:01] 最后心跳: 7.2 分钟前
[2026-02-11 23:39:01] 最后 Session 更新: 1.3 分钟前
[2026-02-11 23:39:01] 最后日志: 0.6 分钟前
[2026-02-11 23:39:01] ✅ 系统正常
[2026-02-11 23:42:01] ✅ 进程存活 (PID: 31195)
[2026-02-11 23:42:01] 最后心跳: 10.2 分钟前
[2026-02-11 23:42:01] 最后 Session 更新: 0.0 分钟前
[2026-02-11 23:42:01] 最后日志: 0.0 分钟前
Traceback (most recent call last):
  File "/home/ubuntu/.openclaw/workspace/scripts/independent-watchdog.py", line 479, in <module>
    main()
  File "/home/ubuntu/.openclaw/workspace/scripts/independent-watchdog.py", line 450, in main
    f"心跳停止 {hb_minutes:.0f if hb_minutes else '?'}分钟，"
               ^^^^^^^^^^^^^^^^^^^^^^^^^^^^^^^^^^^^^^^
ValueError: Invalid format specifier '.0f if hb_minutes else '?'' for object of type 'float'
[2026-02-11 23:45:01] ✅ 进程存活 (PID: 31195)
[2026-02-11 23:45:01] 最后心跳: 13.2 分钟前
[2026-02-11 23:45:01] 最后 Session 更新: 2.2 分钟前
[2026-02-11 23:45:01] 最后日志: 0.5 分钟前
Traceback (most recent call last):
  File "/home/ubuntu/.openclaw/workspace/scripts/independent-watchdog.py", line 479, in <module>
    main()
  File "/home/ubuntu/.openclaw/workspace/scripts/independent-watchdog.py", line 450, in main
    f"心跳停止 {hb_minutes:.0f if hb_minutes else '?'}分钟，"
               ^^^^^^^^^^^^^^^^^^^^^^^^^^^^^^^^^^^^^^^
ValueError: Invalid format specifier '.0f if hb_minutes else '?'' for object of type 'float'
[2026-02-11 23:48:01] ✅ 进程存活 (PID: 31195)
[2026-02-11 23:48:01] 最后心跳: 16.2 分钟前
[2026-02-11 23:48:01] 最后 Session 更新: 0.2 分钟前
[2026-02-11 23:48:01] 最后日志: 0.2 分钟前
Traceback (most recent call last):
  File "/home/ubuntu/.openclaw/workspace/scripts/independent-watchdog.py", line 479, in <module>
    main()
  File "/home/ubuntu/.openclaw/workspace/scripts/independent-watchdog.py", line 450, in main
    f"心跳停止 {hb_minutes:.0f if hb_minutes else '?'}分钟，"
               ^^^^^^^^^^^^^^^^^^^^^^^^^^^^^^^^^^^^^^^
ValueError: Invalid format specifier '.0f if hb_minutes else '?'' for object of type 'float'
[2026-02-11 23:51:01] ✅ 进程存活 (PID: 31195)
[2026-02-11 23:51:01] 最后心跳: 19.2 分钟前
[2026-02-11 23:51:01] 最后 Session 更新: 3.2 分钟前
[2026-02-11 23:51:01] 最后日志: 0.5 分钟前
Traceback (most recent call last):
  File "/home/ubuntu/.openclaw/workspace/scripts/independent-watchdog.py", line 479, in <module>
    main()
  File "/home/ubuntu/.openclaw/workspace/scripts/independent-watchdog.py", line 450, in main
    f"心跳停止 {hb_minutes:.0f if hb_minutes else '?'}分钟，"
               ^^^^^^^^^^^^^^^^^^^^^^^^^^^^^^^^^^^^^^^
ValueError: Invalid format specifier '.0f if hb_minutes else '?'' for object of type 'float'
[2026-02-11 23:54:01] ✅ 进程存活 (PID: 31195)
[2026-02-11 23:54:01] 最后心跳: 22.2 分钟前
[2026-02-11 23:54:01] 最后 Session 更新: 1.2 分钟前
[2026-02-11 23:54:01] 最后日志: 0.6 分钟前
Traceback (most recent call last):
  File "/home/ubuntu/.openclaw/workspace/scripts/independent-watchdog.py", line 479, in <module>
    main()
  File "/home/ubuntu/.openclaw/workspace/scripts/independent-watchdog.py", line 450, in main
    f"心跳停止 {hb_minutes:.0f if hb_minutes else '?'}分钟，"
               ^^^^^^^^^^^^^^^^^^^^^^^^^^^^^^^^^^^^^^^
ValueError: Invalid format specifier '.0f if hb_minutes else '?'' for object of type 'float'
[2026-02-11 23:57:01] ✅ 进程存活 (PID: 31195)
[2026-02-11 23:57:01] 最后心跳: 25.2 分钟前
[2026-02-11 23:57:01] 最后 Session 更新: 4.2 分钟前
[2026-02-11 23:57:01] 最后日志: 0.6 分钟前
Traceback (most recent call last):
  File "/home/ubuntu/.openclaw/workspace/scripts/independent-watchdog.py", line 479, in <module>
    main()
  File "/home/ubuntu/.openclaw/workspace/scripts/independent-watchdog.py", line 450, in main
    f"心跳停止 {hb_minutes:.0f if hb_minutes else '?'}分钟，"
               ^^^^^^^^^^^^^^^^^^^^^^^^^^^^^^^^^^^^^^^
ValueError: Invalid format specifier '.0f if hb_minutes else '?'' for object of type 'float'
[2026-02-12 00:00:01] ✅ 进程存活 (PID: 31195)
[2026-02-12 00:00:01] 最后心跳: 28.2 分钟前
[2026-02-12 00:00:01] 最后 Session 更新: 2.3 分钟前
[2026-02-12 00:00:01] 最后日志: 0.6 分钟前
Traceback (most recent call last):
  File "/home/ubuntu/.openclaw/workspace/scripts/independent-watchdog.py", line 479, in <module>
    main()
  File "/home/ubuntu/.openclaw/workspace/scripts/independent-watchdog.py", line 450, in main
    f"心跳停止 {hb_minutes:.0f if hb_minutes else '?'}分钟，"
               ^^^^^^^^^^^^^^^^^^^^^^^^^^^^^^^^^^^^^^^
ValueError: Invalid format specifier '.0f if hb_minutes else '?'' for object of type 'float'
[2026-02-12 00:03:01] ✅ 进程存活 (PID: 31195)
[2026-02-12 00:03:01] 最后心跳: 31.2 分钟前
[2026-02-12 00:03:01] 最后 Session 更新: 0.2 分钟前
[2026-02-12 00:03:01] 最后日志: 0.2 分钟前
Traceback (most recent call last):
  File "/home/ubuntu/.openclaw/workspace/scripts/independent-watchdog.py", line 479, in <module>
    main()
  File "/home/ubuntu/.openclaw/workspace/scripts/independent-watchdog.py", line 450, in main
    f"心跳停止 {hb_minutes:.0f if hb_minutes else '?'}分钟，"
               ^^^^^^^^^^^^^^^^^^^^^^^^^^^^^^^^^^^^^^^
ValueError: Invalid format specifier '.0f if hb_minutes else '?'' for object of type 'float'
[2026-02-12 00:06:01] ✅ 进程存活 (PID: 31195)
[2026-02-12 00:06:01] 最后心跳: 34.2 分钟前
[2026-02-12 00:06:01] 最后 Session 更新: 3.2 分钟前
[2026-02-12 00:06:01] 最后日志: 0.6 分钟前
Traceback (most recent call last):
  File "/home/ubuntu/.openclaw/workspace/scripts/independent-watchdog.py", line 479, in <module>
    main()
  File "/home/ubuntu/.openclaw/workspace/scripts/independent-watchdog.py", line 450, in main
    f"心跳停止 {hb_minutes:.0f if hb_minutes else '?'}分钟，"
               ^^^^^^^^^^^^^^^^^^^^^^^^^^^^^^^^^^^^^^^
ValueError: Invalid format specifier '.0f if hb_minutes else '?'' for object of type 'float'
[2026-02-12 00:09:01] ✅ 进程存活 (PID: 31195)
[2026-02-12 00:09:01] 最后心跳: 37.2 分钟前
[2026-02-12 00:09:01] 最后 Session 更新: 1.3 分钟前
[2026-02-12 00:09:01] 最后日志: 0.5 分钟前
Traceback (most recent call last):
  File "/home/ubuntu/.openclaw/workspace/scripts/independent-watchdog.py", line 479, in <module>
    main()
  File "/home/ubuntu/.openclaw/workspace/scripts/independent-watchdog.py", line 450, in main
    f"心跳停止 {hb_minutes:.0f if hb_minutes else '?'}分钟，"
               ^^^^^^^^^^^^^^^^^^^^^^^^^^^^^^^^^^^^^^^
ValueError: Invalid format specifier '.0f if hb_minutes else '?'' for object of type 'float'
[2026-02-12 00:12:01] ✅ 进程存活 (PID: 31195)
[2026-02-12 00:12:01] 最后心跳: 40.2 分钟前
[2026-02-12 00:12:01] 最后 Session 更新: 4.2 分钟前
[2026-02-12 00:12:01] 最后日志: 0.6 分钟前
Traceback (most recent call last):
  File "/home/ubuntu/.openclaw/workspace/scripts/independent-watchdog.py", line 479, in <module>
    main()
  File "/home/ubuntu/.openclaw/workspace/scripts/independent-watchdog.py", line 450, in main
    f"心跳停止 {hb_minutes:.0f if hb_minutes else '?'}分钟，"
               ^^^^^^^^^^^^^^^^^^^^^^^^^^^^^^^^^^^^^^^
ValueError: Invalid format specifier '.0f if hb_minutes else '?'' for object of type 'float'
[2026-02-12 00:15:01] ✅ 进程存活 (PID: 31195)
[2026-02-12 00:15:01] 最后心跳: 43.2 分钟前
[2026-02-12 00:15:01] 最后 Session 更新: 2.2 分钟前
[2026-02-12 00:15:01] 最后日志: 0.6 分钟前
Traceback (most recent call last):
  File "/home/ubuntu/.openclaw/workspace/scripts/independent-watchdog.py", line 479, in <module>
    main()
  File "/home/ubuntu/.openclaw/workspace/scripts/independent-watchdog.py", line 450, in main
    f"心跳停止 {hb_minutes:.0f if hb_minutes else '?'}分钟，"
               ^^^^^^^^^^^^^^^^^^^^^^^^^^^^^^^^^^^^^^^
ValueError: Invalid format specifier '.0f if hb_minutes else '?'' for object of type 'float'
[2026-02-12 00:18:01] ✅ 进程存活 (PID: 31195)
[2026-02-12 00:18:01] 最后心跳: 46.2 分钟前
[2026-02-12 00:18:01] 最后 Session 更新: 0.2 分钟前
[2026-02-12 00:18:01] 最后日志: 0.2 分钟前
Traceback (most recent call last):
  File "/home/ubuntu/.openclaw/workspace/scripts/independent-watchdog.py", line 479, in <module>
    main()
  File "/home/ubuntu/.openclaw/workspace/scripts/independent-watchdog.py", line 450, in main
    f"心跳停止 {hb_minutes:.0f if hb_minutes else '?'}分钟，"
               ^^^^^^^^^^^^^^^^^^^^^^^^^^^^^^^^^^^^^^^
ValueError: Invalid format specifier '.0f if hb_minutes else '?'' for object of type 'float'
[2026-02-12 00:21:01] ✅ 进程存活 (PID: 31195)
[2026-02-12 00:21:01] 最后心跳: 49.2 分钟前
[2026-02-12 00:21:01] 最后 Session 更新: 3.3 分钟前
[2026-02-12 00:21:01] 最后日志: 0.5 分钟前
Traceback (most recent call last):
  File "/home/ubuntu/.openclaw/workspace/scripts/independent-watchdog.py", line 479, in <module>
    main()
  File "/home/ubuntu/.openclaw/workspace/scripts/independent-watchdog.py", line 450, in main
    f"心跳停止 {hb_minutes:.0f if hb_minutes else '?'}分钟，"
               ^^^^^^^^^^^^^^^^^^^^^^^^^^^^^^^^^^^^^^^
ValueError: Invalid format specifier '.0f if hb_minutes else '?'' for object of type 'float'
[2026-02-12 00:24:01] ✅ 进程存活 (PID: 31195)
[2026-02-12 00:24:01] 最后心跳: 52.2 分钟前
[2026-02-12 00:24:01] 最后 Session 更新: 1.2 分钟前
[2026-02-12 00:24:01] 最后日志: 0.6 分钟前
Traceback (most recent call last):
  File "/home/ubuntu/.openclaw/workspace/scripts/independent-watchdog.py", line 479, in <module>
    main()
  File "/home/ubuntu/.openclaw/workspace/scripts/independent-watchdog.py", line 450, in main
    f"心跳停止 {hb_minutes:.0f if hb_minutes else '?'}分钟，"
               ^^^^^^^^^^^^^^^^^^^^^^^^^^^^^^^^^^^^^^^
ValueError: Invalid format specifier '.0f if hb_minutes else '?'' for object of type 'float'
[2026-02-12 00:27:02] ✅ 进程存活 (PID: 31195)
[2026-02-12 00:27:02] 最后心跳: 55.2 分钟前
[2026-02-12 00:27:02] 最后 Session 更新: 4.3 分钟前
[2026-02-12 00:27:02] 最后日志: 0.2 分钟前
Traceback (most recent call last):
  File "/home/ubuntu/.openclaw/workspace/scripts/independent-watchdog.py", line 479, in <module>
    main()
  File "/home/ubuntu/.openclaw/workspace/scripts/independent-watchdog.py", line 450, in main
    f"心跳停止 {hb_minutes:.0f if hb_minutes else '?'}分钟，"
               ^^^^^^^^^^^^^^^^^^^^^^^^^^^^^^^^^^^^^^^
ValueError: Invalid format specifier '.0f if hb_minutes else '?'' for object of type 'float'
[2026-02-12 00:30:01] ✅ 进程存活 (PID: 31195)
[2026-02-12 00:30:01] 最后心跳: 58.2 分钟前
[2026-02-12 00:30:01] 最后 Session 更新: 1.9 分钟前
[2026-02-12 00:30:01] 最后日志: 0.6 分钟前
Traceback (most recent call last):
  File "/home/ubuntu/.openclaw/workspace/scripts/independent-watchdog.py", line 479, in <module>
    main()
  File "/home/ubuntu/.openclaw/workspace/scripts/independent-watchdog.py", line 450, in main
    f"心跳停止 {hb_minutes:.0f if hb_minutes else '?'}分钟，"
               ^^^^^^^^^^^^^^^^^^^^^^^^^^^^^^^^^^^^^^^
ValueError: Invalid format specifier '.0f if hb_minutes else '?'' for object of type 'float'
[2026-02-12 00:33:01] ✅ 进程存活 (PID: 31195)
[2026-02-12 00:33:01] 最后心跳: 61.2 分钟前
[2026-02-12 00:33:01] 最后 Session 更新: 0.2 分钟前
[2026-02-12 00:33:01] 最后日志: 0.0 分钟前
Traceback (most recent call last):
  File "/home/ubuntu/.openclaw/workspace/scripts/independent-watchdog.py", line 479, in <module>
    main()
  File "/home/ubuntu/.openclaw/workspace/scripts/independent-watchdog.py", line 450, in main
    f"心跳停止 {hb_minutes:.0f if hb_minutes else '?'}分钟，"
               ^^^^^^^^^^^^^^^^^^^^^^^^^^^^^^^^^^^^^^^
ValueError: Invalid format specifier '.0f if hb_minutes else '?'' for object of type 'float'
[2026-02-12 00:36:01] ✅ 进程存活 (PID: 42696)
[2026-02-12 00:36:01] 最后心跳: 64.2 分钟前
[2026-02-12 00:36:01] 最后 Session 更新: 0.1 分钟前
[2026-02-12 00:36:01] 最后日志: 0.0 分钟前
Traceback (most recent call last):
  File "/home/ubuntu/.openclaw/workspace/scripts/independent-watchdog.py", line 479, in <module>
    main()
  File "/home/ubuntu/.openclaw/workspace/scripts/independent-watchdog.py", line 450, in main
    f"心跳停止 {hb_minutes:.0f if hb_minutes else '?'}分钟，"
               ^^^^^^^^^^^^^^^^^^^^^^^^^^^^^^^^^^^^^^^
ValueError: Invalid format specifier '.0f if hb_minutes else '?'' for object of type 'float'
[2026-02-12 00:39:01] ✅ 进程存活 (PID: 42696)
[2026-02-12 00:39:01] 最后心跳: 67.2 分钟前
[2026-02-12 00:39:01] 最后 Session 更新: 3.0 分钟前
[2026-02-12 00:39:01] 最后日志: 0.2 分钟前
Traceback (most recent call last):
  File "/home/ubuntu/.openclaw/workspace/scripts/independent-watchdog.py", line 479, in <module>
    main()
  File "/home/ubuntu/.openclaw/workspace/scripts/independent-watchdog.py", line 450, in main
    f"心跳停止 {hb_minutes:.0f if hb_minutes else '?'}分钟，"
               ^^^^^^^^^^^^^^^^^^^^^^^^^^^^^^^^^^^^^^^
ValueError: Invalid format specifier '.0f if hb_minutes else '?'' for object of type 'float'
[2026-02-12 00:42:01] ✅ 进程存活 (PID: 42696)
[2026-02-12 00:42:01] 最后心跳: 70.2 分钟前
[2026-02-12 00:42:01] 最后 Session 更新: 1.9 分钟前
[2026-02-12 00:42:01] 最后日志: 0.2 分钟前
Traceback (most recent call last):
  File "/home/ubuntu/.openclaw/workspace/scripts/independent-watchdog.py", line 479, in <module>
    main()
  File "/home/ubuntu/.openclaw/workspace/scripts/independent-watchdog.py", line 450, in main
    f"心跳停止 {hb_minutes:.0f if hb_minutes else '?'}分钟，"
               ^^^^^^^^^^^^^^^^^^^^^^^^^^^^^^^^^^^^^^^
ValueError: Invalid format specifier '.0f if hb_minutes else '?'' for object of type 'float'
[2026-02-12 00:45:02] ❌ Gateway 进程不存在
[2026-02-12 00:45:02] 🔄 执行重启: 进程不存在
[2026-02-12 00:45:02] Lark 通知已发送
[2026-02-12 00:45:05] ✅ 重启完成
[2026-02-12 00:48:01] ❌ Gateway 进程不存在
[2026-02-12 00:48:01] 冷却期（2.9分钟前重启），跳过
[2026-02-12 00:51:01] ✅ 进程存活 (PID: 43765)
[2026-02-12 00:51:01] 最后心跳: 79.2 分钟前
[2026-02-12 00:51:01] 最后 Session 更新: 0.2 分钟前
[2026-02-12 00:51:01] 最后日志: 0.1 分钟前
Traceback (most recent call last):
  File "/home/ubuntu/.openclaw/workspace/scripts/independent-watchdog.py", line 479, in <module>
    main()
  File "/home/ubuntu/.openclaw/workspace/scripts/independent-watchdog.py", line 450, in main
    f"心跳停止 {hb_minutes:.0f if hb_minutes else '?'}分钟，"
               ^^^^^^^^^^^^^^^^^^^^^^^^^^^^^^^^^^^^^^^
ValueError: Invalid format specifier '.0f if hb_minutes else '?'' for object of type 'float'
[2026-02-12 00:54:01] ✅ 进程存活 (PID: 43765)
[2026-02-12 00:54:01] 最后心跳: 82.2 分钟前
[2026-02-12 00:54:01] 最后 Session 更新: -0.0 分钟前
[2026-02-12 00:54:01] 最后日志: 0.0 分钟前
Traceback (most recent call last):
  File "/home/ubuntu/.openclaw/workspace/scripts/independent-watchdog.py", line 479, in <module>
    main()
  File "/home/ubuntu/.openclaw/workspace/scripts/independent-watchdog.py", line 450, in main
    f"心跳停止 {hb_minutes:.0f if hb_minutes else '?'}分钟，"
               ^^^^^^^^^^^^^^^^^^^^^^^^^^^^^^^^^^^^^^^
ValueError: Invalid format specifier '.0f if hb_minutes else '?'' for object of type 'float'
[2026-02-12 00:57:01] ✅ 进程存活 (PID: 43765)
[2026-02-12 00:57:01] 最后心跳: 85.2 分钟前
[2026-02-12 00:57:01] 最后 Session 更新: 0.0 分钟前
[2026-02-12 00:57:01] 最后日志: 0.0 分钟前
Traceback (most recent call last):
  File "/home/ubuntu/.openclaw/workspace/scripts/independent-watchdog.py", line 479, in <module>
    main()
  File "/home/ubuntu/.openclaw/workspace/scripts/independent-watchdog.py", line 450, in main
    f"心跳停止 {hb_minutes:.0f if hb_minutes else '?'}分钟，"
               ^^^^^^^^^^^^^^^^^^^^^^^^^^^^^^^^^^^^^^^
ValueError: Invalid format specifier '.0f if hb_minutes else '?'' for object of type 'float'
[2026-02-12 01:00:01] ✅ 进程存活 (PID: 43765)
[2026-02-12 01:00:01] 最后心跳: 88.2 分钟前
[2026-02-12 01:00:01] 最后 Session 更新: 0.0 分钟前
[2026-02-12 01:00:01] 最后日志: 0.0 分钟前
Traceback (most recent call last):
  File "/home/ubuntu/.openclaw/workspace/scripts/independent-watchdog.py", line 479, in <module>
    main()
  File "/home/ubuntu/.openclaw/workspace/scripts/independent-watchdog.py", line 450, in main
    f"心跳停止 {hb_minutes:.0f if hb_minutes else '?'}分钟，"
               ^^^^^^^^^^^^^^^^^^^^^^^^^^^^^^^^^^^^^^^
ValueError: Invalid format specifier '.0f if hb_minutes else '?'' for object of type 'float'
[2026-02-12 01:03:01] ✅ 进程存活 (PID: 43765)
[2026-02-12 01:03:01] 最后心跳: 91.2 分钟前
[2026-02-12 01:03:01] 最后 Session 更新: 0.0 分钟前
[2026-02-12 01:03:01] 最后日志: 0.0 分钟前
Traceback (most recent call last):
  File "/home/ubuntu/.openclaw/workspace/scripts/independent-watchdog.py", line 479, in <module>
    main()
  File "/home/ubuntu/.openclaw/workspace/scripts/independent-watchdog.py", line 450, in main
    f"心跳停止 {hb_minutes:.0f if hb_minutes else '?'}分钟，"
               ^^^^^^^^^^^^^^^^^^^^^^^^^^^^^^^^^^^^^^^
ValueError: Invalid format specifier '.0f if hb_minutes else '?'' for object of type 'float'
[2026-02-12 01:06:01] ✅ 进程存活 (PID: 43765)
[2026-02-12 01:06:01] 最后心跳: 2322.8 分钟前
[2026-02-12 01:06:01] 最后 Session 更新: 0.0 分钟前
[2026-02-12 01:06:01] 最后日志: 0.0 分钟前
Traceback (most recent call last):
  File "/home/ubuntu/.openclaw/workspace/scripts/independent-watchdog.py", line 479, in <module>
    main()
  File "/home/ubuntu/.openclaw/workspace/scripts/independent-watchdog.py", line 450, in main
    f"心跳停止 {hb_minutes:.0f if hb_minutes else '?'}分钟，"
               ^^^^^^^^^^^^^^^^^^^^^^^^^^^^^^^^^^^^^^^
ValueError: Invalid format specifier '.0f if hb_minutes else '?'' for object of type 'float'
[2026-02-12 01:09:02] ✅ 进程存活 (PID: 43765)
[2026-02-12 01:09:02] 最后心跳: 2325.8 分钟前
[2026-02-12 01:09:02] 最后 Session 更新: 0.1 分钟前
[2026-02-12 01:09:02] 最后日志: 0.1 分钟前
Traceback (most recent call last):
  File "/home/ubuntu/.openclaw/workspace/scripts/independent-watchdog.py", line 479, in <module>
    main()
  File "/home/ubuntu/.openclaw/workspace/scripts/independent-watchdog.py", line 450, in main
    f"心跳停止 {hb_minutes:.0f if hb_minutes else '?'}分钟，"
               ^^^^^^^^^^^^^^^^^^^^^^^^^^^^^^^^^^^^^^^
ValueError: Invalid format specifier '.0f if hb_minutes else '?'' for object of type 'float'
[2026-02-12 01:12:01] ✅ 进程存活 (PID: 43765)
[2026-02-12 01:12:01] 最后心跳: 2328.8 分钟前
[2026-02-12 01:12:01] 最后 Session 更新: 0.1 分钟前
[2026-02-12 01:12:01] 最后日志: 0.1 分钟前
Traceback (most recent call last):
  File "/home/ubuntu/.openclaw/workspace/scripts/independent-watchdog.py", line 479, in <module>
    main()
  File "/home/ubuntu/.openclaw/workspace/scripts/independent-watchdog.py", line 450, in main
    f"心跳停止 {hb_minutes:.0f if hb_minutes else '?'}分钟，"
               ^^^^^^^^^^^^^^^^^^^^^^^^^^^^^^^^^^^^^^^
ValueError: Invalid format specifier '.0f if hb_minutes else '?'' for object of type 'float'
[2026-02-12 01:15:01] ✅ 进程存活 (PID: 43765)
[2026-02-12 01:15:01] 最后心跳: 2331.8 分钟前
[2026-02-12 01:15:01] 最后 Session 更新: 1.8 分钟前
[2026-02-12 01:15:01] 最后日志: 0.7 分钟前
Traceback (most recent call last):
  File "/home/ubuntu/.openclaw/workspace/scripts/independent-watchdog.py", line 479, in <module>
    main()
  File "/home/ubuntu/.openclaw/workspace/scripts/independent-watchdog.py", line 450, in main
    f"心跳停止 {hb_minutes:.0f if hb_minutes else '?'}分钟，"
               ^^^^^^^^^^^^^^^^^^^^^^^^^^^^^^^^^^^^^^^
ValueError: Invalid format specifier '.0f if hb_minutes else '?'' for object of type 'float'
[2026-02-12 01:18:01] ✅ 进程存活 (PID: 43765)
[2026-02-12 01:18:01] 最后心跳: 2334.8 分钟前
[2026-02-12 01:18:01] 最后 Session 更新: 4.8 分钟前
[2026-02-12 01:18:01] 最后日志: 0.7 分钟前
Traceback (most recent call last):
  File "/home/ubuntu/.openclaw/workspace/scripts/independent-watchdog.py", line 479, in <module>
    main()
  File "/home/ubuntu/.openclaw/workspace/scripts/independent-watchdog.py", line 450, in main
    f"心跳停止 {hb_minutes:.0f if hb_minutes else '?'}分钟，"
               ^^^^^^^^^^^^^^^^^^^^^^^^^^^^^^^^^^^^^^^
ValueError: Invalid format specifier '.0f if hb_minutes else '?'' for object of type 'float'
[2026-02-12 01:21:01] ✅ 进程存活 (PID: 43765)
[2026-02-12 01:21:01] 最后心跳: 2337.8 分钟前
[2026-02-12 01:21:01] 最后 Session 更新: 7.8 分钟前
[2026-02-12 01:21:01] 最后日志: 0.7 分钟前
Traceback (most recent call last):
  File "/home/ubuntu/.openclaw/workspace/scripts/independent-watchdog.py", line 479, in <module>
    main()
  File "/home/ubuntu/.openclaw/workspace/scripts/independent-watchdog.py", line 450, in main
    f"心跳停止 {hb_minutes:.0f if hb_minutes else '?'}分钟，"
               ^^^^^^^^^^^^^^^^^^^^^^^^^^^^^^^^^^^^^^^
ValueError: Invalid format specifier '.0f if hb_minutes else '?'' for object of type 'float'
[2026-02-12 01:24:01] ✅ 进程存活 (PID: 43765)
[2026-02-12 01:24:01] 最后心跳: 2340.8 分钟前
[2026-02-12 01:24:01] 最后 Session 更新: 10.8 分钟前
[2026-02-12 01:24:01] 最后日志: 0.7 分钟前
Traceback (most recent call last):
  File "/home/ubuntu/.openclaw/workspace/scripts/independent-watchdog.py", line 479, in <module>
    main()
  File "/home/ubuntu/.openclaw/workspace/scripts/independent-watchdog.py", line 450, in main
    f"心跳停止 {hb_minutes:.0f if hb_minutes else '?'}分钟，"
               ^^^^^^^^^^^^^^^^^^^^^^^^^^^^^^^^^^^^^^^
ValueError: Invalid format specifier '.0f if hb_minutes else '?'' for object of type 'float'
[2026-02-12 01:27:01] ✅ 进程存活 (PID: 43765)
[2026-02-12 01:27:01] 最后心跳: 2343.8 分钟前
[2026-02-12 01:27:01] 最后 Session 更新: 13.8 分钟前
[2026-02-12 01:27:01] 最后日志: 0.7 分钟前
Traceback (most recent call last):
  File "/home/ubuntu/.openclaw/workspace/scripts/independent-watchdog.py", line 479, in <module>
    main()
  File "/home/ubuntu/.openclaw/workspace/scripts/independent-watchdog.py", line 450, in main
    f"心跳停止 {hb_minutes:.0f if hb_minutes else '?'}分钟，"
               ^^^^^^^^^^^^^^^^^^^^^^^^^^^^^^^^^^^^^^^
ValueError: Invalid format specifier '.0f if hb_minutes else '?'' for object of type 'float'
[2026-02-12 01:30:01] ✅ 进程存活 (PID: 43765)
[2026-02-12 01:30:01] 最后心跳: 2346.8 分钟前
[2026-02-12 01:30:01] 最后 Session 更新: 16.8 分钟前
[2026-02-12 01:30:01] 最后日志: 0.7 分钟前
Traceback (most recent call last):
  File "/home/ubuntu/.openclaw/workspace/scripts/independent-watchdog.py", line 479, in <module>
    main()
  File "/home/ubuntu/.openclaw/workspace/scripts/independent-watchdog.py", line 450, in main
    f"心跳停止 {hb_minutes:.0f if hb_minutes else '?'}分钟，"
               ^^^^^^^^^^^^^^^^^^^^^^^^^^^^^^^^^^^^^^^
ValueError: Invalid format specifier '.0f if hb_minutes else '?'' for object of type 'float'
[2026-02-12 01:33:01] ✅ 进程存活 (PID: 43765)
[2026-02-12 01:33:01] 最后心跳: 2349.8 分钟前
[2026-02-12 01:33:01] 最后 Session 更新: 19.8 分钟前
[2026-02-12 01:33:01] 最后日志: 0.7 分钟前
Traceback (most recent call last):
  File "/home/ubuntu/.openclaw/workspace/scripts/independent-watchdog.py", line 479, in <module>
    main()
  File "/home/ubuntu/.openclaw/workspace/scripts/independent-watchdog.py", line 450, in main
    f"心跳停止 {hb_minutes:.0f if hb_minutes else '?'}分钟，"
               ^^^^^^^^^^^^^^^^^^^^^^^^^^^^^^^^^^^^^^^
ValueError: Invalid format specifier '.0f if hb_minutes else '?'' for object of type 'float'
[2026-02-12 01:36:01] ✅ 进程存活 (PID: 43765)
[2026-02-12 01:36:01] 最后心跳: 2352.8 分钟前
[2026-02-12 01:36:01] 最后 Session 更新: 22.8 分钟前
[2026-02-12 01:36:01] 最后日志: 0.7 分钟前
Traceback (most recent call last):
  File "/home/ubuntu/.openclaw/workspace/scripts/independent-watchdog.py", line 479, in <module>
    main()
  File "/home/ubuntu/.openclaw/workspace/scripts/independent-watchdog.py", line 450, in main
    f"心跳停止 {hb_minutes:.0f if hb_minutes else '?'}分钟，"
               ^^^^^^^^^^^^^^^^^^^^^^^^^^^^^^^^^^^^^^^
ValueError: Invalid format specifier '.0f if hb_minutes else '?'' for object of type 'float'
[2026-02-12 01:39:01] ✅ 进程存活 (PID: 43765)
[2026-02-12 01:39:01] 最后心跳: 2355.8 分钟前
[2026-02-12 01:39:01] 最后 Session 更新: 25.8 分钟前
[2026-02-12 01:39:01] 最后日志: 0.7 分钟前
Traceback (most recent call last):
  File "/home/ubuntu/.openclaw/workspace/scripts/independent-watchdog.py", line 479, in <module>
    main()
  File "/home/ubuntu/.openclaw/workspace/scripts/independent-watchdog.py", line 450, in main
    f"心跳停止 {hb_minutes:.0f if hb_minutes else '?'}分钟，"
               ^^^^^^^^^^^^^^^^^^^^^^^^^^^^^^^^^^^^^^^
ValueError: Invalid format specifier '.0f if hb_minutes else '?'' for object of type 'float'
[2026-02-12 01:42:02] ✅ 进程存活 (PID: 43765)
[2026-02-12 01:42:02] 最后心跳: 2358.8 分钟前
[2026-02-12 01:42:02] 最后 Session 更新: 28.8 分钟前
[2026-02-12 01:42:02] 最后日志: 0.7 分钟前
Traceback (most recent call last):
  File "/home/ubuntu/.openclaw/workspace/scripts/independent-watchdog.py", line 479, in <module>
    main()
  File "/home/ubuntu/.openclaw/workspace/scripts/independent-watchdog.py", line 450, in main
    f"心跳停止 {hb_minutes:.0f if hb_minutes else '?'}分钟，"
               ^^^^^^^^^^^^^^^^^^^^^^^^^^^^^^^^^^^^^^^
ValueError: Invalid format specifier '.0f if hb_minutes else '?'' for object of type 'float'
[2026-02-12 01:45:01] ✅ 进程存活 (PID: 43765)
[2026-02-12 01:45:01] 最后心跳: 2361.8 分钟前
[2026-02-12 01:45:01] 最后 Session 更新: 31.8 分钟前
[2026-02-12 01:45:01] 最后日志: 0.7 分钟前
Traceback (most recent call last):
  File "/home/ubuntu/.openclaw/workspace/scripts/independent-watchdog.py", line 479, in <module>
    main()
  File "/home/ubuntu/.openclaw/workspace/scripts/independent-watchdog.py", line 450, in main
    f"心跳停止 {hb_minutes:.0f if hb_minutes else '?'}分钟，"
               ^^^^^^^^^^^^^^^^^^^^^^^^^^^^^^^^^^^^^^^
ValueError: Invalid format specifier '.0f if hb_minutes else '?'' for object of type 'float'
[2026-02-12 01:48:01] ✅ 进程存活 (PID: 43765)
[2026-02-12 01:48:01] 最后心跳: 2364.8 分钟前
[2026-02-12 01:48:01] 最后 Session 更新: 34.8 分钟前
[2026-02-12 01:48:01] 最后日志: 0.7 分钟前
Traceback (most recent call last):
  File "/home/ubuntu/.openclaw/workspace/scripts/independent-watchdog.py", line 479, in <module>
    main()
  File "/home/ubuntu/.openclaw/workspace/scripts/independent-watchdog.py", line 450, in main
    f"心跳停止 {hb_minutes:.0f if hb_minutes else '?'}分钟，"
               ^^^^^^^^^^^^^^^^^^^^^^^^^^^^^^^^^^^^^^^
ValueError: Invalid format specifier '.0f if hb_minutes else '?'' for object of type 'float'
[2026-02-12 01:51:01] ✅ 进程存活 (PID: 43765)
[2026-02-12 01:51:01] 最后心跳: 2367.8 分钟前
[2026-02-12 01:51:01] 最后 Session 更新: 37.8 分钟前
[2026-02-12 01:51:01] 最后日志: 0.7 分钟前
Traceback (most recent call last):
  File "/home/ubuntu/.openclaw/workspace/scripts/independent-watchdog.py", line 479, in <module>
    main()
  File "/home/ubuntu/.openclaw/workspace/scripts/independent-watchdog.py", line 450, in main
    f"心跳停止 {hb_minutes:.0f if hb_minutes else '?'}分钟，"
               ^^^^^^^^^^^^^^^^^^^^^^^^^^^^^^^^^^^^^^^
ValueError: Invalid format specifier '.0f if hb_minutes else '?'' for object of type 'float'
[2026-02-12 01:54:01] ✅ 进程存活 (PID: 43765)
[2026-02-12 01:54:01] 最后心跳: 2370.8 分钟前
[2026-02-12 01:54:01] 最后 Session 更新: 40.8 分钟前
[2026-02-12 01:54:01] 最后日志: 0.7 分钟前
Traceback (most recent call last):
  File "/home/ubuntu/.openclaw/workspace/scripts/independent-watchdog.py", line 479, in <module>
    main()
  File "/home/ubuntu/.openclaw/workspace/scripts/independent-watchdog.py", line 450, in main
    f"心跳停止 {hb_minutes:.0f if hb_minutes else '?'}分钟，"
               ^^^^^^^^^^^^^^^^^^^^^^^^^^^^^^^^^^^^^^^
ValueError: Invalid format specifier '.0f if hb_minutes else '?'' for object of type 'float'
[2026-02-12 01:57:01] ✅ 进程存活 (PID: 43765)
[2026-02-12 01:57:01] 最后心跳: 2373.8 分钟前
[2026-02-12 01:57:01] 最后 Session 更新: 43.8 分钟前
[2026-02-12 01:57:01] 最后日志: 0.3 分钟前
Traceback (most recent call last):
  File "/home/ubuntu/.openclaw/workspace/scripts/independent-watchdog.py", line 479, in <module>
    main()
  File "/home/ubuntu/.openclaw/workspace/scripts/independent-watchdog.py", line 450, in main
    f"心跳停止 {hb_minutes:.0f if hb_minutes else '?'}分钟，"
               ^^^^^^^^^^^^^^^^^^^^^^^^^^^^^^^^^^^^^^^
ValueError: Invalid format specifier '.0f if hb_minutes else '?'' for object of type 'float'
[2026-02-12 02:00:02] ✅ 进程存活 (PID: 43765)
[2026-02-12 02:00:02] 最后心跳: 2376.8 分钟前
[2026-02-12 02:00:02] 最后 Session 更新: 46.8 分钟前
[2026-02-12 02:00:02] 最后日志: 0.7 分钟前
Traceback (most recent call last):
  File "/home/ubuntu/.openclaw/workspace/scripts/independent-watchdog.py", line 479, in <module>
    main()
  File "/home/ubuntu/.openclaw/workspace/scripts/independent-watchdog.py", line 450, in main
    f"心跳停止 {hb_minutes:.0f if hb_minutes else '?'}分钟，"
               ^^^^^^^^^^^^^^^^^^^^^^^^^^^^^^^^^^^^^^^
ValueError: Invalid format specifier '.0f if hb_minutes else '?'' for object of type 'float'
[2026-02-12 02:03:01] ✅ 进程存活 (PID: 43765)
[2026-02-12 02:03:01] 最后心跳: 2379.8 分钟前
[2026-02-12 02:03:01] 最后 Session 更新: 49.8 分钟前
[2026-02-12 02:03:01] 最后日志: 0.7 分钟前
Traceback (most recent call last):
  File "/home/ubuntu/.openclaw/workspace/scripts/independent-watchdog.py", line 479, in <module>
    main()
  File "/home/ubuntu/.openclaw/workspace/scripts/independent-watchdog.py", line 450, in main
    f"心跳停止 {hb_minutes:.0f if hb_minutes else '?'}分钟，"
               ^^^^^^^^^^^^^^^^^^^^^^^^^^^^^^^^^^^^^^^
ValueError: Invalid format specifier '.0f if hb_minutes else '?'' for object of type 'float'
[2026-02-12 02:06:01] ✅ 进程存活 (PID: 43765)
[2026-02-12 02:06:01] 最后心跳: 2382.8 分钟前
[2026-02-12 02:06:01] 最后 Session 更新: 52.8 分钟前
[2026-02-12 02:06:01] 最后日志: 0.7 分钟前
Traceback (most recent call last):
  File "/home/ubuntu/.openclaw/workspace/scripts/independent-watchdog.py", line 479, in <module>
    main()
  File "/home/ubuntu/.openclaw/workspace/scripts/independent-watchdog.py", line 450, in main
    f"心跳停止 {hb_minutes:.0f if hb_minutes else '?'}分钟，"
               ^^^^^^^^^^^^^^^^^^^^^^^^^^^^^^^^^^^^^^^
ValueError: Invalid format specifier '.0f if hb_minutes else '?'' for object of type 'float'
[2026-02-12 02:09:01] ✅ 进程存活 (PID: 43765)
[2026-02-12 02:09:01] 最后心跳: 2385.8 分钟前
[2026-02-12 02:09:01] 最后 Session 更新: 55.8 分钟前
[2026-02-12 02:09:01] 最后日志: 0.7 分钟前
Traceback (most recent call last):
  File "/home/ubuntu/.openclaw/workspace/scripts/independent-watchdog.py", line 479, in <module>
    main()
  File "/home/ubuntu/.openclaw/workspace/scripts/independent-watchdog.py", line 450, in main
    f"心跳停止 {hb_minutes:.0f if hb_minutes else '?'}分钟，"
               ^^^^^^^^^^^^^^^^^^^^^^^^^^^^^^^^^^^^^^^
ValueError: Invalid format specifier '.0f if hb_minutes else '?'' for object of type 'float'
[2026-02-12 02:12:01] ✅ 进程存活 (PID: 43765)
[2026-02-12 02:12:01] 最后心跳: 2388.8 分钟前
[2026-02-12 02:12:01] 最后 Session 更新: 58.8 分钟前
[2026-02-12 02:12:01] 最后日志: 0.7 分钟前
Traceback (most recent call last):
  File "/home/ubuntu/.openclaw/workspace/scripts/independent-watchdog.py", line 479, in <module>
    main()
  File "/home/ubuntu/.openclaw/workspace/scripts/independent-watchdog.py", line 450, in main
    f"心跳停止 {hb_minutes:.0f if hb_minutes else '?'}分钟，"
               ^^^^^^^^^^^^^^^^^^^^^^^^^^^^^^^^^^^^^^^
ValueError: Invalid format specifier '.0f if hb_minutes else '?'' for object of type 'float'
[2026-02-12 02:15:01] ✅ 进程存活 (PID: 43765)
[2026-02-12 02:15:01] 最后心跳: 2391.8 分钟前
[2026-02-12 02:15:01] 最后 Session 更新: 61.8 分钟前
[2026-02-12 02:15:01] 最后日志: 0.7 分钟前
Traceback (most recent call last):
  File "/home/ubuntu/.openclaw/workspace/scripts/independent-watchdog.py", line 479, in <module>
    main()
  File "/home/ubuntu/.openclaw/workspace/scripts/independent-watchdog.py", line 450, in main
    f"心跳停止 {hb_minutes:.0f if hb_minutes else '?'}分钟，"
               ^^^^^^^^^^^^^^^^^^^^^^^^^^^^^^^^^^^^^^^
ValueError: Invalid format specifier '.0f if hb_minutes else '?'' for object of type 'float'
[2026-02-12 02:18:01] ✅ 进程存活 (PID: 43765)
[2026-02-12 02:18:01] 最后心跳: 2394.8 分钟前
[2026-02-12 02:18:01] 最后 Session 更新: 64.8 分钟前
[2026-02-12 02:18:01] 最后日志: 0.7 分钟前
Traceback (most recent call last):
  File "/home/ubuntu/.openclaw/workspace/scripts/independent-watchdog.py", line 479, in <module>
    main()
  File "/home/ubuntu/.openclaw/workspace/scripts/independent-watchdog.py", line 450, in main
    f"心跳停止 {hb_minutes:.0f if hb_minutes else '?'}分钟，"
               ^^^^^^^^^^^^^^^^^^^^^^^^^^^^^^^^^^^^^^^
ValueError: Invalid format specifier '.0f if hb_minutes else '?'' for object of type 'float'
[2026-02-12 02:21:01] ✅ 进程存活 (PID: 43765)
[2026-02-12 02:21:01] 最后心跳: 2397.8 分钟前
[2026-02-12 02:21:01] 最后 Session 更新: 67.8 分钟前
[2026-02-12 02:21:01] 最后日志: 0.7 分钟前
Traceback (most recent call last):
  File "/home/ubuntu/.openclaw/workspace/scripts/independent-watchdog.py", line 479, in <module>
    main()
  File "/home/ubuntu/.openclaw/workspace/scripts/independent-watchdog.py", line 450, in main
    f"心跳停止 {hb_minutes:.0f if hb_minutes else '?'}分钟，"
               ^^^^^^^^^^^^^^^^^^^^^^^^^^^^^^^^^^^^^^^
ValueError: Invalid format specifier '.0f if hb_minutes else '?'' for object of type 'float'
[2026-02-12 02:24:01] ✅ 进程存活 (PID: 43765)
[2026-02-12 02:24:01] 最后心跳: 2400.8 分钟前
[2026-02-12 02:24:01] 最后 Session 更新: 70.8 分钟前
[2026-02-12 02:24:01] 最后日志: 0.7 分钟前
Traceback (most recent call last):
  File "/home/ubuntu/.openclaw/workspace/scripts/independent-watchdog.py", line 479, in <module>
    main()
  File "/home/ubuntu/.openclaw/workspace/scripts/independent-watchdog.py", line 450, in main
    f"心跳停止 {hb_minutes:.0f if hb_minutes else '?'}分钟，"
               ^^^^^^^^^^^^^^^^^^^^^^^^^^^^^^^^^^^^^^^
ValueError: Invalid format specifier '.0f if hb_minutes else '?'' for object of type 'float'
[2026-02-12 02:27:01] ✅ 进程存活 (PID: 43765)
[2026-02-12 02:27:01] 最后心跳: 2403.8 分钟前
[2026-02-12 02:27:01] 最后 Session 更新: 73.8 分钟前
[2026-02-12 02:27:01] 最后日志: 0.7 分钟前
Traceback (most recent call last):
  File "/home/ubuntu/.openclaw/workspace/scripts/independent-watchdog.py", line 479, in <module>
    main()
  File "/home/ubuntu/.openclaw/workspace/scripts/independent-watchdog.py", line 450, in main
    f"心跳停止 {hb_minutes:.0f if hb_minutes else '?'}分钟，"
               ^^^^^^^^^^^^^^^^^^^^^^^^^^^^^^^^^^^^^^^
ValueError: Invalid format specifier '.0f if hb_minutes else '?'' for object of type 'float'
[2026-02-12 02:30:01] ✅ 进程存活 (PID: 43765)
[2026-02-12 02:30:01] 最后心跳: 2406.8 分钟前
[2026-02-12 02:30:01] 最后 Session 更新: 76.8 分钟前
[2026-02-12 02:30:01] 最后日志: 0.7 分钟前
Traceback (most recent call last):
  File "/home/ubuntu/.openclaw/workspace/scripts/independent-watchdog.py", line 479, in <module>
    main()
  File "/home/ubuntu/.openclaw/workspace/scripts/independent-watchdog.py", line 450, in main
    f"心跳停止 {hb_minutes:.0f if hb_minutes else '?'}分钟，"
               ^^^^^^^^^^^^^^^^^^^^^^^^^^^^^^^^^^^^^^^
ValueError: Invalid format specifier '.0f if hb_minutes else '?'' for object of type 'float'
[2026-02-12 02:33:01] ✅ 进程存活 (PID: 43765)
[2026-02-12 02:33:01] 最后心跳: 2409.8 分钟前
[2026-02-12 02:33:01] 最后 Session 更新: 79.8 分钟前
[2026-02-12 02:33:01] 最后日志: 0.7 分钟前
Traceback (most recent call last):
  File "/home/ubuntu/.openclaw/workspace/scripts/independent-watchdog.py", line 479, in <module>
    main()
  File "/home/ubuntu/.openclaw/workspace/scripts/independent-watchdog.py", line 450, in main
    f"心跳停止 {hb_minutes:.0f if hb_minutes else '?'}分钟，"
               ^^^^^^^^^^^^^^^^^^^^^^^^^^^^^^^^^^^^^^^
ValueError: Invalid format specifier '.0f if hb_minutes else '?'' for object of type 'float'
[2026-02-12 02:36:01] ✅ 进程存活 (PID: 43765)
[2026-02-12 02:36:01] 最后心跳: 2412.8 分钟前
[2026-02-12 02:36:01] 最后 Session 更新: 82.8 分钟前
[2026-02-12 02:36:01] 最后日志: 0.7 分钟前
Traceback (most recent call last):
  File "/home/ubuntu/.openclaw/workspace/scripts/independent-watchdog.py", line 479, in <module>
    main()
  File "/home/ubuntu/.openclaw/workspace/scripts/independent-watchdog.py", line 450, in main
    f"心跳停止 {hb_minutes:.0f if hb_minutes else '?'}分钟，"
               ^^^^^^^^^^^^^^^^^^^^^^^^^^^^^^^^^^^^^^^
ValueError: Invalid format specifier '.0f if hb_minutes else '?'' for object of type 'float'
[2026-02-12 02:39:01] ✅ 进程存活 (PID: 43765)
[2026-02-12 02:39:01] 最后心跳: 2415.8 分钟前
[2026-02-12 02:39:01] 最后 Session 更新: 85.8 分钟前
[2026-02-12 02:39:01] 最后日志: 0.7 分钟前
Traceback (most recent call last):
  File "/home/ubuntu/.openclaw/workspace/scripts/independent-watchdog.py", line 479, in <module>
    main()
  File "/home/ubuntu/.openclaw/workspace/scripts/independent-watchdog.py", line 450, in main
    f"心跳停止 {hb_minutes:.0f if hb_minutes else '?'}分钟，"
               ^^^^^^^^^^^^^^^^^^^^^^^^^^^^^^^^^^^^^^^
ValueError: Invalid format specifier '.0f if hb_minutes else '?'' for object of type 'float'
[2026-02-12 02:42:01] ✅ 进程存活 (PID: 43765)
[2026-02-12 02:42:01] 最后心跳: 2418.8 分钟前
[2026-02-12 02:42:01] 最后 Session 更新: 88.8 分钟前
[2026-02-12 02:42:01] 最后日志: 0.7 分钟前
Traceback (most recent call last):
  File "/home/ubuntu/.openclaw/workspace/scripts/independent-watchdog.py", line 479, in <module>
    main()
  File "/home/ubuntu/.openclaw/workspace/scripts/independent-watchdog.py", line 450, in main
    f"心跳停止 {hb_minutes:.0f if hb_minutes else '?'}分钟，"
               ^^^^^^^^^^^^^^^^^^^^^^^^^^^^^^^^^^^^^^^
ValueError: Invalid format specifier '.0f if hb_minutes else '?'' for object of type 'float'
[2026-02-12 02:45:01] ✅ 进程存活 (PID: 43765)
[2026-02-12 02:45:01] 最后心跳: 2421.8 分钟前
[2026-02-12 02:45:01] 最后 Session 更新: 91.8 分钟前
[2026-02-12 02:45:01] 最后日志: 0.7 分钟前
Traceback (most recent call last):
  File "/home/ubuntu/.openclaw/workspace/scripts/independent-watchdog.py", line 479, in <module>
    main()
  File "/home/ubuntu/.openclaw/workspace/scripts/independent-watchdog.py", line 450, in main
    f"心跳停止 {hb_minutes:.0f if hb_minutes else '?'}分钟，"
               ^^^^^^^^^^^^^^^^^^^^^^^^^^^^^^^^^^^^^^^
ValueError: Invalid format specifier '.0f if hb_minutes else '?'' for object of type 'float'
[2026-02-12 02:48:01] ✅ 进程存活 (PID: 43765)
[2026-02-12 02:48:01] 最后心跳: 2424.8 分钟前
[2026-02-12 02:48:01] 最后 Session 更新: 94.8 分钟前
[2026-02-12 02:48:01] 最后日志: 0.7 分钟前
Traceback (most recent call last):
  File "/home/ubuntu/.openclaw/workspace/scripts/independent-watchdog.py", line 479, in <module>
    main()
  File "/home/ubuntu/.openclaw/workspace/scripts/independent-watchdog.py", line 450, in main
    f"心跳停止 {hb_minutes:.0f if hb_minutes else '?'}分钟，"
               ^^^^^^^^^^^^^^^^^^^^^^^^^^^^^^^^^^^^^^^
ValueError: Invalid format specifier '.0f if hb_minutes else '?'' for object of type 'float'
[2026-02-12 02:51:01] ✅ 进程存活 (PID: 43765)
[2026-02-12 02:51:01] 最后心跳: 2427.8 分钟前
[2026-02-12 02:51:01] 最后 Session 更新: 97.8 分钟前
[2026-02-12 02:51:01] 最后日志: 0.7 分钟前
Traceback (most recent call last):
  File "/home/ubuntu/.openclaw/workspace/scripts/independent-watchdog.py", line 479, in <module>
    main()
  File "/home/ubuntu/.openclaw/workspace/scripts/independent-watchdog.py", line 450, in main
    f"心跳停止 {hb_minutes:.0f if hb_minutes else '?'}分钟，"
               ^^^^^^^^^^^^^^^^^^^^^^^^^^^^^^^^^^^^^^^
ValueError: Invalid format specifier '.0f if hb_minutes else '?'' for object of type 'float'
[2026-02-12 02:54:01] ✅ 进程存活 (PID: 43765)
[2026-02-12 02:54:01] 最后心跳: 2430.8 分钟前
[2026-02-12 02:54:01] 最后 Session 更新: 100.8 分钟前
[2026-02-12 02:54:01] 最后日志: 0.7 分钟前
Traceback (most recent call last):
  File "/home/ubuntu/.openclaw/workspace/scripts/independent-watchdog.py", line 479, in <module>
    main()
  File "/home/ubuntu/.openclaw/workspace/scripts/independent-watchdog.py", line 450, in main
    f"心跳停止 {hb_minutes:.0f if hb_minutes else '?'}分钟，"
               ^^^^^^^^^^^^^^^^^^^^^^^^^^^^^^^^^^^^^^^
ValueError: Invalid format specifier '.0f if hb_minutes else '?'' for object of type 'float'
[2026-02-12 02:57:01] ✅ 进程存活 (PID: 43765)
[2026-02-12 02:57:01] 最后心跳: 2433.8 分钟前
[2026-02-12 02:57:01] 最后 Session 更新: 103.8 分钟前
[2026-02-12 02:57:01] 最后日志: 0.7 分钟前
Traceback (most recent call last):
  File "/home/ubuntu/.openclaw/workspace/scripts/independent-watchdog.py", line 479, in <module>
    main()
  File "/home/ubuntu/.openclaw/workspace/scripts/independent-watchdog.py", line 450, in main
    f"心跳停止 {hb_minutes:.0f if hb_minutes else '?'}分钟，"
               ^^^^^^^^^^^^^^^^^^^^^^^^^^^^^^^^^^^^^^^
ValueError: Invalid format specifier '.0f if hb_minutes else '?'' for object of type 'float'
[2026-02-12 03:00:01] ✅ 进程存活 (PID: 43765)
[2026-02-12 03:00:01] 最后心跳: 2436.8 分钟前
[2026-02-12 03:00:01] 最后 Session 更新: 106.8 分钟前
[2026-02-12 03:00:01] 最后日志: 0.7 分钟前
Traceback (most recent call last):
  File "/home/ubuntu/.openclaw/workspace/scripts/independent-watchdog.py", line 479, in <module>
    main()
  File "/home/ubuntu/.openclaw/workspace/scripts/independent-watchdog.py", line 450, in main
    f"心跳停止 {hb_minutes:.0f if hb_minutes else '?'}分钟，"
               ^^^^^^^^^^^^^^^^^^^^^^^^^^^^^^^^^^^^^^^
ValueError: Invalid format specifier '.0f if hb_minutes else '?'' for object of type 'float'
[2026-02-12 03:03:01] ✅ 进程存活 (PID: 43765)
[2026-02-12 03:03:01] 最后心跳: 2439.8 分钟前
[2026-02-12 03:03:01] 最后 Session 更新: 109.8 分钟前
[2026-02-12 03:03:01] 最后日志: 0.7 分钟前
Traceback (most recent call last):
  File "/home/ubuntu/.openclaw/workspace/scripts/independent-watchdog.py", line 479, in <module>
    main()
  File "/home/ubuntu/.openclaw/workspace/scripts/independent-watchdog.py", line 450, in main
    f"心跳停止 {hb_minutes:.0f if hb_minutes else '?'}分钟，"
               ^^^^^^^^^^^^^^^^^^^^^^^^^^^^^^^^^^^^^^^
ValueError: Invalid format specifier '.0f if hb_minutes else '?'' for object of type 'float'
[2026-02-12 03:06:02] ✅ 进程存活 (PID: 43765)
[2026-02-12 03:06:02] 最后心跳: 2442.8 分钟前
[2026-02-12 03:06:02] 最后 Session 更新: 112.8 分钟前
[2026-02-12 03:06:02] 最后日志: 0.7 分钟前
Traceback (most recent call last):
  File "/home/ubuntu/.openclaw/workspace/scripts/independent-watchdog.py", line 479, in <module>
    main()
  File "/home/ubuntu/.openclaw/workspace/scripts/independent-watchdog.py", line 450, in main
    f"心跳停止 {hb_minutes:.0f if hb_minutes else '?'}分钟，"
               ^^^^^^^^^^^^^^^^^^^^^^^^^^^^^^^^^^^^^^^
ValueError: Invalid format specifier '.0f if hb_minutes else '?'' for object of type 'float'
[2026-02-12 03:09:01] ✅ 进程存活 (PID: 43765)
[2026-02-12 03:09:01] 最后心跳: 2445.8 分钟前
[2026-02-12 03:09:01] 最后 Session 更新: 115.8 分钟前
[2026-02-12 03:09:01] 最后日志: 0.7 分钟前
Traceback (most recent call last):
  File "/home/ubuntu/.openclaw/workspace/scripts/independent-watchdog.py", line 479, in <module>
    main()
  File "/home/ubuntu/.openclaw/workspace/scripts/independent-watchdog.py", line 450, in main
    f"心跳停止 {hb_minutes:.0f if hb_minutes else '?'}分钟，"
               ^^^^^^^^^^^^^^^^^^^^^^^^^^^^^^^^^^^^^^^
ValueError: Invalid format specifier '.0f if hb_minutes else '?'' for object of type 'float'
[2026-02-12 03:12:01] ✅ 进程存活 (PID: 43765)
[2026-02-12 03:12:01] 最后心跳: 2448.8 分钟前
[2026-02-12 03:12:01] 最后 Session 更新: 118.8 分钟前
[2026-02-12 03:12:01] 最后日志: 0.7 分钟前
Traceback (most recent call last):
  File "/home/ubuntu/.openclaw/workspace/scripts/independent-watchdog.py", line 479, in <module>
    main()
  File "/home/ubuntu/.openclaw/workspace/scripts/independent-watchdog.py", line 450, in main
    f"心跳停止 {hb_minutes:.0f if hb_minutes else '?'}分钟，"
               ^^^^^^^^^^^^^^^^^^^^^^^^^^^^^^^^^^^^^^^
ValueError: Invalid format specifier '.0f if hb_minutes else '?'' for object of type 'float'
[2026-02-12 03:15:01] ✅ 进程存活 (PID: 43765)
[2026-02-12 03:15:01] 最后心跳: 2451.8 分钟前
[2026-02-12 03:15:01] 最后 Session 更新: 121.8 分钟前
[2026-02-12 03:15:01] 最后日志: 0.7 分钟前
Traceback (most recent call last):
  File "/home/ubuntu/.openclaw/workspace/scripts/independent-watchdog.py", line 479, in <module>
    main()
  File "/home/ubuntu/.openclaw/workspace/scripts/independent-watchdog.py", line 450, in main
    f"心跳停止 {hb_minutes:.0f if hb_minutes else '?'}分钟，"
               ^^^^^^^^^^^^^^^^^^^^^^^^^^^^^^^^^^^^^^^
ValueError: Invalid format specifier '.0f if hb_minutes else '?'' for object of type 'float'
[2026-02-12 03:18:01] ✅ 进程存活 (PID: 43765)
[2026-02-12 03:18:01] 最后心跳: 2454.8 分钟前
[2026-02-12 03:18:01] 最后 Session 更新: 124.8 分钟前
[2026-02-12 03:18:01] 最后日志: 0.7 分钟前
Traceback (most recent call last):
  File "/home/ubuntu/.openclaw/workspace/scripts/independent-watchdog.py", line 479, in <module>
    main()
  File "/home/ubuntu/.openclaw/workspace/scripts/independent-watchdog.py", line 450, in main
    f"心跳停止 {hb_minutes:.0f if hb_minutes else '?'}分钟，"
               ^^^^^^^^^^^^^^^^^^^^^^^^^^^^^^^^^^^^^^^
ValueError: Invalid format specifier '.0f if hb_minutes else '?'' for object of type 'float'
[2026-02-12 03:21:01] ✅ 进程存活 (PID: 43765)
[2026-02-12 03:21:01] 最后心跳: 2457.8 分钟前
[2026-02-12 03:21:01] 最后 Session 更新: 127.8 分钟前
[2026-02-12 03:21:01] 最后日志: 0.7 分钟前
Traceback (most recent call last):
  File "/home/ubuntu/.openclaw/workspace/scripts/independent-watchdog.py", line 479, in <module>
    main()
  File "/home/ubuntu/.openclaw/workspace/scripts/independent-watchdog.py", line 450, in main
    f"心跳停止 {hb_minutes:.0f if hb_minutes else '?'}分钟，"
               ^^^^^^^^^^^^^^^^^^^^^^^^^^^^^^^^^^^^^^^
ValueError: Invalid format specifier '.0f if hb_minutes else '?'' for object of type 'float'
[2026-02-12 03:24:02] ✅ 进程存活 (PID: 43765)
[2026-02-12 03:24:02] 最后心跳: 2460.8 分钟前
[2026-02-12 03:24:02] 最后 Session 更新: 130.8 分钟前
[2026-02-12 03:24:02] 最后日志: 0.7 分钟前
Traceback (most recent call last):
  File "/home/ubuntu/.openclaw/workspace/scripts/independent-watchdog.py", line 479, in <module>
    main()
  File "/home/ubuntu/.openclaw/workspace/scripts/independent-watchdog.py", line 450, in main
    f"心跳停止 {hb_minutes:.0f if hb_minutes else '?'}分钟，"
               ^^^^^^^^^^^^^^^^^^^^^^^^^^^^^^^^^^^^^^^
ValueError: Invalid format specifier '.0f if hb_minutes else '?'' for object of type 'float'
[2026-02-12 03:27:01] ✅ 进程存活 (PID: 43765)
[2026-02-12 03:27:01] 最后心跳: 2463.8 分钟前
[2026-02-12 03:27:01] 最后 Session 更新: 133.8 分钟前
[2026-02-12 03:27:01] 最后日志: 0.7 分钟前
Traceback (most recent call last):
  File "/home/ubuntu/.openclaw/workspace/scripts/independent-watchdog.py", line 479, in <module>
    main()
  File "/home/ubuntu/.openclaw/workspace/scripts/independent-watchdog.py", line 450, in main
    f"心跳停止 {hb_minutes:.0f if hb_minutes else '?'}分钟，"
               ^^^^^^^^^^^^^^^^^^^^^^^^^^^^^^^^^^^^^^^
ValueError: Invalid format specifier '.0f if hb_minutes else '?'' for object of type 'float'
[2026-02-12 03:30:01] ✅ 进程存活 (PID: 43765)
[2026-02-12 03:30:01] 最后心跳: 2466.8 分钟前
[2026-02-12 03:30:01] 最后 Session 更新: 136.8 分钟前
[2026-02-12 03:30:01] 最后日志: 0.7 分钟前
Traceback (most recent call last):
  File "/home/ubuntu/.openclaw/workspace/scripts/independent-watchdog.py", line 479, in <module>
    main()
  File "/home/ubuntu/.openclaw/workspace/scripts/independent-watchdog.py", line 450, in main
    f"心跳停止 {hb_minutes:.0f if hb_minutes else '?'}分钟，"
               ^^^^^^^^^^^^^^^^^^^^^^^^^^^^^^^^^^^^^^^
ValueError: Invalid format specifier '.0f if hb_minutes else '?'' for object of type 'float'
[2026-02-12 03:33:01] ✅ 进程存活 (PID: 43765)
[2026-02-12 03:33:01] 最后心跳: 2469.8 分钟前
[2026-02-12 03:33:01] 最后 Session 更新: 139.8 分钟前
[2026-02-12 03:33:01] 最后日志: 0.7 分钟前
Traceback (most recent call last):
  File "/home/ubuntu/.openclaw/workspace/scripts/independent-watchdog.py", line 479, in <module>
    main()
  File "/home/ubuntu/.openclaw/workspace/scripts/independent-watchdog.py", line 450, in main
    f"心跳停止 {hb_minutes:.0f if hb_minutes else '?'}分钟，"
               ^^^^^^^^^^^^^^^^^^^^^^^^^^^^^^^^^^^^^^^
ValueError: Invalid format specifier '.0f if hb_minutes else '?'' for object of type 'float'
[2026-02-12 03:36:01] ✅ 进程存活 (PID: 43765)
[2026-02-12 03:36:01] 最后心跳: 2472.8 分钟前
[2026-02-12 03:36:01] 最后 Session 更新: 142.8 分钟前
[2026-02-12 03:36:01] 最后日志: 0.7 分钟前
Traceback (most recent call last):
  File "/home/ubuntu/.openclaw/workspace/scripts/independent-watchdog.py", line 479, in <module>
    main()
  File "/home/ubuntu/.openclaw/workspace/scripts/independent-watchdog.py", line 450, in main
    f"心跳停止 {hb_minutes:.0f if hb_minutes else '?'}分钟，"
               ^^^^^^^^^^^^^^^^^^^^^^^^^^^^^^^^^^^^^^^
ValueError: Invalid format specifier '.0f if hb_minutes else '?'' for object of type 'float'
[2026-02-12 03:39:01] ✅ 进程存活 (PID: 43765)
[2026-02-12 03:39:01] 最后心跳: 2475.8 分钟前
[2026-02-12 03:39:01] 最后 Session 更新: 145.8 分钟前
[2026-02-12 03:39:01] 最后日志: 0.7 分钟前
Traceback (most recent call last):
  File "/home/ubuntu/.openclaw/workspace/scripts/independent-watchdog.py", line 479, in <module>
    main()
  File "/home/ubuntu/.openclaw/workspace/scripts/independent-watchdog.py", line 450, in main
    f"心跳停止 {hb_minutes:.0f if hb_minutes else '?'}分钟，"
               ^^^^^^^^^^^^^^^^^^^^^^^^^^^^^^^^^^^^^^^
ValueError: Invalid format specifier '.0f if hb_minutes else '?'' for object of type 'float'
[2026-02-12 03:42:01] ✅ 进程存活 (PID: 43765)
[2026-02-12 03:42:01] 最后心跳: 2478.8 分钟前
[2026-02-12 03:42:01] 最后 Session 更新: 148.8 分钟前
[2026-02-12 03:42:01] 最后日志: 0.7 分钟前
Traceback (most recent call last):
  File "/home/ubuntu/.openclaw/workspace/scripts/independent-watchdog.py", line 479, in <module>
    main()
  File "/home/ubuntu/.openclaw/workspace/scripts/independent-watchdog.py", line 450, in main
    f"心跳停止 {hb_minutes:.0f if hb_minutes else '?'}分钟，"
               ^^^^^^^^^^^^^^^^^^^^^^^^^^^^^^^^^^^^^^^
ValueError: Invalid format specifier '.0f if hb_minutes else '?'' for object of type 'float'
[2026-02-12 03:45:01] ✅ 进程存活 (PID: 43765)
[2026-02-12 03:45:01] 最后心跳: 2481.8 分钟前
[2026-02-12 03:45:01] 最后 Session 更新: 151.8 分钟前
[2026-02-12 03:45:01] 最后日志: 0.7 分钟前
Traceback (most recent call last):
  File "/home/ubuntu/.openclaw/workspace/scripts/independent-watchdog.py", line 479, in <module>
    main()
  File "/home/ubuntu/.openclaw/workspace/scripts/independent-watchdog.py", line 450, in main
    f"心跳停止 {hb_minutes:.0f if hb_minutes else '?'}分钟，"
               ^^^^^^^^^^^^^^^^^^^^^^^^^^^^^^^^^^^^^^^
ValueError: Invalid format specifier '.0f if hb_minutes else '?'' for object of type 'float'
[2026-02-12 03:48:01] ✅ 进程存活 (PID: 43765)
[2026-02-12 03:48:01] 最后心跳: 2484.8 分钟前
[2026-02-12 03:48:01] 最后 Session 更新: 154.8 分钟前
[2026-02-12 03:48:01] 最后日志: 0.7 分钟前
Traceback (most recent call last):
  File "/home/ubuntu/.openclaw/workspace/scripts/independent-watchdog.py", line 479, in <module>
    main()
  File "/home/ubuntu/.openclaw/workspace/scripts/independent-watchdog.py", line 450, in main
    f"心跳停止 {hb_minutes:.0f if hb_minutes else '?'}分钟，"
               ^^^^^^^^^^^^^^^^^^^^^^^^^^^^^^^^^^^^^^^
ValueError: Invalid format specifier '.0f if hb_minutes else '?'' for object of type 'float'
[2026-02-12 03:51:01] ✅ 进程存活 (PID: 43765)
[2026-02-12 03:51:01] 最后心跳: 2487.8 分钟前
[2026-02-12 03:51:01] 最后 Session 更新: 157.8 分钟前
[2026-02-12 03:51:01] 最后日志: 0.7 分钟前
Traceback (most recent call last):
  File "/home/ubuntu/.openclaw/workspace/scripts/independent-watchdog.py", line 479, in <module>
    main()
  File "/home/ubuntu/.openclaw/workspace/scripts/independent-watchdog.py", line 450, in main
    f"心跳停止 {hb_minutes:.0f if hb_minutes else '?'}分钟，"
               ^^^^^^^^^^^^^^^^^^^^^^^^^^^^^^^^^^^^^^^
ValueError: Invalid format specifier '.0f if hb_minutes else '?'' for object of type 'float'
[2026-02-12 03:54:01] ✅ 进程存活 (PID: 43765)
[2026-02-12 03:54:01] 最后心跳: 2490.8 分钟前
[2026-02-12 03:54:01] 最后 Session 更新: 160.8 分钟前
[2026-02-12 03:54:01] 最后日志: 0.7 分钟前
Traceback (most recent call last):
  File "/home/ubuntu/.openclaw/workspace/scripts/independent-watchdog.py", line 479, in <module>
    main()
  File "/home/ubuntu/.openclaw/workspace/scripts/independent-watchdog.py", line 450, in main
    f"心跳停止 {hb_minutes:.0f if hb_minutes else '?'}分钟，"
               ^^^^^^^^^^^^^^^^^^^^^^^^^^^^^^^^^^^^^^^
ValueError: Invalid format specifier '.0f if hb_minutes else '?'' for object of type 'float'
[2026-02-12 03:57:01] ✅ 进程存活 (PID: 43765)
[2026-02-12 03:57:01] 最后心跳: 2493.8 分钟前
[2026-02-12 03:57:01] 最后 Session 更新: 163.8 分钟前
[2026-02-12 03:57:01] 最后日志: 0.7 分钟前
Traceback (most recent call last):
  File "/home/ubuntu/.openclaw/workspace/scripts/independent-watchdog.py", line 479, in <module>
    main()
  File "/home/ubuntu/.openclaw/workspace/scripts/independent-watchdog.py", line 450, in main
    f"心跳停止 {hb_minutes:.0f if hb_minutes else '?'}分钟，"
               ^^^^^^^^^^^^^^^^^^^^^^^^^^^^^^^^^^^^^^^
ValueError: Invalid format specifier '.0f if hb_minutes else '?'' for object of type 'float'
[2026-02-12 04:00:01] ✅ 进程存活 (PID: 43765)
[2026-02-12 04:00:01] 最后心跳: 2496.8 分钟前
[2026-02-12 04:00:01] 最后 Session 更新: 166.8 分钟前
[2026-02-12 04:00:01] 最后日志: 0.7 分钟前
Traceback (most recent call last):
  File "/home/ubuntu/.openclaw/workspace/scripts/independent-watchdog.py", line 479, in <module>
    main()
  File "/home/ubuntu/.openclaw/workspace/scripts/independent-watchdog.py", line 450, in main
    f"心跳停止 {hb_minutes:.0f if hb_minutes else '?'}分钟，"
               ^^^^^^^^^^^^^^^^^^^^^^^^^^^^^^^^^^^^^^^
ValueError: Invalid format specifier '.0f if hb_minutes else '?'' for object of type 'float'
[2026-02-12 04:03:01] ✅ 进程存活 (PID: 43765)
[2026-02-12 04:03:01] 最后心跳: 2499.8 分钟前
[2026-02-12 04:03:01] 最后 Session 更新: 169.8 分钟前
[2026-02-12 04:03:01] 最后日志: 0.7 分钟前
Traceback (most recent call last):
  File "/home/ubuntu/.openclaw/workspace/scripts/independent-watchdog.py", line 479, in <module>
    main()
  File "/home/ubuntu/.openclaw/workspace/scripts/independent-watchdog.py", line 450, in main
    f"心跳停止 {hb_minutes:.0f if hb_minutes else '?'}分钟，"
               ^^^^^^^^^^^^^^^^^^^^^^^^^^^^^^^^^^^^^^^
ValueError: Invalid format specifier '.0f if hb_minutes else '?'' for object of type 'float'
[2026-02-12 04:06:01] ✅ 进程存活 (PID: 43765)
[2026-02-12 04:06:01] 最后心跳: 2502.8 分钟前
[2026-02-12 04:06:01] 最后 Session 更新: 172.8 分钟前
[2026-02-12 04:06:01] 最后日志: 0.7 分钟前
Traceback (most recent call last):
  File "/home/ubuntu/.openclaw/workspace/scripts/independent-watchdog.py", line 479, in <module>
    main()
  File "/home/ubuntu/.openclaw/workspace/scripts/independent-watchdog.py", line 450, in main
    f"心跳停止 {hb_minutes:.0f if hb_minutes else '?'}分钟，"
               ^^^^^^^^^^^^^^^^^^^^^^^^^^^^^^^^^^^^^^^
ValueError: Invalid format specifier '.0f if hb_minutes else '?'' for object of type 'float'
[2026-02-12 04:09:01] ✅ 进程存活 (PID: 43765)
[2026-02-12 04:09:01] 最后心跳: 2505.8 分钟前
[2026-02-12 04:09:01] 最后 Session 更新: 175.8 分钟前
[2026-02-12 04:09:01] 最后日志: 0.7 分钟前
Traceback (most recent call last):
  File "/home/ubuntu/.openclaw/workspace/scripts/independent-watchdog.py", line 479, in <module>
    main()
  File "/home/ubuntu/.openclaw/workspace/scripts/independent-watchdog.py", line 450, in main
    f"心跳停止 {hb_minutes:.0f if hb_minutes else '?'}分钟，"
               ^^^^^^^^^^^^^^^^^^^^^^^^^^^^^^^^^^^^^^^
ValueError: Invalid format specifier '.0f if hb_minutes else '?'' for object of type 'float'
[2026-02-12 04:12:01] ✅ 进程存活 (PID: 43765)
[2026-02-12 04:12:01] 最后心跳: 2508.8 分钟前
[2026-02-12 04:12:01] 最后 Session 更新: 178.8 分钟前
[2026-02-12 04:12:01] 最后日志: 0.7 分钟前
Traceback (most recent call last):
  File "/home/ubuntu/.openclaw/workspace/scripts/independent-watchdog.py", line 479, in <module>
    main()
  File "/home/ubuntu/.openclaw/workspace/scripts/independent-watchdog.py", line 450, in main
    f"心跳停止 {hb_minutes:.0f if hb_minutes else '?'}分钟，"
               ^^^^^^^^^^^^^^^^^^^^^^^^^^^^^^^^^^^^^^^
ValueError: Invalid format specifier '.0f if hb_minutes else '?'' for object of type 'float'
[2026-02-12 04:15:01] ✅ 进程存活 (PID: 43765)
[2026-02-12 04:15:01] 最后心跳: 2511.8 分钟前
[2026-02-12 04:15:01] 最后 Session 更新: 181.8 分钟前
[2026-02-12 04:15:01] 最后日志: 0.7 分钟前
Traceback (most recent call last):
  File "/home/ubuntu/.openclaw/workspace/scripts/independent-watchdog.py", line 479, in <module>
    main()
  File "/home/ubuntu/.openclaw/workspace/scripts/independent-watchdog.py", line 450, in main
    f"心跳停止 {hb_minutes:.0f if hb_minutes else '?'}分钟，"
               ^^^^^^^^^^^^^^^^^^^^^^^^^^^^^^^^^^^^^^^
ValueError: Invalid format specifier '.0f if hb_minutes else '?'' for object of type 'float'
[2026-02-12 04:18:01] ✅ 进程存活 (PID: 43765)
[2026-02-12 04:18:01] 最后心跳: 2514.8 分钟前
[2026-02-12 04:18:01] 最后 Session 更新: 184.8 分钟前
[2026-02-12 04:18:01] 最后日志: 0.7 分钟前
Traceback (most recent call last):
  File "/home/ubuntu/.openclaw/workspace/scripts/independent-watchdog.py", line 479, in <module>
    main()
  File "/home/ubuntu/.openclaw/workspace/scripts/independent-watchdog.py", line 450, in main
    f"心跳停止 {hb_minutes:.0f if hb_minutes else '?'}分钟，"
               ^^^^^^^^^^^^^^^^^^^^^^^^^^^^^^^^^^^^^^^
ValueError: Invalid format specifier '.0f if hb_minutes else '?'' for object of type 'float'
[2026-02-12 04:21:01] ✅ 进程存活 (PID: 43765)
[2026-02-12 04:21:01] 最后心跳: 2517.8 分钟前
[2026-02-12 04:21:01] 最后 Session 更新: 187.8 分钟前
[2026-02-12 04:21:01] 最后日志: 0.7 分钟前
Traceback (most recent call last):
  File "/home/ubuntu/.openclaw/workspace/scripts/independent-watchdog.py", line 479, in <module>
    main()
  File "/home/ubuntu/.openclaw/workspace/scripts/independent-watchdog.py", line 450, in main
    f"心跳停止 {hb_minutes:.0f if hb_minutes else '?'}分钟，"
               ^^^^^^^^^^^^^^^^^^^^^^^^^^^^^^^^^^^^^^^
ValueError: Invalid format specifier '.0f if hb_minutes else '?'' for object of type 'float'
[2026-02-12 04:24:01] ✅ 进程存活 (PID: 43765)
[2026-02-12 04:24:01] 最后心跳: 2520.8 分钟前
[2026-02-12 04:24:01] 最后 Session 更新: 190.8 分钟前
[2026-02-12 04:24:01] 最后日志: 0.7 分钟前
Traceback (most recent call last):
  File "/home/ubuntu/.openclaw/workspace/scripts/independent-watchdog.py", line 479, in <module>
    main()
  File "/home/ubuntu/.openclaw/workspace/scripts/independent-watchdog.py", line 450, in main
    f"心跳停止 {hb_minutes:.0f if hb_minutes else '?'}分钟，"
               ^^^^^^^^^^^^^^^^^^^^^^^^^^^^^^^^^^^^^^^
ValueError: Invalid format specifier '.0f if hb_minutes else '?'' for object of type 'float'
[2026-02-12 04:27:01] ✅ 进程存活 (PID: 43765)
[2026-02-12 04:27:01] 最后心跳: 2523.8 分钟前
[2026-02-12 04:27:01] 最后 Session 更新: 193.8 分钟前
[2026-02-12 04:27:01] 最后日志: 0.7 分钟前
Traceback (most recent call last):
  File "/home/ubuntu/.openclaw/workspace/scripts/independent-watchdog.py", line 479, in <module>
    main()
  File "/home/ubuntu/.openclaw/workspace/scripts/independent-watchdog.py", line 450, in main
    f"心跳停止 {hb_minutes:.0f if hb_minutes else '?'}分钟，"
               ^^^^^^^^^^^^^^^^^^^^^^^^^^^^^^^^^^^^^^^
ValueError: Invalid format specifier '.0f if hb_minutes else '?'' for object of type 'float'
[2026-02-12 04:30:01] ✅ 进程存活 (PID: 43765)
[2026-02-12 04:30:01] 最后心跳: 2526.8 分钟前
[2026-02-12 04:30:01] 最后 Session 更新: 196.8 分钟前
[2026-02-12 04:30:01] 最后日志: 0.7 分钟前
Traceback (most recent call last):
  File "/home/ubuntu/.openclaw/workspace/scripts/independent-watchdog.py", line 479, in <module>
    main()
  File "/home/ubuntu/.openclaw/workspace/scripts/independent-watchdog.py", line 450, in main
    f"心跳停止 {hb_minutes:.0f if hb_minutes else '?'}分钟，"
               ^^^^^^^^^^^^^^^^^^^^^^^^^^^^^^^^^^^^^^^
ValueError: Invalid format specifier '.0f if hb_minutes else '?'' for object of type 'float'
[2026-02-12 04:33:01] ✅ 进程存活 (PID: 43765)
[2026-02-12 04:33:01] 最后心跳: 2529.8 分钟前
[2026-02-12 04:33:01] 最后 Session 更新: 199.8 分钟前
[2026-02-12 04:33:01] 最后日志: 0.2 分钟前
Traceback (most recent call last):
  File "/home/ubuntu/.openclaw/workspace/scripts/independent-watchdog.py", line 479, in <module>
    main()
  File "/home/ubuntu/.openclaw/workspace/scripts/independent-watchdog.py", line 450, in main
    f"心跳停止 {hb_minutes:.0f if hb_minutes else '?'}分钟，"
               ^^^^^^^^^^^^^^^^^^^^^^^^^^^^^^^^^^^^^^^
ValueError: Invalid format specifier '.0f if hb_minutes else '?'' for object of type 'float'
[2026-02-12 04:36:01] ✅ 进程存活 (PID: 43765)
[2026-02-12 04:36:01] 最后心跳: 2532.8 分钟前
[2026-02-12 04:36:01] 最后 Session 更新: 202.8 分钟前
[2026-02-12 04:36:01] 最后日志: 0.7 分钟前
Traceback (most recent call last):
  File "/home/ubuntu/.openclaw/workspace/scripts/independent-watchdog.py", line 479, in <module>
    main()
  File "/home/ubuntu/.openclaw/workspace/scripts/independent-watchdog.py", line 450, in main
    f"心跳停止 {hb_minutes:.0f if hb_minutes else '?'}分钟，"
               ^^^^^^^^^^^^^^^^^^^^^^^^^^^^^^^^^^^^^^^
ValueError: Invalid format specifier '.0f if hb_minutes else '?'' for object of type 'float'
[2026-02-12 04:39:01] ✅ 进程存活 (PID: 43765)
[2026-02-12 04:39:01] 最后心跳: 2535.8 分钟前
[2026-02-12 04:39:01] 最后 Session 更新: 205.8 分钟前
[2026-02-12 04:39:01] 最后日志: 0.7 分钟前
Traceback (most recent call last):
  File "/home/ubuntu/.openclaw/workspace/scripts/independent-watchdog.py", line 479, in <module>
    main()
  File "/home/ubuntu/.openclaw/workspace/scripts/independent-watchdog.py", line 450, in main
    f"心跳停止 {hb_minutes:.0f if hb_minutes else '?'}分钟，"
               ^^^^^^^^^^^^^^^^^^^^^^^^^^^^^^^^^^^^^^^
ValueError: Invalid format specifier '.0f if hb_minutes else '?'' for object of type 'float'
[2026-02-12 04:42:01] ✅ 进程存活 (PID: 43765)
[2026-02-12 04:42:01] 最后心跳: 2538.8 分钟前
[2026-02-12 04:42:01] 最后 Session 更新: 208.8 分钟前
[2026-02-12 04:42:01] 最后日志: 0.7 分钟前
Traceback (most recent call last):
  File "/home/ubuntu/.openclaw/workspace/scripts/independent-watchdog.py", line 479, in <module>
    main()
  File "/home/ubuntu/.openclaw/workspace/scripts/independent-watchdog.py", line 450, in main
    f"心跳停止 {hb_minutes:.0f if hb_minutes else '?'}分钟，"
               ^^^^^^^^^^^^^^^^^^^^^^^^^^^^^^^^^^^^^^^
ValueError: Invalid format specifier '.0f if hb_minutes else '?'' for object of type 'float'
[2026-02-12 04:45:01] ✅ 进程存活 (PID: 43765)
[2026-02-12 04:45:01] 最后心跳: 2541.8 分钟前
[2026-02-12 04:45:01] 最后 Session 更新: 211.8 分钟前
[2026-02-12 04:45:01] 最后日志: 0.7 分钟前
Traceback (most recent call last):
  File "/home/ubuntu/.openclaw/workspace/scripts/independent-watchdog.py", line 479, in <module>
    main()
  File "/home/ubuntu/.openclaw/workspace/scripts/independent-watchdog.py", line 450, in main
    f"心跳停止 {hb_minutes:.0f if hb_minutes else '?'}分钟，"
               ^^^^^^^^^^^^^^^^^^^^^^^^^^^^^^^^^^^^^^^
ValueError: Invalid format specifier '.0f if hb_minutes else '?'' for object of type 'float'
[2026-02-12 04:48:01] ✅ 进程存活 (PID: 43765)
[2026-02-12 04:48:01] 最后心跳: 2544.8 分钟前
[2026-02-12 04:48:01] 最后 Session 更新: 214.8 分钟前
[2026-02-12 04:48:01] 最后日志: 0.7 分钟前
Traceback (most recent call last):
  File "/home/ubuntu/.openclaw/workspace/scripts/independent-watchdog.py", line 479, in <module>
    main()
  File "/home/ubuntu/.openclaw/workspace/scripts/independent-watchdog.py", line 450, in main
    f"心跳停止 {hb_minutes:.0f if hb_minutes else '?'}分钟，"
               ^^^^^^^^^^^^^^^^^^^^^^^^^^^^^^^^^^^^^^^
ValueError: Invalid format specifier '.0f if hb_minutes else '?'' for object of type 'float'
[2026-02-12 04:51:01] ✅ 进程存活 (PID: 43765)
[2026-02-12 04:51:01] 最后心跳: 2547.8 分钟前
[2026-02-12 04:51:01] 最后 Session 更新: 217.8 分钟前
[2026-02-12 04:51:01] 最后日志: 0.7 分钟前
Traceback (most recent call last):
  File "/home/ubuntu/.openclaw/workspace/scripts/independent-watchdog.py", line 479, in <module>
    main()
  File "/home/ubuntu/.openclaw/workspace/scripts/independent-watchdog.py", line 450, in main
    f"心跳停止 {hb_minutes:.0f if hb_minutes else '?'}分钟，"
               ^^^^^^^^^^^^^^^^^^^^^^^^^^^^^^^^^^^^^^^
ValueError: Invalid format specifier '.0f if hb_minutes else '?'' for object of type 'float'
[2026-02-12 04:54:01] ✅ 进程存活 (PID: 43765)
[2026-02-12 04:54:01] 最后心跳: 2550.8 分钟前
[2026-02-12 04:54:01] 最后 Session 更新: 220.8 分钟前
[2026-02-12 04:54:01] 最后日志: 0.7 分钟前
Traceback (most recent call last):
  File "/home/ubuntu/.openclaw/workspace/scripts/independent-watchdog.py", line 479, in <module>
    main()
  File "/home/ubuntu/.openclaw/workspace/scripts/independent-watchdog.py", line 450, in main
    f"心跳停止 {hb_minutes:.0f if hb_minutes else '?'}分钟，"
               ^^^^^^^^^^^^^^^^^^^^^^^^^^^^^^^^^^^^^^^
ValueError: Invalid format specifier '.0f if hb_minutes else '?'' for object of type 'float'
[2026-02-12 04:57:01] ✅ 进程存活 (PID: 43765)
[2026-02-12 04:57:01] 最后心跳: 2553.8 分钟前
[2026-02-12 04:57:01] 最后 Session 更新: 223.8 分钟前
[2026-02-12 04:57:01] 最后日志: 0.7 分钟前
Traceback (most recent call last):
  File "/home/ubuntu/.openclaw/workspace/scripts/independent-watchdog.py", line 479, in <module>
    main()
  File "/home/ubuntu/.openclaw/workspace/scripts/independent-watchdog.py", line 450, in main
    f"心跳停止 {hb_minutes:.0f if hb_minutes else '?'}分钟，"
               ^^^^^^^^^^^^^^^^^^^^^^^^^^^^^^^^^^^^^^^
ValueError: Invalid format specifier '.0f if hb_minutes else '?'' for object of type 'float'
[2026-02-12 05:00:01] ✅ 进程存活 (PID: 43765)
[2026-02-12 05:00:01] 最后心跳: 2556.8 分钟前
[2026-02-12 05:00:01] 最后 Session 更新: 226.8 分钟前
[2026-02-12 05:00:01] 最后日志: 0.7 分钟前
Traceback (most recent call last):
  File "/home/ubuntu/.openclaw/workspace/scripts/independent-watchdog.py", line 479, in <module>
    main()
  File "/home/ubuntu/.openclaw/workspace/scripts/independent-watchdog.py", line 450, in main
    f"心跳停止 {hb_minutes:.0f if hb_minutes else '?'}分钟，"
               ^^^^^^^^^^^^^^^^^^^^^^^^^^^^^^^^^^^^^^^
ValueError: Invalid format specifier '.0f if hb_minutes else '?'' for object of type 'float'
[2026-02-12 05:03:01] ✅ 进程存活 (PID: 43765)
[2026-02-12 05:03:01] 最后心跳: 2559.8 分钟前
[2026-02-12 05:03:01] 最后 Session 更新: 229.8 分钟前
[2026-02-12 05:03:01] 最后日志: 0.7 分钟前
Traceback (most recent call last):
  File "/home/ubuntu/.openclaw/workspace/scripts/independent-watchdog.py", line 479, in <module>
    main()
  File "/home/ubuntu/.openclaw/workspace/scripts/independent-watchdog.py", line 450, in main
    f"心跳停止 {hb_minutes:.0f if hb_minutes else '?'}分钟，"
               ^^^^^^^^^^^^^^^^^^^^^^^^^^^^^^^^^^^^^^^
ValueError: Invalid format specifier '.0f if hb_minutes else '?'' for object of type 'float'
[2026-02-12 05:06:01] ✅ 进程存活 (PID: 43765)
[2026-02-12 05:06:01] 最后心跳: 2562.8 分钟前
[2026-02-12 05:06:01] 最后 Session 更新: 232.8 分钟前
[2026-02-12 05:06:01] 最后日志: 0.7 分钟前
Traceback (most recent call last):
  File "/home/ubuntu/.openclaw/workspace/scripts/independent-watchdog.py", line 479, in <module>
    main()
  File "/home/ubuntu/.openclaw/workspace/scripts/independent-watchdog.py", line 450, in main
    f"心跳停止 {hb_minutes:.0f if hb_minutes else '?'}分钟，"
               ^^^^^^^^^^^^^^^^^^^^^^^^^^^^^^^^^^^^^^^
ValueError: Invalid format specifier '.0f if hb_minutes else '?'' for object of type 'float'
[2026-02-12 05:09:02] ✅ 进程存活 (PID: 43765)
[2026-02-12 05:09:02] 最后心跳: 2565.8 分钟前
[2026-02-12 05:09:02] 最后 Session 更新: 235.8 分钟前
[2026-02-12 05:09:02] 最后日志: 0.7 分钟前
Traceback (most recent call last):
  File "/home/ubuntu/.openclaw/workspace/scripts/independent-watchdog.py", line 479, in <module>
    main()
  File "/home/ubuntu/.openclaw/workspace/scripts/independent-watchdog.py", line 450, in main
    f"心跳停止 {hb_minutes:.0f if hb_minutes else '?'}分钟，"
               ^^^^^^^^^^^^^^^^^^^^^^^^^^^^^^^^^^^^^^^
ValueError: Invalid format specifier '.0f if hb_minutes else '?'' for object of type 'float'
[2026-02-12 05:12:01] ✅ 进程存活 (PID: 43765)
[2026-02-12 05:12:01] 最后心跳: 2568.8 分钟前
[2026-02-12 05:12:01] 最后 Session 更新: 238.8 分钟前
[2026-02-12 05:12:01] 最后日志: 0.7 分钟前
Traceback (most recent call last):
  File "/home/ubuntu/.openclaw/workspace/scripts/independent-watchdog.py", line 479, in <module>
    main()
  File "/home/ubuntu/.openclaw/workspace/scripts/independent-watchdog.py", line 450, in main
    f"心跳停止 {hb_minutes:.0f if hb_minutes else '?'}分钟，"
               ^^^^^^^^^^^^^^^^^^^^^^^^^^^^^^^^^^^^^^^
ValueError: Invalid format specifier '.0f if hb_minutes else '?'' for object of type 'float'
[2026-02-12 05:15:01] ✅ 进程存活 (PID: 43765)
[2026-02-12 05:15:01] 最后心跳: 2571.8 分钟前
[2026-02-12 05:15:01] 最后 Session 更新: 241.8 分钟前
[2026-02-12 05:15:01] 最后日志: 0.7 分钟前
Traceback (most recent call last):
  File "/home/ubuntu/.openclaw/workspace/scripts/independent-watchdog.py", line 479, in <module>
    main()
  File "/home/ubuntu/.openclaw/workspace/scripts/independent-watchdog.py", line 450, in main
    f"心跳停止 {hb_minutes:.0f if hb_minutes else '?'}分钟，"
               ^^^^^^^^^^^^^^^^^^^^^^^^^^^^^^^^^^^^^^^
ValueError: Invalid format specifier '.0f if hb_minutes else '?'' for object of type 'float'
[2026-02-12 05:18:01] ✅ 进程存活 (PID: 43765)
[2026-02-12 05:18:01] 最后心跳: 2574.8 分钟前
[2026-02-12 05:18:01] 最后 Session 更新: 244.8 分钟前
[2026-02-12 05:18:01] 最后日志: 0.7 分钟前
Traceback (most recent call last):
  File "/home/ubuntu/.openclaw/workspace/scripts/independent-watchdog.py", line 479, in <module>
    main()
  File "/home/ubuntu/.openclaw/workspace/scripts/independent-watchdog.py", line 450, in main
    f"心跳停止 {hb_minutes:.0f if hb_minutes else '?'}分钟，"
               ^^^^^^^^^^^^^^^^^^^^^^^^^^^^^^^^^^^^^^^
ValueError: Invalid format specifier '.0f if hb_minutes else '?'' for object of type 'float'
[2026-02-12 05:21:01] ✅ 进程存活 (PID: 43765)
[2026-02-12 05:21:01] 最后心跳: 2577.8 分钟前
[2026-02-12 05:21:01] 最后 Session 更新: 247.8 分钟前
[2026-02-12 05:21:01] 最后日志: 0.7 分钟前
Traceback (most recent call last):
  File "/home/ubuntu/.openclaw/workspace/scripts/independent-watchdog.py", line 479, in <module>
    main()
  File "/home/ubuntu/.openclaw/workspace/scripts/independent-watchdog.py", line 450, in main
    f"心跳停止 {hb_minutes:.0f if hb_minutes else '?'}分钟，"
               ^^^^^^^^^^^^^^^^^^^^^^^^^^^^^^^^^^^^^^^
ValueError: Invalid format specifier '.0f if hb_minutes else '?'' for object of type 'float'
[2026-02-12 05:24:01] ✅ 进程存活 (PID: 43765)
[2026-02-12 05:24:01] 最后心跳: 2580.8 分钟前
[2026-02-12 05:24:01] 最后 Session 更新: 250.8 分钟前
[2026-02-12 05:24:01] 最后日志: 0.7 分钟前
Traceback (most recent call last):
  File "/home/ubuntu/.openclaw/workspace/scripts/independent-watchdog.py", line 479, in <module>
    main()
  File "/home/ubuntu/.openclaw/workspace/scripts/independent-watchdog.py", line 450, in main
    f"心跳停止 {hb_minutes:.0f if hb_minutes else '?'}分钟，"
               ^^^^^^^^^^^^^^^^^^^^^^^^^^^^^^^^^^^^^^^
ValueError: Invalid format specifier '.0f if hb_minutes else '?'' for object of type 'float'
[2026-02-12 05:27:02] ✅ 进程存活 (PID: 43765)
[2026-02-12 05:27:02] 最后心跳: 2583.8 分钟前
[2026-02-12 05:27:02] 最后 Session 更新: 253.8 分钟前
[2026-02-12 05:27:02] 最后日志: 0.7 分钟前
Traceback (most recent call last):
  File "/home/ubuntu/.openclaw/workspace/scripts/independent-watchdog.py", line 479, in <module>
    main()
  File "/home/ubuntu/.openclaw/workspace/scripts/independent-watchdog.py", line 450, in main
    f"心跳停止 {hb_minutes:.0f if hb_minutes else '?'}分钟，"
               ^^^^^^^^^^^^^^^^^^^^^^^^^^^^^^^^^^^^^^^
ValueError: Invalid format specifier '.0f if hb_minutes else '?'' for object of type 'float'
[2026-02-12 05:30:01] ✅ 进程存活 (PID: 43765)
[2026-02-12 05:30:01] 最后心跳: 2586.8 分钟前
[2026-02-12 05:30:01] 最后 Session 更新: 256.8 分钟前
[2026-02-12 05:30:01] 最后日志: 0.7 分钟前
Traceback (most recent call last):
  File "/home/ubuntu/.openclaw/workspace/scripts/independent-watchdog.py", line 479, in <module>
    main()
  File "/home/ubuntu/.openclaw/workspace/scripts/independent-watchdog.py", line 450, in main
    f"心跳停止 {hb_minutes:.0f if hb_minutes else '?'}分钟，"
               ^^^^^^^^^^^^^^^^^^^^^^^^^^^^^^^^^^^^^^^
ValueError: Invalid format specifier '.0f if hb_minutes else '?'' for object of type 'float'
[2026-02-12 05:33:01] ✅ 进程存活 (PID: 43765)
[2026-02-12 05:33:01] 最后心跳: 2589.8 分钟前
[2026-02-12 05:33:01] 最后 Session 更新: 259.8 分钟前
[2026-02-12 05:33:01] 最后日志: 0.5 分钟前
Traceback (most recent call last):
  File "/home/ubuntu/.openclaw/workspace/scripts/independent-watchdog.py", line 479, in <module>
    main()
  File "/home/ubuntu/.openclaw/workspace/scripts/independent-watchdog.py", line 450, in main
    f"心跳停止 {hb_minutes:.0f if hb_minutes else '?'}分钟，"
               ^^^^^^^^^^^^^^^^^^^^^^^^^^^^^^^^^^^^^^^
ValueError: Invalid format specifier '.0f if hb_minutes else '?'' for object of type 'float'
[2026-02-12 05:36:01] ✅ 进程存活 (PID: 43765)
[2026-02-12 05:36:01] 最后心跳: 2592.8 分钟前
[2026-02-12 05:36:01] 最后 Session 更新: 262.8 分钟前
[2026-02-12 05:36:01] 最后日志: 0.7 分钟前
Traceback (most recent call last):
  File "/home/ubuntu/.openclaw/workspace/scripts/independent-watchdog.py", line 479, in <module>
    main()
  File "/home/ubuntu/.openclaw/workspace/scripts/independent-watchdog.py", line 450, in main
    f"心跳停止 {hb_minutes:.0f if hb_minutes else '?'}分钟，"
               ^^^^^^^^^^^^^^^^^^^^^^^^^^^^^^^^^^^^^^^
ValueError: Invalid format specifier '.0f if hb_minutes else '?'' for object of type 'float'
[2026-02-12 05:39:01] ✅ 进程存活 (PID: 43765)
[2026-02-12 05:39:01] 最后心跳: 2595.8 分钟前
[2026-02-12 05:39:01] 最后 Session 更新: 265.8 分钟前
[2026-02-12 05:39:01] 最后日志: 0.7 分钟前
Traceback (most recent call last):
  File "/home/ubuntu/.openclaw/workspace/scripts/independent-watchdog.py", line 479, in <module>
    main()
  File "/home/ubuntu/.openclaw/workspace/scripts/independent-watchdog.py", line 450, in main
    f"心跳停止 {hb_minutes:.0f if hb_minutes else '?'}分钟，"
               ^^^^^^^^^^^^^^^^^^^^^^^^^^^^^^^^^^^^^^^
ValueError: Invalid format specifier '.0f if hb_minutes else '?'' for object of type 'float'
[2026-02-12 05:42:01] ✅ 进程存活 (PID: 43765)
[2026-02-12 05:42:01] 最后心跳: 2598.8 分钟前
[2026-02-12 05:42:01] 最后 Session 更新: 268.8 分钟前
[2026-02-12 05:42:01] 最后日志: 0.7 分钟前
Traceback (most recent call last):
  File "/home/ubuntu/.openclaw/workspace/scripts/independent-watchdog.py", line 479, in <module>
    main()
  File "/home/ubuntu/.openclaw/workspace/scripts/independent-watchdog.py", line 450, in main
    f"心跳停止 {hb_minutes:.0f if hb_minutes else '?'}分钟，"
               ^^^^^^^^^^^^^^^^^^^^^^^^^^^^^^^^^^^^^^^
ValueError: Invalid format specifier '.0f if hb_minutes else '?'' for object of type 'float'
[2026-02-12 05:45:02] ✅ 进程存活 (PID: 43765)
[2026-02-12 05:45:02] 最后心跳: 2601.8 分钟前
[2026-02-12 05:45:02] 最后 Session 更新: 271.8 分钟前
[2026-02-12 05:45:02] 最后日志: 0.7 分钟前
Traceback (most recent call last):
  File "/home/ubuntu/.openclaw/workspace/scripts/independent-watchdog.py", line 479, in <module>
    main()
  File "/home/ubuntu/.openclaw/workspace/scripts/independent-watchdog.py", line 450, in main
    f"心跳停止 {hb_minutes:.0f if hb_minutes else '?'}分钟，"
               ^^^^^^^^^^^^^^^^^^^^^^^^^^^^^^^^^^^^^^^
ValueError: Invalid format specifier '.0f if hb_minutes else '?'' for object of type 'float'
[2026-02-12 05:48:01] ✅ 进程存活 (PID: 43765)
[2026-02-12 05:48:01] 最后心跳: 2604.8 分钟前
[2026-02-12 05:48:01] 最后 Session 更新: 274.8 分钟前
[2026-02-12 05:48:01] 最后日志: 0.7 分钟前
Traceback (most recent call last):
  File "/home/ubuntu/.openclaw/workspace/scripts/independent-watchdog.py", line 479, in <module>
    main()
  File "/home/ubuntu/.openclaw/workspace/scripts/independent-watchdog.py", line 450, in main
    f"心跳停止 {hb_minutes:.0f if hb_minutes else '?'}分钟，"
               ^^^^^^^^^^^^^^^^^^^^^^^^^^^^^^^^^^^^^^^
ValueError: Invalid format specifier '.0f if hb_minutes else '?'' for object of type 'float'
[2026-02-12 05:51:01] ✅ 进程存活 (PID: 43765)
[2026-02-12 05:51:01] 最后心跳: 2607.8 分钟前
[2026-02-12 05:51:01] 最后 Session 更新: 277.8 分钟前
[2026-02-12 05:51:01] 最后日志: 0.3 分钟前
Traceback (most recent call last):
  File "/home/ubuntu/.openclaw/workspace/scripts/independent-watchdog.py", line 479, in <module>
    main()
  File "/home/ubuntu/.openclaw/workspace/scripts/independent-watchdog.py", line 450, in main
    f"心跳停止 {hb_minutes:.0f if hb_minutes else '?'}分钟，"
               ^^^^^^^^^^^^^^^^^^^^^^^^^^^^^^^^^^^^^^^
ValueError: Invalid format specifier '.0f if hb_minutes else '?'' for object of type 'float'
[2026-02-12 05:54:01] ✅ 进程存活 (PID: 43765)
[2026-02-12 05:54:01] 最后心跳: 2610.8 分钟前
[2026-02-12 05:54:01] 最后 Session 更新: 0.0 分钟前
[2026-02-12 05:54:01] 最后日志: 0.0 分钟前
Traceback (most recent call last):
  File "/home/ubuntu/.openclaw/workspace/scripts/independent-watchdog.py", line 479, in <module>
    main()
  File "/home/ubuntu/.openclaw/workspace/scripts/independent-watchdog.py", line 450, in main
    f"心跳停止 {hb_minutes:.0f if hb_minutes else '?'}分钟，"
               ^^^^^^^^^^^^^^^^^^^^^^^^^^^^^^^^^^^^^^^
ValueError: Invalid format specifier '.0f if hb_minutes else '?'' for object of type 'float'
[2026-02-12 05:57:01] ✅ 进程存活 (PID: 43765)
[2026-02-12 05:57:01] 最后心跳: 2613.8 分钟前
[2026-02-12 05:57:01] 最后 Session 更新: 0.3 分钟前
[2026-02-12 05:57:01] 最后日志: 0.1 分钟前
Traceback (most recent call last):
  File "/home/ubuntu/.openclaw/workspace/scripts/independent-watchdog.py", line 479, in <module>
    main()
  File "/home/ubuntu/.openclaw/workspace/scripts/independent-watchdog.py", line 450, in main
    f"心跳停止 {hb_minutes:.0f if hb_minutes else '?'}分钟，"
               ^^^^^^^^^^^^^^^^^^^^^^^^^^^^^^^^^^^^^^^
ValueError: Invalid format specifier '.0f if hb_minutes else '?'' for object of type 'float'
[2026-02-12 06:00:01] ✅ 进程存活 (PID: 43765)
[2026-02-12 06:00:01] 最后心跳: 2616.8 分钟前
[2026-02-12 06:00:01] 最后 Session 更新: 0.4 分钟前
[2026-02-12 06:00:01] 最后日志: 0.4 分钟前
Traceback (most recent call last):
  File "/home/ubuntu/.openclaw/workspace/scripts/independent-watchdog.py", line 479, in <module>
    main()
  File "/home/ubuntu/.openclaw/workspace/scripts/independent-watchdog.py", line 450, in main
    f"心跳停止 {hb_minutes:.0f if hb_minutes else '?'}分钟，"
               ^^^^^^^^^^^^^^^^^^^^^^^^^^^^^^^^^^^^^^^
ValueError: Invalid format specifier '.0f if hb_minutes else '?'' for object of type 'float'
[2026-02-12 06:03:01] ✅ 进程存活 (PID: 43765)
[2026-02-12 06:03:01] 最后心跳: 2619.8 分钟前
[2026-02-12 06:03:01] 最后 Session 更新: 0.0 分钟前
[2026-02-12 06:03:01] 最后日志: 0.0 分钟前
Traceback (most recent call last):
  File "/home/ubuntu/.openclaw/workspace/scripts/independent-watchdog.py", line 479, in <module>
    main()
  File "/home/ubuntu/.openclaw/workspace/scripts/independent-watchdog.py", line 450, in main
    f"心跳停止 {hb_minutes:.0f if hb_minutes else '?'}分钟，"
               ^^^^^^^^^^^^^^^^^^^^^^^^^^^^^^^^^^^^^^^
ValueError: Invalid format specifier '.0f if hb_minutes else '?'' for object of type 'float'
[2026-02-12 06:06:01] ✅ 进程存活 (PID: 43765)
[2026-02-12 06:06:01] 最后心跳: 2622.8 分钟前
[2026-02-12 06:06:01] 最后 Session 更新: 1.0 分钟前
[2026-02-12 06:06:01] 最后日志: 0.5 分钟前
Traceback (most recent call last):
  File "/home/ubuntu/.openclaw/workspace/scripts/independent-watchdog.py", line 479, in <module>
    main()
  File "/home/ubuntu/.openclaw/workspace/scripts/independent-watchdog.py", line 450, in main
    f"心跳停止 {hb_minutes:.0f if hb_minutes else '?'}分钟，"
               ^^^^^^^^^^^^^^^^^^^^^^^^^^^^^^^^^^^^^^^
ValueError: Invalid format specifier '.0f if hb_minutes else '?'' for object of type 'float'
[2026-02-12 06:09:01] ✅ 进程存活 (PID: 43765)
[2026-02-12 06:09:01] 最后心跳: 2625.8 分钟前
[2026-02-12 06:09:01] 最后 Session 更新: 0.1 分钟前
[2026-02-12 06:09:01] 最后日志: 0.1 分钟前
Traceback (most recent call last):
  File "/home/ubuntu/.openclaw/workspace/scripts/independent-watchdog.py", line 479, in <module>
    main()
  File "/home/ubuntu/.openclaw/workspace/scripts/independent-watchdog.py", line 450, in main
    f"心跳停止 {hb_minutes:.0f if hb_minutes else '?'}分钟，"
               ^^^^^^^^^^^^^^^^^^^^^^^^^^^^^^^^^^^^^^^
ValueError: Invalid format specifier '.0f if hb_minutes else '?'' for object of type 'float'
[2026-02-12 06:12:01] ✅ 进程存活 (PID: 43765)
[2026-02-12 06:12:01] 最后心跳: 2628.8 分钟前
[2026-02-12 06:12:01] 最后 Session 更新: 0.0 分钟前
[2026-02-12 06:12:01] 最后日志: 0.0 分钟前
Traceback (most recent call last):
  File "/home/ubuntu/.openclaw/workspace/scripts/independent-watchdog.py", line 479, in <module>
    main()
  File "/home/ubuntu/.openclaw/workspace/scripts/independent-watchdog.py", line 450, in main
    f"心跳停止 {hb_minutes:.0f if hb_minutes else '?'}分钟，"
               ^^^^^^^^^^^^^^^^^^^^^^^^^^^^^^^^^^^^^^^
ValueError: Invalid format specifier '.0f if hb_minutes else '?'' for object of type 'float'
[2026-02-12 06:15:02] ✅ 进程存活 (PID: 43765)
[2026-02-12 06:15:02] 最后心跳: 2631.8 分钟前
[2026-02-12 06:15:02] 最后 Session 更新: 0.1 分钟前
[2026-02-12 06:15:02] 最后日志: 0.1 分钟前
Traceback (most recent call last):
  File "/home/ubuntu/.openclaw/workspace/scripts/independent-watchdog.py", line 479, in <module>
    main()
  File "/home/ubuntu/.openclaw/workspace/scripts/independent-watchdog.py", line 450, in main
    f"心跳停止 {hb_minutes:.0f if hb_minutes else '?'}分钟，"
               ^^^^^^^^^^^^^^^^^^^^^^^^^^^^^^^^^^^^^^^
ValueError: Invalid format specifier '.0f if hb_minutes else '?'' for object of type 'float'
[2026-02-12 06:18:01] ✅ 进程存活 (PID: 43765)
[2026-02-12 06:18:01] 最后心跳: 2634.8 分钟前
[2026-02-12 06:18:01] 最后 Session 更新: 0.0 分钟前
[2026-02-12 06:18:01] 最后日志: 0.0 分钟前
Traceback (most recent call last):
  File "/home/ubuntu/.openclaw/workspace/scripts/independent-watchdog.py", line 479, in <module>
    main()
  File "/home/ubuntu/.openclaw/workspace/scripts/independent-watchdog.py", line 450, in main
    f"心跳停止 {hb_minutes:.0f if hb_minutes else '?'}分钟，"
               ^^^^^^^^^^^^^^^^^^^^^^^^^^^^^^^^^^^^^^^
ValueError: Invalid format specifier '.0f if hb_minutes else '?'' for object of type 'float'
[2026-02-12 06:21:01] ✅ 进程存活 (PID: 43765)
[2026-02-12 06:21:01] 最后心跳: 2637.8 分钟前
[2026-02-12 06:21:01] 最后 Session 更新: 0.0 分钟前
[2026-02-12 06:21:01] 最后日志: 0.0 分钟前
Traceback (most recent call last):
  File "/home/ubuntu/.openclaw/workspace/scripts/independent-watchdog.py", line 479, in <module>
    main()
  File "/home/ubuntu/.openclaw/workspace/scripts/independent-watchdog.py", line 450, in main
    f"心跳停止 {hb_minutes:.0f if hb_minutes else '?'}分钟，"
               ^^^^^^^^^^^^^^^^^^^^^^^^^^^^^^^^^^^^^^^
ValueError: Invalid format specifier '.0f if hb_minutes else '?'' for object of type 'float'
[2026-02-12 06:24:01] ✅ 进程存活 (PID: 43765)
[2026-02-12 06:24:01] 最后心跳: 2640.8 分钟前
[2026-02-12 06:24:01] 最后 Session 更新: 0.1 分钟前
[2026-02-12 06:24:01] 最后日志: 0.1 分钟前
Traceback (most recent call last):
  File "/home/ubuntu/.openclaw/workspace/scripts/independent-watchdog.py", line 479, in <module>
    main()
  File "/home/ubuntu/.openclaw/workspace/scripts/independent-watchdog.py", line 450, in main
    f"心跳停止 {hb_minutes:.0f if hb_minutes else '?'}分钟，"
               ^^^^^^^^^^^^^^^^^^^^^^^^^^^^^^^^^^^^^^^
ValueError: Invalid format specifier '.0f if hb_minutes else '?'' for object of type 'float'
[2026-02-12 06:27:01] ✅ 进程存活 (PID: 43765)
[2026-02-12 06:27:01] 最后心跳: 2643.8 分钟前
[2026-02-12 06:27:01] 最后 Session 更新: 0.5 分钟前
[2026-02-12 06:27:01] 最后日志: 0.5 分钟前
Traceback (most recent call last):
  File "/home/ubuntu/.openclaw/workspace/scripts/independent-watchdog.py", line 479, in <module>
    main()
  File "/home/ubuntu/.openclaw/workspace/scripts/independent-watchdog.py", line 450, in main
    f"心跳停止 {hb_minutes:.0f if hb_minutes else '?'}分钟，"
               ^^^^^^^^^^^^^^^^^^^^^^^^^^^^^^^^^^^^^^^
ValueError: Invalid format specifier '.0f if hb_minutes else '?'' for object of type 'float'
[2026-02-12 06:30:01] ✅ 进程存活 (PID: 63601)
[2026-02-12 06:30:01] 最后心跳: 0.1 分钟前
[2026-02-12 06:30:01] 最后 Session 更新: 0.1 分钟前
[2026-02-12 06:30:01] 最后日志: 0.0 分钟前
[2026-02-12 06:30:01] ✅ 系统正常
[2026-02-12 06:33:02] ✅ 进程存活 (PID: 63601)
[2026-02-12 06:33:02] 最后心跳: 3.1 分钟前
[2026-02-12 06:33:02] 最后 Session 更新: 0.0 分钟前
[2026-02-12 06:33:02] 最后日志: 0.0 分钟前
[2026-02-12 06:33:02] ✅ 系统正常
[2026-02-12 06:36:01] ✅ 进程存活 (PID: 63601)
[2026-02-12 06:36:01] 最后心跳: 0.4 分钟前
[2026-02-12 06:36:01] 最后 Session 更新: 0.0 分钟前
[2026-02-12 06:36:01] 最后日志: -0.0 分钟前
[2026-02-12 06:36:01] ✅ 系统正常
[2026-02-12 06:39:01] ✅ 进程存活 (PID: 63601)
[2026-02-12 06:39:01] 最后心跳: 3.4 分钟前
[2026-02-12 06:39:01] 最后 Session 更新: 0.1 分钟前
[2026-02-12 06:39:01] 最后日志: 0.1 分钟前
[2026-02-12 06:39:01] ✅ 系统正常
[2026-02-12 06:42:01] ✅ 进程存活 (PID: 63601)
[2026-02-12 06:42:01] 最后心跳: 1.0 分钟前
[2026-02-12 06:42:01] 最后 Session 更新: 0.1 分钟前
[2026-02-12 06:42:01] 最后日志: 0.1 分钟前
[2026-02-12 06:42:01] ✅ 系统正常
[2026-02-12 06:45:01] ✅ 进程存活 (PID: 63601)
[2026-02-12 06:45:01] 最后心跳: 4.0 分钟前
[2026-02-12 06:45:01] 最后 Session 更新: 0.0 分钟前
[2026-02-12 06:45:01] 最后日志: 0.0 分钟前
[2026-02-12 06:45:01] ✅ 系统正常
[2026-02-12 06:48:01] ✅ 进程存活 (PID: 63601)
[2026-02-12 06:48:01] 最后心跳: 2.0 分钟前
[2026-02-12 06:48:01] 最后 Session 更新: 0.0 分钟前
[2026-02-12 06:48:01] 最后日志: 0.0 分钟前
[2026-02-12 06:48:01] ✅ 系统正常
[2026-02-12 06:51:01] ✅ 进程存活 (PID: 63601)
[2026-02-12 06:51:01] 最后心跳: 5.0 分钟前
[2026-02-12 06:51:01] 最后 Session 更新: 0.1 分钟前
[2026-02-12 06:51:01] 最后日志: 0.1 分钟前
[2026-02-12 06:51:01] ✅ 系统正常
[2026-02-12 06:54:01] ✅ 进程存活 (PID: 63601)
[2026-02-12 06:54:01] 最后心跳: 2.1 分钟前
[2026-02-12 06:54:01] 最后 Session 更新: 0.1 分钟前
[2026-02-12 06:54:01] 最后日志: 0.1 分钟前
[2026-02-12 06:54:01] ✅ 系统正常
[2026-02-12 06:57:02] ✅ 进程存活 (PID: 63601)
[2026-02-12 06:57:02] 最后心跳: 5.1 分钟前
[2026-02-12 06:57:02] 最后 Session 更新: 0.0 分钟前
[2026-02-12 06:57:02] 最后日志: 0.0 分钟前
[2026-02-12 06:57:02] ✅ 系统正常
[2026-02-12 07:00:01] ✅ 进程存活 (PID: 63601)
[2026-02-12 07:00:01] 最后心跳: 2.9 分钟前
[2026-02-12 07:00:01] 最后 Session 更新: 0.1 分钟前
[2026-02-12 07:00:01] 最后日志: 0.1 分钟前
[2026-02-12 07:00:01] ✅ 系统正常
[2026-02-12 07:03:01] ✅ 进程存活 (PID: 63601)
[2026-02-12 07:03:01] 最后心跳: 5.9 分钟前
[2026-02-12 07:03:01] 最后 Session 更新: 0.0 分钟前
[2026-02-12 07:03:01] 最后日志: 0.0 分钟前
[2026-02-12 07:03:01] ✅ 系统正常
[2026-02-12 07:06:01] ✅ 进程存活 (PID: 63601)
[2026-02-12 07:06:01] 最后心跳: 2.9 分钟前
[2026-02-12 07:06:01] 最后 Session 更新: 0.0 分钟前
[2026-02-12 07:06:01] 最后日志: 0.0 分钟前
[2026-02-12 07:06:01] ✅ 系统正常
[2026-02-12 07:09:01] ✅ 进程存活 (PID: 63601)
[2026-02-12 07:09:01] 最后心跳: 0.5 分钟前
[2026-02-12 07:09:01] 最后 Session 更新: 0.0 分钟前
[2026-02-12 07:09:01] 最后日志: 0.0 分钟前
[2026-02-12 07:09:01] ✅ 系统正常
[2026-02-12 07:12:01] ✅ 进程存活 (PID: 63601)
[2026-02-12 07:12:01] 最后心跳: 3.5 分钟前
[2026-02-12 07:12:01] 最后 Session 更新: 0.0 分钟前
[2026-02-12 07:12:01] 最后日志: 0.0 分钟前
[2026-02-12 07:12:01] ✅ 系统正常
[2026-02-12 07:15:01] ✅ 进程存活 (PID: 71127)
[2026-02-12 07:15:01] 最后心跳: 1.4 分钟前
[2026-02-12 07:15:01] 最后 Session 更新: 1.0 分钟前
[2026-02-12 07:15:01] 最后日志: 0.3 分钟前
[2026-02-12 07:15:01] ✅ 系统正常
[2026-02-12 07:18:01] ✅ 进程存活 (PID: 71127)
[2026-02-12 07:18:01] 最后心跳: 4.4 分钟前
[2026-02-12 07:18:01] 最后 Session 更新: 0.0 分钟前
[2026-02-12 07:18:01] 最后日志: 0.0 分钟前
[2026-02-12 07:18:01] ✅ 系统正常
[2026-02-12 07:21:01] ✅ 进程存活 (PID: 71127)
[2026-02-12 07:21:01] 最后心跳: 7.4 分钟前
[2026-02-12 07:21:01] 最后 Session 更新: 0.0 分钟前
[2026-02-12 07:21:01] 最后日志: 0.0 分钟前
[2026-02-12 07:21:01] ✅ 系统正常
[2026-02-12 07:24:01] ✅ 进程存活 (PID: 71127)
[2026-02-12 07:24:01] 最后心跳: 2.7 分钟前
[2026-02-12 07:24:01] 最后 Session 更新: 0.1 分钟前
[2026-02-12 07:24:01] 最后日志: 0.1 分钟前
[2026-02-12 07:24:01] ✅ 系统正常
[2026-02-12 07:27:01] ✅ 进程存活 (PID: 71127)
[2026-02-12 07:27:01] 最后心跳: 0.7 分钟前
[2026-02-12 07:27:01] 最后 Session 更新: 0.0 分钟前
[2026-02-12 07:27:01] 最后日志: 0.0 分钟前
[2026-02-12 07:27:01] ✅ 系统正常
[2026-02-12 07:30:01] ✅ 进程存活 (PID: 71127)
[2026-02-12 07:30:01] 最后心跳: 3.7 分钟前
[2026-02-12 07:30:01] 最后 Session 更新: 0.0 分钟前
[2026-02-12 07:30:01] 最后日志: 0.0 分钟前
[2026-02-12 07:30:01] ✅ 系统正常
[2026-02-12 07:33:01] ✅ 进程存活 (PID: 71127)
[2026-02-12 07:33:01] 最后心跳: 1.2 分钟前
[2026-02-12 07:33:01] 最后 Session 更新: 0.0 分钟前
[2026-02-12 07:33:01] 最后日志: 0.0 分钟前
[2026-02-12 07:33:01] ✅ 系统正常
[2026-02-12 07:36:01] ✅ 进程存活 (PID: 71127)
[2026-02-12 07:36:01] 最后心跳: 4.2 分钟前
[2026-02-12 07:36:01] 最后 Session 更新: 0.1 分钟前
[2026-02-12 07:36:01] 最后日志: 0.1 分钟前
[2026-02-12 07:36:01] ✅ 系统正常
[2026-02-12 07:39:01] ✅ 进程存活 (PID: 71127)
[2026-02-12 07:39:01] 最后心跳: 7.2 分钟前
[2026-02-12 07:39:01] 最后 Session 更新: 0.0 分钟前
[2026-02-12 07:39:01] 最后日志: 0.0 分钟前
[2026-02-12 07:39:01] ✅ 系统正常
[2026-02-12 07:42:01] ✅ 进程存活 (PID: 71127)
[2026-02-12 07:42:01] 最后心跳: 1.8 分钟前
[2026-02-12 07:42:01] 最后 Session 更新: 1.7 分钟前
[2026-02-12 07:42:01] 最后日志: 0.3 分钟前
[2026-02-12 07:42:01] ✅ 系统正常
[2026-02-12 07:45:01] ✅ 进程存活 (PID: 71127)
[2026-02-12 07:45:01] 最后心跳: 4.8 分钟前
[2026-02-12 07:45:01] 最后 Session 更新: 4.7 分钟前
[2026-02-12 07:45:01] 最后日志: 0.3 分钟前
[2026-02-12 07:45:01] ✅ 系统正常
[2026-02-12 07:48:01] ✅ 进程存活 (PID: 71127)
[2026-02-12 07:48:01] 最后心跳: 2.7 分钟前
[2026-02-12 07:48:01] 最后 Session 更新: 2.7 分钟前
[2026-02-12 07:48:01] 最后日志: 0.3 分钟前
[2026-02-12 07:48:01] ✅ 系统正常
[2026-02-12 07:51:01] ✅ 进程存活 (PID: 71127)
[2026-02-12 07:51:01] 最后心跳: 5.7 分钟前
[2026-02-12 07:51:01] 最后 Session 更新: 0.7 分钟前
[2026-02-12 07:51:01] 最后日志: 0.3 分钟前
[2026-02-12 07:51:01] ✅ 系统正常
[2026-02-12 07:54:01] ✅ 进程存活 (PID: 71127)
[2026-02-12 07:54:01] 最后心跳: 8.7 分钟前
[2026-02-12 07:54:01] 最后 Session 更新: 3.7 分钟前
[2026-02-12 07:54:01] 最后日志: 0.3 分钟前
[2026-02-12 07:54:01] ✅ 系统正常
[2026-02-12 07:57:01] ✅ 进程存活 (PID: 71127)
[2026-02-12 07:57:01] 最后心跳: 1.8 分钟前
[2026-02-12 07:57:01] 最后 Session 更新: 1.7 分钟前
[2026-02-12 07:57:01] 最后日志: 0.3 分钟前
[2026-02-12 07:57:01] ✅ 系统正常
[2026-02-12 08:00:02] ✅ 进程存活 (PID: 71127)
[2026-02-12 08:00:02] 最后心跳: 4.8 分钟前
[2026-02-12 08:00:02] 最后 Session 更新: 4.7 分钟前
[2026-02-12 08:00:02] 最后日志: 0.3 分钟前
[2026-02-12 08:00:02] ✅ 系统正常
[2026-02-12 08:03:01] ✅ 进程存活 (PID: 71127)
[2026-02-12 08:03:01] 最后心跳: 7.8 分钟前
[2026-02-12 08:03:01] 最后 Session 更新: 2.7 分钟前
[2026-02-12 08:03:01] 最后日志: 0.3 分钟前
[2026-02-12 08:03:01] ✅ 系统正常
[2026-02-12 08:06:01] ✅ 进程存活 (PID: 71127)
[2026-02-12 08:06:01] 最后心跳: 0.7 分钟前
[2026-02-12 08:06:01] 最后 Session 更新: 0.7 分钟前
[2026-02-12 08:06:01] 最后日志: 0.3 分钟前
[2026-02-12 08:06:01] ✅ 系统正常
[2026-02-12 08:09:01] ✅ 进程存活 (PID: 71127)
[2026-02-12 08:09:01] 最后心跳: 3.8 分钟前
[2026-02-12 08:09:01] 最后 Session 更新: 3.7 分钟前
[2026-02-12 08:09:01] 最后日志: 0.3 分钟前
[2026-02-12 08:09:01] ✅ 系统正常
[2026-02-12 08:12:01] ✅ 进程存活 (PID: 71127)
[2026-02-12 08:12:01] 最后心跳: 1.7 分钟前
[2026-02-12 08:12:01] 最后 Session 更新: 1.7 分钟前
[2026-02-12 08:12:01] 最后日志: 0.3 分钟前
[2026-02-12 08:12:01] ✅ 系统正常
[2026-02-12 08:15:01] ✅ 进程存活 (PID: 76757)
[2026-02-12 08:15:01] 最后心跳: 4.7 分钟前
[2026-02-12 08:15:01] 最后 Session 更新: 0.1 分钟前
[2026-02-12 08:15:01] 最后日志: 0.1 分钟前
[2026-02-12 08:15:01] ✅ 系统正常
[2026-02-12 08:18:01] ✅ 进程存活 (PID: 76757)
[2026-02-12 08:18:01] 最后心跳: 7.7 分钟前
[2026-02-12 08:18:01] 最后 Session 更新: 0.1 分钟前
[2026-02-12 08:18:01] 最后日志: 0.1 分钟前
[2026-02-12 08:18:01] ✅ 系统正常
[2026-02-12 08:21:01] ✅ 进程存活 (PID: 76757)
[2026-02-12 08:21:01] 最后心跳: 2.6 分钟前
[2026-02-12 08:21:01] 最后 Session 更新: 0.0 分钟前
[2026-02-12 08:21:01] 最后日志: 0.0 分钟前
[2026-02-12 08:21:01] ✅ 系统正常
[2026-02-12 08:24:01] ✅ 进程存活 (PID: 76757)
[2026-02-12 08:24:01] 最后心跳: 0.6 分钟前
[2026-02-12 08:24:01] 最后 Session 更新: 0.0 分钟前
[2026-02-12 08:24:01] 最后日志: 0.0 分钟前
[2026-02-12 08:24:01] ✅ 系统正常
[2026-02-12 08:27:01] ✅ 进程存活 (PID: 76757)
[2026-02-12 08:27:01] 最后心跳: 3.6 分钟前
[2026-02-12 08:27:01] 最后 Session 更新: 0.0 分钟前
[2026-02-12 08:27:01] 最后日志: 0.0 分钟前
[2026-02-12 08:27:01] ✅ 系统正常
[2026-02-12 08:30:01] ✅ 进程存活 (PID: 79795)
[2026-02-12 08:30:01] 最后心跳: 1.6 分钟前
[2026-02-12 08:30:01] 最后 Session 更新: 0.1 分钟前
[2026-02-12 08:30:01] 最后日志: 0.0 分钟前
[2026-02-12 08:30:01] ✅ 系统正常
[2026-02-12 08:33:01] ✅ 进程存活 (PID: 79795)
[2026-02-12 08:33:01] 最后心跳: 4.6 分钟前
[2026-02-12 08:33:01] 最后 Session 更新: 0.0 分钟前
[2026-02-12 08:33:01] 最后日志: 0.0 分钟前
[2026-02-12 08:33:01] ✅ 系统正常
[2026-02-12 08:36:01] ✅ 进程存活 (PID: 79795)
[2026-02-12 08:36:01] 最后心跳: 1.6 分钟前
[2026-02-12 08:36:01] 最后 Session 更新: 0.0 分钟前
[2026-02-12 08:36:01] 最后日志: 0.0 分钟前
[2026-02-12 08:36:01] ✅ 系统正常
[2026-02-12 08:39:01] ✅ 进程存活 (PID: 79795)
[2026-02-12 08:39:01] 最后心跳: 4.6 分钟前
[2026-02-12 08:39:01] 最后 Session 更新: 0.0 分钟前
[2026-02-12 08:39:01] 最后日志: 0.0 分钟前
[2026-02-12 08:39:01] ✅ 系统正常
[2026-02-12 08:42:01] ✅ 进程存活 (PID: 79795)
[2026-02-12 08:42:01] 最后心跳: 2.6 分钟前
[2026-02-12 08:42:01] 最后 Session 更新: 0.1 分钟前
[2026-02-12 08:42:01] 最后日志: 0.1 分钟前
[2026-02-12 08:42:01] ✅ 系统正常
[2026-02-12 08:45:01] ✅ 进程存活 (PID: 79795)
[2026-02-12 08:45:01] 最后心跳: 0.2 分钟前
[2026-02-12 08:45:01] 最后 Session 更新: 0.1 分钟前
[2026-02-12 08:45:01] 最后日志: 0.1 分钟前
[2026-02-12 08:45:01] ✅ 系统正常
[2026-02-12 08:48:01] ✅ 进程存活 (PID: 79795)
[2026-02-12 08:48:01] 最后心跳: 3.2 分钟前
[2026-02-12 08:48:01] 最后 Session 更新: 0.0 分钟前
[2026-02-12 08:48:01] 最后日志: 0.0 分钟前
[2026-02-12 08:48:01] ✅ 系统正常
[2026-02-12 08:51:01] ✅ 进程存活 (PID: 79795)
[2026-02-12 08:51:01] 最后心跳: 1.2 分钟前
[2026-02-12 08:51:01] 最后 Session 更新: 0.5 分钟前
[2026-02-12 08:51:01] 最后日志: 0.5 分钟前
[2026-02-12 08:51:01] ✅ 系统正常
[2026-02-12 08:54:02] ✅ 进程存活 (PID: 79795)
[2026-02-12 08:54:02] 最后心跳: 4.2 分钟前
[2026-02-12 08:54:02] 最后 Session 更新: 0.0 分钟前
[2026-02-12 08:54:02] 最后日志: 0.0 分钟前
[2026-02-12 08:54:02] ✅ 系统正常
[2026-02-12 08:57:01] ✅ 进程存活 (PID: 79795)
[2026-02-12 08:57:01] 最后心跳: 7.2 分钟前
[2026-02-12 08:57:01] 最后 Session 更新: 0.0 分钟前
[2026-02-12 08:57:01] 最后日志: 0.0 分钟前
[2026-02-12 08:57:01] ✅ 系统正常
[2026-02-12 09:00:01] ✅ 进程存活 (PID: 79795)
[2026-02-12 09:00:01] 最后心跳: 0.3 分钟前
[2026-02-12 09:00:01] 最后 Session 更新: 0.0 分钟前
[2026-02-12 09:00:01] 最后日志: 0.0 分钟前
[2026-02-12 09:00:01] ✅ 系统正常
[2026-02-12 09:03:01] ✅ 进程存活 (PID: 79795)
[2026-02-12 09:03:01] 最后心跳: 3.3 分钟前
[2026-02-12 09:03:01] 最后 Session 更新: 0.0 分钟前
[2026-02-12 09:03:01] 最后日志: 0.0 分钟前
[2026-02-12 09:03:01] ✅ 系统正常
[2026-02-12 09:06:01] ✅ 进程存活 (PID: 79795)
[2026-02-12 09:06:01] 最后心跳: 6.3 分钟前
[2026-02-12 09:06:01] 最后 Session 更新: 0.1 分钟前
[2026-02-12 09:06:01] 最后日志: 0.1 分钟前
[2026-02-12 09:06:01] ✅ 系统正常
[2026-02-12 09:09:01] ✅ 进程存活 (PID: 79795)
[2026-02-12 09:09:01] 最后心跳: 2.3 分钟前
[2026-02-12 09:09:01] 最后 Session 更新: 0.1 分钟前
[2026-02-12 09:09:01] 最后日志: 0.1 分钟前
[2026-02-12 09:09:01] ✅ 系统正常
[2026-02-12 09:12:01] ✅ 进程存活 (PID: 79795)
[2026-02-12 09:12:01] 最后心跳: 5.3 分钟前
[2026-02-12 09:12:01] 最后 Session 更新: 0.0 分钟前
[2026-02-12 09:12:01] 最后日志: 0.0 分钟前
[2026-02-12 09:12:01] ✅ 系统正常
[2026-02-12 09:15:01] ✅ 进程存活 (PID: 79795)
[2026-02-12 09:15:01] 最后心跳: 2.9 分钟前
[2026-02-12 09:15:01] 最后 Session 更新: 0.0 分钟前
[2026-02-12 09:15:01] 最后日志: 0.0 分钟前
[2026-02-12 09:15:01] ✅ 系统正常
[2026-02-12 09:18:02] ✅ 进程存活 (PID: 79795)
[2026-02-12 09:18:02] 最后心跳: 5.9 分钟前
[2026-02-12 09:18:02] 最后 Session 更新: 0.0 分钟前
[2026-02-12 09:18:02] 最后日志: 0.0 分钟前
[2026-02-12 09:18:02] ✅ 系统正常
[2026-02-12 09:21:01] ✅ 进程存活 (PID: 79795)
[2026-02-12 09:21:01] 最后心跳: 1.4 分钟前
[2026-02-12 09:21:01] 最后 Session 更新: 0.0 分钟前
[2026-02-12 09:21:01] 最后日志: 0.0 分钟前
[2026-02-12 09:21:01] ✅ 系统正常
[2026-02-12 09:24:01] ✅ 进程存活 (PID: 79795)
[2026-02-12 09:24:01] 最后心跳: 4.4 分钟前
[2026-02-12 09:24:01] 最后 Session 更新: 0.0 分钟前
[2026-02-12 09:24:01] 最后日志: 0.0 分钟前
[2026-02-12 09:24:01] ✅ 系统正常
[2026-02-12 09:27:01] ✅ 进程存活 (PID: 79795)
[2026-02-12 09:27:01] 最后心跳: 7.4 分钟前
[2026-02-12 09:27:01] 最后 Session 更新: 0.0 分钟前
[2026-02-12 09:27:01] 最后日志: 0.0 分钟前
[2026-02-12 09:27:01] ✅ 系统正常
[2026-02-12 09:30:01] ✅ 进程存活 (PID: 79795)
[2026-02-12 09:30:01] 最后心跳: 1.9 分钟前
[2026-02-12 09:30:01] 最后 Session 更新: 0.4 分钟前
[2026-02-12 09:30:01] 最后日志: 0.4 分钟前
[2026-02-12 09:30:01] ✅ 系统正常
[2026-02-12 09:33:01] ✅ 进程存活 (PID: 79795)
[2026-02-12 09:33:01] 最后心跳: 4.9 分钟前
[2026-02-12 09:33:01] 最后 Session 更新: 0.1 分钟前
[2026-02-12 09:33:01] 最后日志: 0.1 分钟前
[2026-02-12 09:33:01] ✅ 系统正常
[2026-02-12 09:36:01] ✅ 进程存活 (PID: 79795)
[2026-02-12 09:36:01] 最后心跳: 7.9 分钟前
[2026-02-12 09:36:01] 最后 Session 更新: 0.1 分钟前
[2026-02-12 09:36:01] 最后日志: 0.1 分钟前
[2026-02-12 09:36:01] ✅ 系统正常
[2026-02-12 09:39:01] ✅ 进程存活 (PID: 79795)
[2026-02-12 09:39:01] 最后心跳: 0.9 分钟前
[2026-02-12 09:39:01] 最后 Session 更新: 0.0 分钟前
[2026-02-12 09:39:01] 最后日志: 0.0 分钟前
[2026-02-12 09:39:01] ✅ 系统正常
[2026-02-12 09:42:01] ✅ 进程存活 (PID: 79795)
[2026-02-12 09:42:01] 最后心跳: 3.9 分钟前
[2026-02-12 09:42:01] 最后 Session 更新: 0.2 分钟前
[2026-02-12 09:42:01] 最后日志: 0.2 分钟前
[2026-02-12 09:42:01] ✅ 系统正常
[2026-02-12 09:45:01] ✅ 进程存活 (PID: 79795)
[2026-02-12 09:45:01] 最后心跳: 6.9 分钟前
[2026-02-12 09:45:01] 最后 Session 更新: 0.0 分钟前
[2026-02-12 09:45:01] 最后日志: 0.0 分钟前
[2026-02-12 09:45:01] ✅ 系统正常
[2026-02-12 09:48:01] ✅ 进程存活 (PID: 79795)
[2026-02-12 09:48:01] 最后心跳: 2.0 分钟前
[2026-02-12 09:48:01] 最后 Session 更新: 0.0 分钟前
[2026-02-12 09:48:01] 最后日志: 0.0 分钟前
[2026-02-12 09:48:01] ✅ 系统正常
[2026-02-12 09:51:01] ✅ 进程存活 (PID: 79795)
[2026-02-12 09:51:01] 最后心跳: 5.0 分钟前
[2026-02-12 09:51:01] 最后 Session 更新: 0.0 分钟前
[2026-02-12 09:51:01] 最后日志: 0.0 分钟前
[2026-02-12 09:51:01] ✅ 系统正常
[2026-02-12 09:54:01] ✅ 进程存活 (PID: 79795)
[2026-02-12 09:54:01] 最后心跳: 8.0 分钟前
[2026-02-12 09:54:01] 最后 Session 更新: 0.1 分钟前
[2026-02-12 09:54:01] 最后日志: 0.1 分钟前
[2026-02-12 09:54:01] ✅ 系统正常
[2026-02-12 09:57:01] ✅ 进程存活 (PID: 79795)
[2026-02-12 09:57:01] 最后心跳: 2.3 分钟前
[2026-02-12 09:57:01] 最后 Session 更新: 0.1 分钟前
[2026-02-12 09:57:01] 最后日志: 0.1 分钟前
[2026-02-12 09:57:01] ✅ 系统正常
[2026-02-12 10:00:01] ✅ 进程存活 (PID: 79795)
[2026-02-12 10:00:01] 最后心跳: 5.3 分钟前
[2026-02-12 10:00:01] 最后 Session 更新: 0.0 分钟前
[2026-02-12 10:00:01] 最后日志: 0.0 分钟前
[2026-02-12 10:00:01] ✅ 系统正常
[2026-02-12 10:03:01] ✅ 进程存活 (PID: 79795)
[2026-02-12 10:03:01] 最后心跳: 2.9 分钟前
[2026-02-12 10:03:01] 最后 Session 更新: 0.1 分钟前
[2026-02-12 10:03:01] 最后日志: 0.0 分钟前
[2026-02-12 10:03:01] ✅ 系统正常
[2026-02-12 10:06:01] ✅ 进程存活 (PID: 79795)
[2026-02-12 10:06:01] 最后心跳: 5.9 分钟前
[2026-02-12 10:06:01] 最后 Session 更新: 0.0 分钟前
[2026-02-12 10:06:01] 最后日志: 0.0 分钟前
[2026-02-12 10:06:01] ✅ 系统正常
[2026-02-12 10:09:01] ✅ 进程存活 (PID: 79795)
[2026-02-12 10:09:01] 最后心跳: 8.9 分钟前
[2026-02-12 10:09:01] 最后 Session 更新: 0.0 分钟前
[2026-02-12 10:09:01] 最后日志: 0.0 分钟前
[2026-02-12 10:09:01] ✅ 系统正常
[2026-02-12 10:12:01] ✅ 进程存活 (PID: 79795)
[2026-02-12 10:12:01] 最后心跳: 11.9 分钟前
[2026-02-12 10:12:01] 最后 Session 更新: 0.0 分钟前
[2026-02-12 10:12:01] 最后日志: 0.0 分钟前
[2026-02-12 10:12:01] ⚠️ 心跳停止 11分钟，但系统仍活跃（Session 0.0分钟前更新, 日志 0.0分钟前更新）
[2026-02-12 10:12:01] ⚠️ 发送告警（不重启）: 心跳停止 11分钟，但系统仍活跃（Session 0.0分钟前更新, 日志 0.0分钟前更新）
[2026-02-12 10:12:01] Lark 通知已发送
[2026-02-12 10:15:02] ✅ 进程存活 (PID: 79795)
[2026-02-12 10:15:02] 最后心跳: 14.9 分钟前
[2026-02-12 10:15:02] 最后 Session 更新: 0.1 分钟前
[2026-02-12 10:15:02] 最后日志: 0.1 分钟前
[2026-02-12 10:15:02] ⚠️ 心跳停止 14分钟，但系统仍活跃（Session 0.1分钟前更新, 日志 0.1分钟前更新）
[2026-02-12 10:15:02] 告警限频中，跳过: 心跳停止 14分钟，但系统仍活跃（Session 0.1分钟前更新, 日志 0.1分钟前更新）
[2026-02-12 10:18:01] ✅ 进程存活 (PID: 89730)
[2026-02-12 10:18:01] 最后心跳: 1.6 分钟前
[2026-02-12 10:18:01] 最后 Session 更新: 0.0 分钟前
[2026-02-12 10:18:01] 最后日志: 0.0 分钟前
[2026-02-12 10:18:01] ✅ 系统正常
[2026-02-12 10:21:01] ✅ 进程存活 (PID: 89730)
[2026-02-12 10:21:01] 最后心跳: 4.6 分钟前
[2026-02-12 10:21:01] 最后 Session 更新: 0.0 分钟前
[2026-02-12 10:21:01] 最后日志: 0.0 分钟前
[2026-02-12 10:21:01] ✅ 系统正常
[2026-02-12 10:24:01] ✅ 进程存活 (PID: 89730)
[2026-02-12 10:24:01] 最后心跳: 7.6 分钟前
[2026-02-12 10:24:01] 最后 Session 更新: 2.8 分钟前
[2026-02-12 10:24:01] 最后日志: 0.1 分钟前
[2026-02-12 10:24:01] ✅ 系统正常
[2026-02-12 10:27:01] ✅ 进程存活 (PID: 89730)
[2026-02-12 10:27:01] 最后心跳: 1.9 分钟前
[2026-02-12 10:27:01] 最后 Session 更新: 0.1 分钟前
[2026-02-12 10:27:01] 最后日志: 0.1 分钟前
[2026-02-12 10:27:01] ✅ 系统正常
[2026-02-12 10:30:01] ✅ 进程存活 (PID: 89730)
[2026-02-12 10:30:01] 最后心跳: 4.9 分钟前
[2026-02-12 10:30:01] 最后 Session 更新: 0.0 分钟前
[2026-02-12 10:30:01] 最后日志: 0.0 分钟前
[2026-02-12 10:30:01] ✅ 系统正常
[2026-02-12 10:33:01] ✅ 进程存活 (PID: 89730)
[2026-02-12 10:33:01] 最后心跳: 7.9 分钟前
[2026-02-12 10:33:01] 最后 Session 更新: 2.2 分钟前
[2026-02-12 10:33:01] 最后日志: 0.1 分钟前
[2026-02-12 10:33:01] ✅ 系统正常
[2026-02-12 10:36:01] ✅ 进程存活 (PID: 89730)
[2026-02-12 10:36:01] 最后心跳: 10.9 分钟前
[2026-02-12 10:36:01] 最后 Session 更新: 1.0 分钟前
[2026-02-12 10:36:01] 最后日志: 0.1 分钟前
[2026-02-12 10:36:01] ⚠️ 心跳停止 10分钟，但系统仍活跃（Session 1.0分钟前更新, 日志 0.1分钟前更新）
[2026-02-12 10:36:01] 告警限频中，跳过: 心跳停止 10分钟，但系统仍活跃（Session 1.0分钟前更新, 日志 0.1分钟前更新）
[2026-02-12 10:39:01] ✅ 进程存活 (PID: 89730)
[2026-02-12 10:39:01] 最后心跳: 13.9 分钟前
[2026-02-12 10:39:01] 最后 Session 更新: 4.0 分钟前
[2026-02-12 10:39:01] 最后日志: 0.1 分钟前
[2026-02-12 10:39:01] ⚠️ 心跳停止 13分钟，但系统仍活跃（Session 4.0分钟前更新, 日志 0.1分钟前更新）
[2026-02-12 10:39:01] 告警限频中，跳过: 心跳停止 13分钟，但系统仍活跃（Session 4.0分钟前更新, 日志 0.1分钟前更新）
[2026-02-12 10:42:02] ✅ 进程存活 (PID: 89730)
[2026-02-12 10:42:02] 最后心跳: 16.9 分钟前
[2026-02-12 10:42:02] 最后 Session 更新: 2.0 分钟前
[2026-02-12 10:42:02] 最后日志: 0.1 分钟前
[2026-02-12 10:42:02] ⚠️ 心跳停止 16分钟，但系统仍活跃（Session 2.0分钟前更新, 日志 0.1分钟前更新）
[2026-02-12 10:42:02] ⚠️ 发送告警（不重启）: 心跳停止 16分钟，但系统仍活跃（Session 2.0分钟前更新, 日志 0.1分钟前更新）
[2026-02-12 10:42:02] Lark 通知已发送
[2026-02-12 10:45:01] ✅ 进程存活 (PID: 89730)
[2026-02-12 10:45:01] 最后心跳: 19.9 分钟前
[2026-02-12 10:45:01] 最后 Session 更新: 0.0 分钟前
[2026-02-12 10:45:01] 最后日志: 0.0 分钟前
[2026-02-12 10:45:01] ⚠️ 心跳停止 19分钟，但系统仍活跃（Session 0.0分钟前更新, 日志 0.0分钟前更新）
[2026-02-12 10:45:01] 告警限频中，跳过: 心跳停止 19分钟，但系统仍活跃（Session 0.0分钟前更新, 日志 0.0分钟前更新）
[2026-02-12 10:48:01] ✅ 进程存活 (PID: 915)
[2026-02-12 10:48:01] 最后心跳: 22.8 分钟前
[2026-02-12 10:48:01] 最后 Session 更新: 3.0 分钟前
[2026-02-12 10:48:01] 最后日志: 0.9 分钟前
[2026-02-12 10:48:01] ⚠️ 心跳停止 22分钟，但系统仍活跃（Session 3.0分钟前更新, 日志 0.9分钟前更新）
[2026-02-12 10:48:01] 告警限频中，跳过: 心跳停止 22分钟，但系统仍活跃（Session 3.0分钟前更新, 日志 0.9分钟前更新）
[2026-02-12 10:51:01] ✅ 进程存活 (PID: 915)
[2026-02-12 10:51:01] 最后心跳: 25.8 分钟前
[2026-02-12 10:51:01] 最后 Session 更新: 6.0 分钟前
[2026-02-12 10:51:01] 最后日志: -0.0 分钟前
[2026-02-12 10:51:01] ⚠️ 心跳停止 25分钟，但系统仍活跃（Session 6.0分钟前更新, 日志 -0.0分钟前更新）
[2026-02-12 10:51:01] 告警限频中，跳过: 心跳停止 25分钟，但系统仍活跃（Session 6.0分钟前更新, 日志 -0.0分钟前更新）
[2026-02-12 10:54:01] ✅ 进程存活 (PID: 915)
[2026-02-12 10:54:01] 最后心跳: 28.9 分钟前
[2026-02-12 10:54:01] 最后 Session 更新: 9.0 分钟前
[2026-02-12 10:54:01] 最后日志: -0.0 分钟前
[2026-02-12 10:54:01] ⚠️ 心跳停止 28分钟，但系统仍活跃（Session 9.0分钟前更新, 日志 -0.0分钟前更新）
[2026-02-12 10:54:01] 告警限频中，跳过: 心跳停止 28分钟，但系统仍活跃（Session 9.0分钟前更新, 日志 -0.0分钟前更新）
[2026-02-12 10:57:01] ✅ 进程存活 (PID: 915)
[2026-02-12 10:57:01] 最后心跳: 0.7 分钟前
[2026-02-12 10:57:01] 最后 Session 更新: 0.0 分钟前
[2026-02-12 10:57:01] 最后日志: 0.0 分钟前
[2026-02-12 10:57:01] ✅ 系统正常
[2026-02-12 11:00:01] ✅ 进程存活 (PID: 915)
[2026-02-12 11:00:01] 最后心跳: 3.7 分钟前
[2026-02-12 11:00:01] 最后 Session 更新: 0.1 分钟前
[2026-02-12 11:00:01] 最后日志: 0.0 分钟前
[2026-02-12 11:00:01] ✅ 系统正常
[2026-02-12 11:03:02] ✅ 进程存活 (PID: 915)
[2026-02-12 11:03:02] 最后心跳: 6.7 分钟前
[2026-02-12 11:03:02] 最后 Session 更新: 0.0 分钟前
[2026-02-12 11:03:02] 最后日志: 0.0 分钟前
[2026-02-12 11:03:02] ✅ 系统正常
[2026-02-12 11:06:01] ✅ 进程存活 (PID: 915)
[2026-02-12 11:06:01] 最后心跳: 2.6 分钟前
[2026-02-12 11:06:01] 最后 Session 更新: 0.0 分钟前
[2026-02-12 11:06:01] 最后日志: 0.0 分钟前
[2026-02-12 11:06:01] ✅ 系统正常
[2026-02-12 11:09:01] ❌ Gateway 进程不存在
[2026-02-12 11:09:01] 🔄 执行重启: 进程不存在
[2026-02-12 11:09:02] Lark 通知已发送
[2026-02-12 11:09:05] ✅ 重启完成
[2026-02-12 11:12:01] ✅ 进程存活 (PID: 3342)
[2026-02-12 11:12:01] 冷却期（2.9分钟前重启），跳过
[2026-02-12 11:15:02] ✅ 进程存活 (PID: 3470)
[2026-02-12 11:15:02] 最后心跳: 11.6 分钟前
[2026-02-12 11:15:02] 最后 Session 更新: 0.0 分钟前
[2026-02-12 11:15:02] 最后日志: 0.0 分钟前
[2026-02-12 11:15:02] ⚠️ 心跳停止 11分钟，但系统仍活跃（Session 0.0分钟前更新, 日志 0.0分钟前更新）
[2026-02-12 11:15:02] ⚠️ 发送告警（不重启）: 心跳停止 11分钟，但系统仍活跃（Session 0.0分钟前更新, 日志 0.0分钟前更新）
[2026-02-12 11:15:02] Lark 通知已发送
[2026-02-12 11:18:01] ✅ 进程存活 (PID: 3768)
[2026-02-12 11:18:01] 最后心跳: 14.6 分钟前
[2026-02-12 11:18:01] 最后 Session 更新: 2.3 分钟前
[2026-02-12 11:18:01] 最后日志: 0.2 分钟前
[2026-02-12 11:18:01] ⚠️ 心跳停止 14分钟，但系统仍活跃（Session 2.3分钟前更新, 日志 0.2分钟前更新）
[2026-02-12 11:18:01] 告警限频中，跳过: 心跳停止 14分钟，但系统仍活跃（Session 2.3分钟前更新, 日志 0.2分钟前更新）
[2026-02-12 11:21:01] ✅ 进程存活 (PID: 4030)
[2026-02-12 11:21:01] 最后心跳: 17.6 分钟前
[2026-02-12 11:21:01] 最后 Session 更新: 0.8 分钟前
[2026-02-12 11:21:01] 最后日志: 0.8 分钟前
[2026-02-12 11:21:01] ⚠️ 心跳停止 17分钟，但系统仍活跃（Session 0.8分钟前更新, 日志 0.8分钟前更新）
[2026-02-12 11:21:01] 告警限频中，跳过: 心跳停止 17分钟，但系统仍活跃（Session 0.8分钟前更新, 日志 0.8分钟前更新）
[2026-02-12 11:24:01] ✅ 进程存活 (PID: 4030)
[2026-02-12 11:24:01] 最后心跳: 20.6 分钟前
[2026-02-12 11:24:01] 最后 Session 更新: 0.4 分钟前
[2026-02-12 11:24:01] 最后日志: 0.4 分钟前
[2026-02-12 11:24:01] ⚠️ 心跳停止 20分钟，但系统仍活跃（Session 0.4分钟前更新, 日志 0.4分钟前更新）
[2026-02-12 11:24:01] 告警限频中，跳过: 心跳停止 20分钟，但系统仍活跃（Session 0.4分钟前更新, 日志 0.4分钟前更新）
[2026-02-12 11:27:01] ✅ 进程存活 (PID: 4030)
[2026-02-12 11:27:01] 最后心跳: 1.6 分钟前
[2026-02-12 11:27:01] 最后 Session 更新: 0.1 分钟前
[2026-02-12 11:27:01] 最后日志: 0.1 分钟前
[2026-02-12 11:27:01] ✅ 系统正常
[2026-02-12 11:30:02] ✅ 进程存活 (PID: 4030)
[2026-02-12 11:30:02] 最后心跳: 4.6 分钟前
[2026-02-12 11:30:02] 最后 Session 更新: 0.1 分钟前
[2026-02-12 11:30:02] 最后日志: 0.1 分钟前
[2026-02-12 11:30:02] ✅ 系统正常
[2026-02-12 11:33:01] ✅ 进程存活 (PID: 6106)
[2026-02-12 11:33:01] 最后心跳: 7.6 分钟前
[2026-02-12 11:33:01] 最后 Session 更新: 0.0 分钟前
[2026-02-12 11:33:01] 最后日志: 0.0 分钟前
[2026-02-12 11:33:01] ✅ 系统正常
[2026-02-12 11:36:01] ✅ 进程存活 (PID: 6106)
[2026-02-12 11:36:01] 最后心跳: 0.4 分钟前
[2026-02-12 11:36:01] 最后 Session 更新: 0.0 分钟前
[2026-02-12 11:36:01] 最后日志: 0.0 分钟前
[2026-02-12 11:36:01] ✅ 系统正常
[2026-02-12 11:39:01] ✅ 进程存活 (PID: 6106)
[2026-02-12 11:39:01] 最后心跳: 3.4 分钟前
[2026-02-12 11:39:01] 最后 Session 更新: 0.9 分钟前
[2026-02-12 11:39:01] 最后日志: 0.5 分钟前
[2026-02-12 11:39:01] ✅ 系统正常
[2026-02-12 11:42:01] ✅ 进程存活 (PID: 6106)
[2026-02-12 11:42:01] 最后心跳: 6.4 分钟前
[2026-02-12 11:42:01] 最后 Session 更新: 3.9 分钟前
[2026-02-12 11:42:01] 最后日志: 0.5 分钟前
[2026-02-12 11:42:01] ✅ 系统正常
[2026-02-12 11:45:01] ✅ 进程存活 (PID: 6106)
[2026-02-12 11:45:01] 最后心跳: 9.4 分钟前
[2026-02-12 11:45:01] 最后 Session 更新: 6.9 分钟前
[2026-02-12 11:45:01] 最后日志: 0.2 分钟前
[2026-02-12 11:45:01] ✅ 系统正常
[2026-02-12 11:48:01] ✅ 进程存活 (PID: 6106)
[2026-02-12 11:48:01] 最后心跳: 12.4 分钟前
[2026-02-12 11:48:01] 最后 Session 更新: 9.9 分钟前
[2026-02-12 11:48:01] 最后日志: 0.5 分钟前
[2026-02-12 11:48:01] ⚠️ 心跳停止 12分钟，但系统仍活跃（Session 9.9分钟前更新, 日志 0.5分钟前更新）
[2026-02-12 11:48:01] ⚠️ 发送告警（不重启）: 心跳停止 12分钟，但系统仍活跃（Session 9.9分钟前更新, 日志 0.5分钟前更新）
[2026-02-12 11:48:02] Lark 通知已发送
[2026-02-12 11:51:01] ✅ 进程存活 (PID: 6106)
[2026-02-12 11:51:01] 最后心跳: 15.4 分钟前
[2026-02-12 11:51:01] 最后 Session 更新: 12.9 分钟前
[2026-02-12 11:51:01] 最后日志: 0.2 分钟前
[2026-02-12 11:51:01] ⚠️ 心跳停止 15分钟，但系统仍活跃（Session 12.9分钟前更新, 日志 0.2分钟前更新）
[2026-02-12 11:51:01] 告警限频中，跳过: 心跳停止 15分钟，但系统仍活跃（Session 12.9分钟前更新, 日志 0.2分钟前更新）
[2026-02-12 11:54:01] ✅ 进程存活 (PID: 7399)
[2026-02-12 11:54:01] 最后心跳: 18.4 分钟前
[2026-02-12 11:54:01] 最后 Session 更新: 0.6 分钟前
[2026-02-12 11:54:01] 最后日志: 0.0 分钟前
[2026-02-12 11:54:01] ⚠️ 心跳停止 18分钟，但系统仍活跃（Session 0.6分钟前更新, 日志 0.0分钟前更新）
[2026-02-12 11:54:01] 告警限频中，跳过: 心跳停止 18分钟，但系统仍活跃（Session 0.6分钟前更新, 日志 0.0分钟前更新）
[2026-02-12 11:57:01] ✅ 进程存活 (PID: 7669)
[2026-02-12 11:57:01] 最后心跳: 2.7 分钟前
[2026-02-12 11:57:01] 最后 Session 更新: 0.5 分钟前
[2026-02-12 11:57:01] 最后日志: 0.0 分钟前
[2026-02-12 11:57:01] ✅ 系统正常
[2026-02-12 12:00:01] ✅ 进程存活 (PID: 7995)
[2026-02-12 12:00:01] 最后心跳: 5.7 分钟前
[2026-02-12 12:00:01] 最后 Session 更新: 0.0 分钟前
[2026-02-12 12:00:01] 最后日志: 0.0 分钟前
[2026-02-12 12:00:01] ✅ 系统正常
[2026-02-12 12:03:01] ✅ 进程存活 (PID: 7995)
[2026-02-12 12:03:01] 最后心跳: 8.7 分钟前
[2026-02-12 12:03:01] 最后 Session 更新: 0.2 分钟前
[2026-02-12 12:03:01] 最后日志: 0.1 分钟前
[2026-02-12 12:03:01] ✅ 系统正常
[2026-02-12 12:06:01] ✅ 进程存活 (PID: 7995)
[2026-02-12 12:06:01] 最后心跳: 11.7 分钟前
[2026-02-12 12:06:01] 最后 Session 更新: 0.6 分钟前
[2026-02-12 12:06:01] 最后日志: 0.1 分钟前
[2026-02-12 12:06:01] ⚠️ 心跳停止 11分钟，但系统仍活跃（Session 0.6分钟前更新, 日志 0.1分钟前更新）
[2026-02-12 12:06:01] 告警限频中，跳过: 心跳停止 11分钟，但系统仍活跃（Session 0.6分钟前更新, 日志 0.1分钟前更新）
[2026-02-12 12:09:01] ✅ 进程存活 (PID: 7995)
[2026-02-12 12:09:01] 最后心跳: 14.7 分钟前
[2026-02-12 12:09:01] 最后 Session 更新: 1.3 分钟前
[2026-02-12 12:09:01] 最后日志: 0.1 分钟前
[2026-02-12 12:09:01] ⚠️ 心跳停止 14分钟，但系统仍活跃（Session 1.3分钟前更新, 日志 0.1分钟前更新）
[2026-02-12 12:09:01] 告警限频中，跳过: 心跳停止 14分钟，但系统仍活跃（Session 1.3分钟前更新, 日志 0.1分钟前更新）
[2026-02-12 12:12:01] ✅ 进程存活 (PID: 7995)
[2026-02-12 12:12:01] 最后心跳: 1.3 分钟前
[2026-02-12 12:12:01] 最后 Session 更新: 0.0 分钟前
[2026-02-12 12:12:01] 最后日志: 0.0 分钟前
[2026-02-12 12:12:01] ✅ 系统正常
[2026-02-12 12:15:01] ✅ 进程存活 (PID: 7995)
[2026-02-12 12:15:01] 最后心跳: 4.3 分钟前
[2026-02-12 12:15:01] 最后 Session 更新: 0.2 分钟前
[2026-02-12 12:15:01] 最后日志: 0.1 分钟前
[2026-02-12 12:15:01] ✅ 系统正常
[2026-02-12 12:18:01] ✅ 进程存活 (PID: 7995)
[2026-02-12 12:18:01] 最后心跳: 7.3 分钟前
[2026-02-12 12:18:01] 最后 Session 更新: 0.8 分钟前
[2026-02-12 12:18:01] 最后日志: 0.1 分钟前
[2026-02-12 12:18:01] ✅ 系统正常
[2026-02-12 12:21:01] ✅ 进程存活 (PID: 7995)
[2026-02-12 12:21:01] 最后心跳: 2.3 分钟前
[2026-02-12 12:21:01] 最后 Session 更新: 0.1 分钟前
[2026-02-12 12:21:01] 最后日志: 0.1 分钟前
[2026-02-12 12:21:01] ✅ 系统正常
[2026-02-12 12:24:02] ✅ 进程存活 (PID: 9826)
[2026-02-12 12:24:02] 最后心跳: 5.3 分钟前
[2026-02-12 12:24:02] 最后 Session 更新: 2.8 分钟前
[2026-02-12 12:24:02] 最后日志: 0.5 分钟前
[2026-02-12 12:24:02] ✅ 系统正常
[2026-02-12 12:27:01] ✅ 进程存活 (PID: 9826)
[2026-02-12 12:27:01] 最后心跳: 8.2 分钟前
[2026-02-12 12:27:01] 最后 Session 更新: 5.8 分钟前
[2026-02-12 12:27:01] 最后日志: 0.5 分钟前
[2026-02-12 12:27:01] ✅ 系统正常
[2026-02-12 12:30:01] ✅ 进程存活 (PID: 10325)
[2026-02-12 12:30:01] 最后心跳: 11.2 分钟前
[2026-02-12 12:30:01] 最后 Session 更新: 0.1 分钟前
[2026-02-12 12:30:01] 最后日志: 0.1 分钟前
[2026-02-12 12:30:01] ⚠️ 心跳停止 11分钟，但系统仍活跃（Session 0.1分钟前更新, 日志 0.1分钟前更新）
[2026-02-12 12:30:01] ⚠️ 发送告警（不重启）: 心跳停止 11分钟，但系统仍活跃（Session 0.1分钟前更新, 日志 0.1分钟前更新）
[2026-02-12 12:30:01] Lark 通知已发送
[2026-02-12 12:33:01] ✅ 进程存活 (PID: 10325)
[2026-02-12 12:33:01] 最后心跳: 14.3 分钟前
[2026-02-12 12:33:01] 最后 Session 更新: 0.1 分钟前
[2026-02-12 12:33:01] 最后日志: 0.1 分钟前
[2026-02-12 12:33:01] ⚠️ 心跳停止 14分钟，但系统仍活跃（Session 0.1分钟前更新, 日志 0.1分钟前更新）
[2026-02-12 12:33:01] 告警限频中，跳过: 心跳停止 14分钟，但系统仍活跃（Session 0.1分钟前更新, 日志 0.1分钟前更新）
[2026-02-12 12:36:01] ✅ 进程存活 (PID: 10835)
[2026-02-12 12:36:01] 最后心跳: 17.3 分钟前
[2026-02-12 12:36:01] 最后 Session 更新: 0.5 分钟前
[2026-02-12 12:36:01] 最后日志: 0.0 分钟前
[2026-02-12 12:36:01] ⚠️ 心跳停止 17分钟，但系统仍活跃（Session 0.5分钟前更新, 日志 0.0分钟前更新）
[2026-02-12 12:36:01] 告警限频中，跳过: 心跳停止 17分钟，但系统仍活跃（Session 0.5分钟前更新, 日志 0.0分钟前更新）
[2026-02-12 12:39:02] ✅ 进程存活 (PID: 10835)
[2026-02-12 12:39:02] 最后心跳: 20.3 分钟前
[2026-02-12 12:39:02] 最后 Session 更新: 1.5 分钟前
[2026-02-12 12:39:02] 最后日志: 0.0 分钟前
[2026-02-12 12:39:02] ⚠️ 心跳停止 20分钟，但系统仍活跃（Session 1.5分钟前更新, 日志 0.0分钟前更新）
[2026-02-12 12:39:02] 告警限频中，跳过: 心跳停止 20分钟，但系统仍活跃（Session 1.5分钟前更新, 日志 0.0分钟前更新）
[2026-02-12 12:42:01] ✅ 进程存活 (PID: 11234)
[2026-02-12 12:42:01] 最后心跳: 23.2 分钟前
[2026-02-12 12:42:01] 最后 Session 更新: 0.1 分钟前
[2026-02-12 12:42:01] 最后日志: 0.1 分钟前
[2026-02-12 12:42:01] ⚠️ 心跳停止 23分钟，但系统仍活跃（Session 0.1分钟前更新, 日志 0.1分钟前更新）
[2026-02-12 12:42:01] 告警限频中，跳过: 心跳停止 23分钟，但系统仍活跃（Session 0.1分钟前更新, 日志 0.1分钟前更新）
[2026-02-12 12:45:01] ✅ 进程存活 (PID: 11234)
[2026-02-12 12:45:01] 最后心跳: 26.2 分钟前
[2026-02-12 12:45:01] 最后 Session 更新: 0.0 分钟前
[2026-02-12 12:45:01] 最后日志: 0.0 分钟前
[2026-02-12 12:45:01] ⚠️ 心跳停止 26分钟，但系统仍活跃（Session 0.0分钟前更新, 日志 0.0分钟前更新）
[2026-02-12 12:45:01] 告警限频中，跳过: 心跳停止 26分钟，但系统仍活跃（Session 0.0分钟前更新, 日志 0.0分钟前更新）
[2026-02-12 12:48:01] ✅ 进程存活 (PID: 11234)
[2026-02-12 12:48:01] 最后心跳: 29.2 分钟前
[2026-02-12 12:48:01] 最后 Session 更新: 0.2 分钟前
[2026-02-12 12:48:01] 最后日志: 0.2 分钟前
[2026-02-12 12:48:01] ⚠️ 心跳停止 29分钟，但系统仍活跃（Session 0.2分钟前更新, 日志 0.2分钟前更新）
[2026-02-12 12:48:01] 告警限频中，跳过: 心跳停止 29分钟，但系统仍活跃（Session 0.2分钟前更新, 日志 0.2分钟前更新）
[2026-02-12 12:51:01] ✅ 进程存活 (PID: 11234)
[2026-02-12 12:51:01] 最后心跳: 32.2 分钟前
[2026-02-12 12:51:01] 最后 Session 更新: 0.0 分钟前
[2026-02-12 12:51:01] 最后日志: 0.0 分钟前
[2026-02-12 12:51:01] ⚠️ 心跳停止 32分钟，但系统仍活跃（Session 0.0分钟前更新, 日志 0.0分钟前更新）
[2026-02-12 12:51:01] 告警限频中，跳过: 心跳停止 32分钟，但系统仍活跃（Session 0.0分钟前更新, 日志 0.0分钟前更新）
[2026-02-12 12:54:01] ✅ 进程存活 (PID: 12138)
[2026-02-12 12:54:01] 最后心跳: 2.5 分钟前
[2026-02-12 12:54:01] 最后 Session 更新: 0.0 分钟前
[2026-02-12 12:54:01] 最后日志: 0.0 分钟前
[2026-02-12 12:54:01] ✅ 系统正常
[2026-02-12 12:57:01] ✅ 进程存活 (PID: 12138)
[2026-02-12 12:57:01] 最后心跳: 5.5 分钟前
[2026-02-12 12:57:01] 最后 Session 更新: 0.0 分钟前
[2026-02-12 12:57:01] 最后日志: 0.0 分钟前
[2026-02-12 12:57:01] ✅ 系统正常
[2026-02-12 13:00:01] ✅ 进程存活 (PID: 12138)
[2026-02-12 13:00:01] 最后心跳: 8.5 分钟前
[2026-02-12 13:00:01] 最后 Session 更新: 0.0 分钟前
[2026-02-12 13:00:01] 最后日志: 0.0 分钟前
[2026-02-12 13:00:01] ✅ 系统正常
[2026-02-12 13:03:01] ✅ 进程存活 (PID: 12138)
[2026-02-12 13:03:01] 最后心跳: 11.4 分钟前
[2026-02-12 13:03:01] 最后 Session 更新: 0.0 分钟前
[2026-02-12 13:03:01] 最后日志: 0.0 分钟前
[2026-02-12 13:03:01] ⚠️ 心跳停止 11分钟，但系统仍活跃（Session 0.0分钟前更新, 日志 0.0分钟前更新）
[2026-02-12 13:03:01] ⚠️ 发送告警（不重启）: 心跳停止 11分钟，但系统仍活跃（Session 0.0分钟前更新, 日志 0.0分钟前更新）
[2026-02-12 13:03:01] Lark 通知已发送
[2026-02-12 13:06:01] ✅ 进程存活 (PID: 12138)
[2026-02-12 13:06:01] 最后心跳: 14.5 分钟前
[2026-02-12 13:06:01] 最后 Session 更新: 0.0 分钟前
[2026-02-12 13:06:01] 最后日志: -0.0 分钟前
[2026-02-12 13:06:01] ⚠️ 心跳停止 14分钟，但系统仍活跃（Session 0.0分钟前更新, 日志 -0.0分钟前更新）
[2026-02-12 13:06:01] 告警限频中，跳过: 心跳停止 14分钟，但系统仍活跃（Session 0.0分钟前更新, 日志 -0.0分钟前更新）
[2026-02-12 13:09:01] ✅ 进程存活 (PID: 12138)
[2026-02-12 13:09:01] 最后心跳: 0.2 分钟前
[2026-02-12 13:09:01] 最后 Session 更新: 0.0 分钟前
[2026-02-12 13:09:01] 最后日志: 0.0 分钟前
[2026-02-12 13:09:01] ✅ 系统正常
[2026-02-12 13:12:01] ✅ 进程存活 (PID: 12138)
[2026-02-12 13:12:01] 最后心跳: 3.2 分钟前
[2026-02-12 13:12:01] 最后 Session 更新: 0.0 分钟前
[2026-02-12 13:12:01] 最后日志: 0.0 分钟前
[2026-02-12 13:12:01] ✅ 系统正常
[2026-02-12 13:15:02] ✅ 进程存活 (PID: 43637)
[2026-02-12 13:15:02] 最后心跳: 6.2 分钟前
[2026-02-12 13:15:02] 最后 Session 更新: 0.4 分钟前
[2026-02-12 13:15:02] 最后日志: 0.0 分钟前
[2026-02-12 13:15:02] ✅ 系统正常
[2026-02-12 13:18:01] ✅ 进程存活 (PID: 43948)
[2026-02-12 13:18:01] 最后心跳: 9.2 分钟前
[2026-02-12 13:18:01] 最后 Session 更新: 0.0 分钟前
[2026-02-12 13:18:01] 最后日志: 0.1 分钟前
[2026-02-12 13:18:01] ✅ 系统正常
[2026-02-12 13:21:01] ✅ 进程存活 (PID: 43948)
[2026-02-12 13:21:01] 最后心跳: 12.2 分钟前
[2026-02-12 13:21:01] 最后 Session 更新: 0.0 分钟前
[2026-02-12 13:21:01] 最后日志: 0.0 分钟前
[2026-02-12 13:21:01] ⚠️ 心跳停止 12分钟，但系统仍活跃（Session 0.0分钟前更新, 日志 0.0分钟前更新）
[2026-02-12 13:21:01] 告警限频中，跳过: 心跳停止 12分钟，但系统仍活跃（Session 0.0分钟前更新, 日志 0.0分钟前更新）
[2026-02-12 13:24:01] ✅ 进程存活 (PID: 43948)
[2026-02-12 13:24:01] 最后心跳: 1.6 分钟前
[2026-02-12 13:24:01] 最后 Session 更新: 0.0 分钟前
[2026-02-12 13:24:01] 最后日志: 0.0 分钟前
[2026-02-12 13:24:01] ✅ 系统正常
[2026-02-12 13:27:01] ✅ 进程存活 (PID: 43948)
[2026-02-12 13:27:01] 最后心跳: 4.6 分钟前
[2026-02-12 13:27:01] 最后 Session 更新: 0.1 分钟前
[2026-02-12 13:27:01] 最后日志: 0.1 分钟前
[2026-02-12 13:27:01] ✅ 系统正常
[2026-02-12 13:30:02] ✅ 进程存活 (PID: 43948)
[2026-02-12 13:30:02] 最后心跳: 7.6 分钟前
[2026-02-12 13:30:02] 最后 Session 更新: 0.1 分钟前
[2026-02-12 13:30:02] 最后日志: -0.0 分钟前
[2026-02-12 13:30:02] ✅ 系统正常
[2026-02-12 13:33:01] ✅ 进程存活 (PID: 43948)
[2026-02-12 13:33:01] 最后心跳: 1.7 分钟前
[2026-02-12 13:33:01] 最后 Session 更新: 0.0 分钟前
[2026-02-12 13:33:01] 最后日志: 0.0 分钟前
[2026-02-12 13:33:01] ✅ 系统正常
[2026-02-12 13:36:01] ✅ 进程存活 (PID: 47476)
[2026-02-12 13:36:01] 最后心跳: 4.7 分钟前
[2026-02-12 13:36:01] 最后 Session 更新: 0.4 分钟前
[2026-02-12 13:36:01] 最后日志: 0.3 分钟前
[2026-02-12 13:36:01] ✅ 系统正常
[2026-02-12 13:39:01] ✅ 进程存活 (PID: 47476)
[2026-02-12 13:39:01] 最后心跳: 0.0 分钟前
[2026-02-12 13:39:01] 最后 Session 更新: 0.0 分钟前
[2026-02-12 13:39:01] 最后日志: 0.0 分钟前
[2026-02-12 13:39:01] ✅ 系统正常
[2026-02-12 13:42:02] ✅ 进程存活 (PID: 47476)
[2026-02-12 13:42:02] 最后心跳: 3.0 分钟前
[2026-02-12 13:42:02] 最后 Session 更新: 0.0 分钟前
[2026-02-12 13:42:02] 最后日志: 0.0 分钟前
[2026-02-12 13:42:02] ✅ 系统正常
[2026-02-12 13:45:01] ✅ 进程存活 (PID: 47476)
[2026-02-12 13:45:01] 最后心跳: 6.0 分钟前
[2026-02-12 13:45:01] 最后 Session 更新: 0.4 分钟前
[2026-02-12 13:45:01] 最后日志: 0.1 分钟前
[2026-02-12 13:45:01] ✅ 系统正常
[2026-02-12 13:48:01] ✅ 进程存活 (PID: 47476)
[2026-02-12 13:48:01] 最后心跳: 9.0 分钟前
[2026-02-12 13:48:01] 最后 Session 更新: 0.0 分钟前
[2026-02-12 13:48:01] 最后日志: 0.0 分钟前
[2026-02-12 13:48:01] ✅ 系统正常
[2026-02-12 13:51:01] ✅ 进程存活 (PID: 50432)
[2026-02-12 13:51:01] 最后心跳: 12.0 分钟前
[2026-02-12 13:51:01] 最后 Session 更新: 0.1 分钟前
[2026-02-12 13:51:01] 最后日志: 0.1 分钟前
[2026-02-12 13:51:01] ⚠️ 心跳停止 12分钟，但系统仍活跃（Session 0.1分钟前更新, 日志 0.1分钟前更新）
[2026-02-12 13:51:01] ⚠️ 发送告警（不重启）: 心跳停止 12分钟，但系统仍活跃（Session 0.1分钟前更新, 日志 0.1分钟前更新）
[2026-02-12 13:51:02] Lark 通知已发送
[2026-02-12 13:54:01] ✅ 进程存活 (PID: 50432)
[2026-02-12 13:54:01] 最后心跳: 15.0 分钟前
[2026-02-12 13:54:01] 最后 Session 更新: 0.1 分钟前
[2026-02-12 13:54:01] 最后日志: 0.1 分钟前
[2026-02-12 13:54:01] ⚠️ 心跳停止 15分钟，但系统仍活跃（Session 0.1分钟前更新, 日志 0.1分钟前更新）
[2026-02-12 13:54:01] 告警限频中，跳过: 心跳停止 15分钟，但系统仍活跃（Session 0.1分钟前更新, 日志 0.1分钟前更新）
[2026-02-12 13:57:01] ✅ 进程存活 (PID: 50432)
[2026-02-12 13:57:01] 最后心跳: 2.0 分钟前
[2026-02-12 13:57:01] 最后 Session 更新: 0.0 分钟前
[2026-02-12 13:57:01] 最后日志: 0.0 分钟前
[2026-02-12 13:57:01] ✅ 系统正常
[2026-02-12 14:00:02] ✅ 进程存活 (PID: 50432)
[2026-02-12 14:00:02] 最后心跳: 5.0 分钟前
[2026-02-12 14:00:02] 最后 Session 更新: 0.0 分钟前
[2026-02-12 14:00:02] 最后日志: 0.0 分钟前
[2026-02-12 14:00:02] ✅ 系统正常
[2026-02-12 14:03:01] ✅ 进程存活 (PID: 50432)
[2026-02-12 14:03:01] 最后心跳: 2.7 分钟前
[2026-02-12 14:03:01] 最后 Session 更新: 0.1 分钟前
[2026-02-12 14:03:01] 最后日志: 0.1 分钟前
[2026-02-12 14:03:01] ✅ 系统正常
[2026-02-12 14:06:01] ✅ 进程存活 (PID: 53929)
[2026-02-12 14:06:01] 最后心跳: 5.7 分钟前
[2026-02-12 14:06:01] 最后 Session 更新: 2.0 分钟前
[2026-02-12 14:06:01] 最后日志: 0.0 分钟前
[2026-02-12 14:06:01] ✅ 系统正常
[2026-02-12 14:09:01] ✅ 进程存活 (PID: 53929)
[2026-02-12 14:09:01] 最后心跳: 8.7 分钟前
[2026-02-12 14:09:01] 最后 Session 更新: 5.0 分钟前
[2026-02-12 14:09:01] 最后日志: 0.9 分钟前
[2026-02-12 14:09:01] ✅ 系统正常
[2026-02-12 14:12:01] ✅ 进程存活 (PID: 53929)
[2026-02-12 14:12:01] 最后心跳: 0.7 分钟前
[2026-02-12 14:12:01] 最后 Session 更新: 0.0 分钟前
[2026-02-12 14:12:01] 最后日志: 0.0 分钟前
[2026-02-12 14:12:01] ✅ 系统正常
[2026-02-12 14:15:01] ✅ 进程存活 (PID: 53929)
[2026-02-12 14:15:01] 最后心跳: 3.7 分钟前
[2026-02-12 14:15:01] 最后 Session 更新: 1.4 分钟前
[2026-02-12 14:15:01] 最后日志: 1.0 分钟前
[2026-02-12 14:15:01] ✅ 系统正常
[2026-02-12 14:18:01] ✅ 进程存活 (PID: 53929)
[2026-02-12 14:18:01] 最后心跳: 6.7 分钟前
[2026-02-12 14:18:01] 最后 Session 更新: 4.4 分钟前
[2026-02-12 14:18:01] 最后日志: 0.5 分钟前
[2026-02-12 14:18:01] ✅ 系统正常
[2026-02-12 14:21:01] ✅ 进程存活 (PID: 53929)
[2026-02-12 14:21:01] 最后心跳: 9.7 分钟前
[2026-02-12 14:21:01] 最后 Session 更新: 7.3 分钟前
[2026-02-12 14:21:01] 最后日志: 0.4 分钟前
[2026-02-12 14:21:01] ✅ 系统正常
[2026-02-12 14:24:01] ✅ 进程存活 (PID: 53929)
[2026-02-12 14:24:01] 最后心跳: 12.7 分钟前
[2026-02-12 14:24:01] 最后 Session 更新: 10.3 分钟前
[2026-02-12 14:24:01] 最后日志: 0.4 分钟前
[2026-02-12 14:24:01] ⚠️ 心跳停止 12分钟，但系统仍活跃（Session 10.3分钟前更新, 日志 0.4分钟前更新）
[2026-02-12 14:24:01] ⚠️ 发送告警（不重启）: 心跳停止 12分钟，但系统仍活跃（Session 10.3分钟前更新, 日志 0.4分钟前更新）
[2026-02-12 14:24:02] Lark 通知已发送
[2026-02-12 14:27:01] ✅ 进程存活 (PID: 53929)
[2026-02-12 14:27:01] 最后心跳: 15.7 分钟前
[2026-02-12 14:27:01] 最后 Session 更新: 13.4 分钟前
[2026-02-12 14:27:01] 最后日志: 0.4 分钟前
[2026-02-12 14:27:01] ⚠️ 心跳停止 15分钟，但系统仍活跃（Session 13.4分钟前更新, 日志 0.4分钟前更新）
[2026-02-12 14:27:01] 告警限频中，跳过: 心跳停止 15分钟，但系统仍活跃（Session 13.4分钟前更新, 日志 0.4分钟前更新）
[2026-02-12 14:30:02] ✅ 进程存活 (PID: 53929)
[2026-02-12 14:30:02] 最后心跳: 18.7 分钟前
[2026-02-12 14:30:02] 最后 Session 更新: 16.4 分钟前
[2026-02-12 14:30:02] 最后日志: 0.5 分钟前
[2026-02-12 14:30:02] ⚠️ 心跳停止 18分钟，但系统仍活跃（日志 0.5分钟前更新）
[2026-02-12 14:30:02] 告警限频中，跳过: 心跳停止 18分钟，但系统仍活跃（日志 0.5分钟前更新）
[2026-02-12 14:33:01] ✅ 进程存活 (PID: 53929)
[2026-02-12 14:33:01] 最后心跳: 21.7 分钟前
[2026-02-12 14:33:01] 最后 Session 更新: 19.3 分钟前
[2026-02-12 14:33:01] 最后日志: 0.4 分钟前
[2026-02-12 14:33:01] ⚠️ 心跳停止 21分钟，但系统仍活跃（日志 0.4分钟前更新）
[2026-02-12 14:33:01] 告警限频中，跳过: 心跳停止 21分钟，但系统仍活跃（日志 0.4分钟前更新）
[2026-02-12 14:36:01] ✅ 进程存活 (PID: 53929)
[2026-02-12 14:36:01] 最后心跳: 24.7 分钟前
[2026-02-12 14:36:01] 最后 Session 更新: 22.3 分钟前
[2026-02-12 14:36:01] 最后日志: 0.4 分钟前
[2026-02-12 14:36:01] ⚠️ 心跳停止 24分钟，但系统仍活跃（日志 0.4分钟前更新）
[2026-02-12 14:36:01] 告警限频中，跳过: 心跳停止 24分钟，但系统仍活跃（日志 0.4分钟前更新）
[2026-02-12 14:39:01] ✅ 进程存活 (PID: 53929)
[2026-02-12 14:39:01] 最后心跳: 27.7 分钟前
[2026-02-12 14:39:01] 最后 Session 更新: 25.4 分钟前
[2026-02-12 14:39:01] 最后日志: 0.4 分钟前
[2026-02-12 14:39:01] ⚠️ 心跳停止 27分钟，但系统仍活跃（日志 0.4分钟前更新）
[2026-02-12 14:39:01] 告警限频中，跳过: 心跳停止 27分钟，但系统仍活跃（日志 0.4分钟前更新）
[2026-02-12 14:42:01] ✅ 进程存活 (PID: 53929)
[2026-02-12 14:42:02] 最后心跳: 30.7 分钟前
[2026-02-12 14:42:02] 最后 Session 更新: 28.4 分钟前
[2026-02-12 14:42:02] 最后日志: 0.4 分钟前
[2026-02-12 14:42:02] ⚠️ 心跳停止 30分钟，但系统仍活跃（日志 0.4分钟前更新）
[2026-02-12 14:42:02] 告警限频中，跳过: 心跳停止 30分钟，但系统仍活跃（日志 0.4分钟前更新）
[2026-02-12 14:45:01] ✅ 进程存活 (PID: 53929)
[2026-02-12 14:45:01] 最后心跳: 33.7 分钟前
[2026-02-12 14:45:01] 最后 Session 更新: 31.3 分钟前
[2026-02-12 14:45:01] 最后日志: 0.4 分钟前
[2026-02-12 14:45:01] ⚠️ 心跳停止 33分钟，但系统仍活跃（日志 0.4分钟前更新）
[2026-02-12 14:45:01] 告警限频中，跳过: 心跳停止 33分钟，但系统仍活跃（日志 0.4分钟前更新）
[2026-02-12 14:48:01] ✅ 进程存活 (PID: 53929)
[2026-02-12 14:48:01] 最后心跳: 36.7 分钟前
[2026-02-12 14:48:01] 最后 Session 更新: 34.3 分钟前
[2026-02-12 14:48:01] 最后日志: 0.4 分钟前
[2026-02-12 14:48:01] ⚠️ 心跳停止 36分钟，但系统仍活跃（日志 0.4分钟前更新）
[2026-02-12 14:48:01] 告警限频中，跳过: 心跳停止 36分钟，但系统仍活跃（日志 0.4分钟前更新）
[2026-02-12 14:51:01] ✅ 进程存活 (PID: 53929)
[2026-02-12 14:51:01] 最后心跳: 39.7 分钟前
[2026-02-12 14:51:01] 最后 Session 更新: 37.4 分钟前
[2026-02-12 14:51:01] 最后日志: 0.4 分钟前
[2026-02-12 14:51:01] ⚠️ 心跳停止 39分钟，但系统仍活跃（日志 0.4分钟前更新）
[2026-02-12 14:51:01] 告警限频中，跳过: 心跳停止 39分钟，但系统仍活跃（日志 0.4分钟前更新）
[2026-02-12 14:54:01] ✅ 进程存活 (PID: 53929)
[2026-02-12 14:54:01] 最后心跳: 42.7 分钟前
[2026-02-12 14:54:01] 最后 Session 更新: 40.4 分钟前
[2026-02-12 14:54:01] 最后日志: 0.4 分钟前
[2026-02-12 14:54:01] ⚠️ 心跳停止 42分钟，但系统仍活跃（日志 0.4分钟前更新）
[2026-02-12 14:54:01] 告警限频中，跳过: 心跳停止 42分钟，但系统仍活跃（日志 0.4分钟前更新）
[2026-02-12 14:57:01] ✅ 进程存活 (PID: 53929)
[2026-02-12 14:57:01] 最后心跳: 45.7 分钟前
[2026-02-12 14:57:01] 最后 Session 更新: 43.3 分钟前
[2026-02-12 14:57:01] 最后日志: 0.4 分钟前
[2026-02-12 14:57:01] ⚠️ 心跳停止 45分钟，但系统仍活跃（日志 0.4分钟前更新）
[2026-02-12 14:57:01] ⚠️ 发送告警（不重启）: 心跳停止 45分钟，但系统仍活跃（日志 0.4分钟前更新）
[2026-02-12 14:57:01] Lark 通知已发送
[2026-02-12 15:00:02] ✅ 进程存活 (PID: 53929)
[2026-02-12 15:00:02] 最后心跳: 48.7 分钟前
[2026-02-12 15:00:02] 最后 Session 更新: 46.4 分钟前
[2026-02-12 15:00:02] 最后日志: 0.0 分钟前
[2026-02-12 15:00:02] ⚠️ 心跳停止 48分钟，但系统仍活跃（日志 0.0分钟前更新）
[2026-02-12 15:00:02] 告警限频中，跳过: 心跳停止 48分钟，但系统仍活跃（日志 0.0分钟前更新）
[2026-02-12 15:03:01] ✅ 进程存活 (PID: 53929)
[2026-02-12 15:03:01] 最后心跳: 51.7 分钟前
[2026-02-12 15:03:01] 最后 Session 更新: 49.4 分钟前
[2026-02-12 15:03:01] 最后日志: 0.4 分钟前
[2026-02-12 15:03:01] ⚠️ 心跳停止 51分钟，但系统仍活跃（日志 0.4分钟前更新）
[2026-02-12 15:03:01] 告警限频中，跳过: 心跳停止 51分钟，但系统仍活跃（日志 0.4分钟前更新）
[2026-02-12 15:06:01] ✅ 进程存活 (PID: 58796)
[2026-02-12 15:06:01] 最后心跳: 54.7 分钟前
[2026-02-12 15:06:01] 最后 Session 更新: 0.2 分钟前
[2026-02-12 15:06:01] 最后日志: 0.2 分钟前
[2026-02-12 15:06:01] ⚠️ 心跳停止 54分钟，但系统仍活跃（Session 0.2分钟前更新, 日志 0.2分钟前更新）
[2026-02-12 15:06:01] 告警限频中，跳过: 心跳停止 54分钟，但系统仍活跃（Session 0.2分钟前更新, 日志 0.2分钟前更新）
[2026-02-12 15:09:01] ✅ 进程存活 (PID: 59210)
[2026-02-12 15:09:01] 最后心跳: 57.7 分钟前
[2026-02-12 15:09:01] 最后 Session 更新: 0.7 分钟前
[2026-02-12 15:09:01] 最后日志: 0.3 分钟前
[2026-02-12 15:09:01] ⚠️ 心跳停止 57分钟，但系统仍活跃（Session 0.7分钟前更新, 日志 0.3分钟前更新）
[2026-02-12 15:09:01] 告警限频中，跳过: 心跳停止 57分钟，但系统仍活跃（Session 0.7分钟前更新, 日志 0.3分钟前更新）
[2026-02-12 15:12:01] ✅ 进程存活 (PID: 59564)
[2026-02-12 15:12:01] 最后心跳: 60.7 分钟前
[2026-02-12 15:12:01] 最后 Session 更新: 0.2 分钟前
[2026-02-12 15:12:01] 最后日志: 0.2 分钟前
[2026-02-12 15:12:01] ⚠️ 心跳停止 60分钟，但系统仍活跃（Session 0.2分钟前更新, 日志 0.2分钟前更新）
[2026-02-12 15:12:01] 告警限频中，跳过: 心跳停止 60分钟，但系统仍活跃（Session 0.2分钟前更新, 日志 0.2分钟前更新）
[2026-02-12 15:15:01] ✅ 进程存活 (PID: 59904)
[2026-02-12 15:15:01] 最后心跳: 63.7 分钟前
[2026-02-12 15:15:01] 最后 Session 更新: 2.8 分钟前
[2026-02-12 15:15:01] 最后日志: 0.0 分钟前
[2026-02-12 15:15:01] ⚠️ 心跳停止 63分钟，但系统仍活跃（Session 2.8分钟前更新, 日志 0.0分钟前更新）
[2026-02-12 15:15:01] 告警限频中，跳过: 心跳停止 63分钟，但系统仍活跃（Session 2.8分钟前更新, 日志 0.0分钟前更新）
[2026-02-12 15:18:01] ✅ 进程存活 (PID: 59904)
[2026-02-12 15:18:01] 最后心跳: 66.7 分钟前
[2026-02-12 15:18:01] 最后 Session 更新: 0.4 分钟前
[2026-02-12 15:18:01] 最后日志: 0.4 分钟前
[2026-02-12 15:18:01] ⚠️ 心跳停止 66分钟，但系统仍活跃（Session 0.4分钟前更新, 日志 0.4分钟前更新）
[2026-02-12 15:18:01] 告警限频中，跳过: 心跳停止 66分钟，但系统仍活跃（Session 0.4分钟前更新, 日志 0.4分钟前更新）
[2026-02-12 15:21:01] ✅ 进程存活 (PID: 59904)
[2026-02-12 15:21:01] 最后心跳: 69.7 分钟前
[2026-02-12 15:21:01] 最后 Session 更新: 0.1 分钟前
[2026-02-12 15:21:01] 最后日志: 0.1 分钟前
[2026-02-12 15:21:01] ⚠️ 心跳停止 69分钟，但系统仍活跃（Session 0.1分钟前更新, 日志 0.1分钟前更新）
[2026-02-12 15:21:01] 告警限频中，跳过: 心跳停止 69分钟，但系统仍活跃（Session 0.1分钟前更新, 日志 0.1分钟前更新）
[2026-02-12 15:24:01] ✅ 进程存活 (PID: 59904)
[2026-02-12 15:24:01] 最后心跳: 1.8 分钟前
[2026-02-12 15:24:01] 最后 Session 更新: 0.2 分钟前
[2026-02-12 15:24:01] 最后日志: 0.2 分钟前
[2026-02-12 15:24:01] ✅ 系统正常
[2026-02-12 15:27:01] ✅ 进程存活 (PID: 59904)
[2026-02-12 15:27:01] 最后心跳: 4.8 分钟前
[2026-02-12 15:27:01] 最后 Session 更新: 0.5 分钟前
[2026-02-12 15:27:01] 最后日志: -0.0 分钟前
[2026-02-12 15:27:01] ✅ 系统正常
[2026-02-12 15:30:01] ✅ 进程存活 (PID: 61481)
[2026-02-12 15:30:01] 最后心跳: 7.7 分钟前
[2026-02-12 15:30:01] 最后 Session 更新: 0.2 分钟前
[2026-02-12 15:30:01] 最后日志: 0.2 分钟前
[2026-02-12 15:30:01] ✅ 系统正常
[2026-02-12 15:33:01] ✅ 进程存活 (PID: 61481)
[2026-02-12 15:33:01] 最后心跳: 10.7 分钟前
[2026-02-12 15:33:01] 最后 Session 更新: 0.1 分钟前
[2026-02-12 15:33:01] 最后日志: 0.0 分钟前
[2026-02-12 15:33:01] ⚠️ 心跳停止 10分钟，但系统仍活跃（Session 0.1分钟前更新, 日志 0.0分钟前更新）
[2026-02-12 15:33:01] ⚠️ 发送告警（不重启）: 心跳停止 10分钟，但系统仍活跃（Session 0.1分钟前更新, 日志 0.0分钟前更新）
[2026-02-12 15:33:02] Lark 通知已发送
[2026-02-12 15:36:01] ✅ 进程存活 (PID: 61481)
[2026-02-12 15:36:01] 最后心跳: 13.7 分钟前
[2026-02-12 15:36:01] 最后 Session 更新: 0.0 分钟前
[2026-02-12 15:36:01] 最后日志: 0.0 分钟前
[2026-02-12 15:36:01] ⚠️ 心跳停止 13分钟，但系统仍活跃（Session 0.0分钟前更新, 日志 0.0分钟前更新）
[2026-02-12 15:36:01] 告警限频中，跳过: 心跳停止 13分钟，但系统仍活跃（Session 0.0分钟前更新, 日志 0.0分钟前更新）
[2026-02-12 15:39:01] ✅ 进程存活 (PID: 61481)
[2026-02-12 15:39:01] 最后心跳: 16.8 分钟前
[2026-02-12 15:39:01] 最后 Session 更新: 0.8 分钟前
[2026-02-12 15:39:01] 最后日志: 0.7 分钟前
[2026-02-12 15:39:01] ⚠️ 心跳停止 16分钟，但系统仍活跃（Session 0.8分钟前更新, 日志 0.7分钟前更新）
[2026-02-12 15:39:01] 告警限频中，跳过: 心跳停止 16分钟，但系统仍活跃（Session 0.8分钟前更新, 日志 0.7分钟前更新）
[2026-02-12 15:42:01] ✅ 进程存活 (PID: 61481)
[2026-02-12 15:42:01] 最后心跳: 19.7 分钟前
[2026-02-12 15:42:01] 最后 Session 更新: 0.2 分钟前
[2026-02-12 15:42:01] 最后日志: 0.2 分钟前
[2026-02-12 15:42:01] ⚠️ 心跳停止 19分钟，但系统仍活跃（Session 0.2分钟前更新, 日志 0.2分钟前更新）
[2026-02-12 15:42:01] 告警限频中，跳过: 心跳停止 19分钟，但系统仍活跃（Session 0.2分钟前更新, 日志 0.2分钟前更新）
[2026-02-12 15:45:02] ✅ 进程存活 (PID: 61481)
[2026-02-12 15:45:02] 最后心跳: 1.3 分钟前
[2026-02-12 15:45:02] 最后 Session 更新: 0.0 分钟前
[2026-02-12 15:45:02] 最后日志: 0.0 分钟前
[2026-02-12 15:45:02] ✅ 系统正常
[2026-02-12 15:48:01] ✅ 进程存活 (PID: 61481)
[2026-02-12 15:48:01] 最后心跳: 4.3 分钟前
[2026-02-12 15:48:01] 最后 Session 更新: 0.1 分钟前
[2026-02-12 15:48:01] 最后日志: 0.1 分钟前
[2026-02-12 15:48:01] ✅ 系统正常
[2026-02-12 15:51:01] ✅ 进程存活 (PID: 61481)
[2026-02-12 15:51:01] 最后心跳: 1.9 分钟前
[2026-02-12 15:51:01] 最后 Session 更新: 0.0 分钟前
[2026-02-12 15:51:01] 最后日志: 0.0 分钟前
[2026-02-12 15:51:01] ✅ 系统正常
[2026-02-12 15:54:01] ✅ 进程存活 (PID: 65376)
[2026-02-12 15:54:01] 最后心跳: 4.9 分钟前
[2026-02-12 15:54:01] 最后 Session 更新: 0.1 分钟前
[2026-02-12 15:54:01] 最后日志: 0.1 分钟前
[2026-02-12 15:54:01] ✅ 系统正常
[2026-02-12 15:57:01] ✅ 进程存活 (PID: 65376)
[2026-02-12 15:57:01] 最后心跳: 7.9 分钟前
[2026-02-12 15:57:01] 最后 Session 更新: 0.1 分钟前
[2026-02-12 15:57:01] 最后日志: 0.0 分钟前
[2026-02-12 15:57:01] ✅ 系统正常
[2026-02-12 16:00:01] ✅ 进程存活 (PID: 65376)
[2026-02-12 16:00:01] 最后心跳: 10.9 分钟前
[2026-02-12 16:00:01] 最后 Session 更新: 0.0 分钟前
[2026-02-12 16:00:01] 最后日志: 0.0 分钟前
[2026-02-12 16:00:01] ⚠️ 心跳停止 10分钟，但系统仍活跃（Session 0.0分钟前更新, 日志 0.0分钟前更新）
[2026-02-12 16:00:01] 告警限频中，跳过: 心跳停止 10分钟，但系统仍活跃（Session 0.0分钟前更新, 日志 0.0分钟前更新）
[2026-02-12 16:03:01] ✅ 进程存活 (PID: 65376)
[2026-02-12 16:03:01] 最后心跳: 2.6 分钟前
[2026-02-12 16:03:01] 最后 Session 更新: 2.2 分钟前
[2026-02-12 16:03:01] 最后日志: 0.6 分钟前
[2026-02-12 16:03:01] ✅ 系统正常
[2026-02-12 16:06:01] ✅ 进程存活 (PID: 65376)
[2026-02-12 16:06:01] 最后心跳: 5.6 分钟前
[2026-02-12 16:06:01] 最后 Session 更新: 0.5 分钟前
[2026-02-12 16:06:01] 最后日志: 0.2 分钟前
[2026-02-12 16:06:01] ✅ 系统正常
[2026-02-12 16:09:01] ✅ 进程存活 (PID: 65376)
[2026-02-12 16:09:01] 最后心跳: 8.6 分钟前
[2026-02-12 16:09:01] 最后 Session 更新: 0.7 分钟前
[2026-02-12 16:09:01] 最后日志: 0.3 分钟前
[2026-02-12 16:09:01] ✅ 系统正常
[2026-02-12 16:12:01] ✅ 进程存活 (PID: 65376)
[2026-02-12 16:12:01] 最后心跳: 11.6 分钟前
[2026-02-12 16:12:01] 最后 Session 更新: 0.5 分钟前
[2026-02-12 16:12:01] 最后日志: 0.3 分钟前
[2026-02-12 16:12:01] ⚠️ 心跳停止 11分钟，但系统仍活跃（Session 0.5分钟前更新, 日志 0.3分钟前更新）
[2026-02-12 16:12:01] ⚠️ 发送告警（不重启）: 心跳停止 11分钟，但系统仍活跃（Session 0.5分钟前更新, 日志 0.3分钟前更新）
[2026-02-12 16:12:01] Lark 通知已发送
[2026-02-12 16:15:02] ✅ 进程存活 (PID: 65376)
[2026-02-12 16:15:02] 最后心跳: 14.6 分钟前
[2026-02-12 16:15:02] 最后 Session 更新: 1.9 分钟前
[2026-02-12 16:15:02] 最后日志: 0.3 分钟前
[2026-02-12 16:15:02] ⚠️ 心跳停止 14分钟，但系统仍活跃（Session 1.9分钟前更新, 日志 0.3分钟前更新）
[2026-02-12 16:15:02] 告警限频中，跳过: 心跳停止 14分钟，但系统仍活跃（Session 1.9分钟前更新, 日志 0.3分钟前更新）
[2026-02-12 16:18:01] ✅ 进程存活 (PID: 65376)
[2026-02-12 16:18:01] 最后心跳: 17.6 分钟前
[2026-02-12 16:18:01] 最后 Session 更新: 4.9 分钟前
[2026-02-12 16:18:01] 最后日志: 0.2 分钟前
[2026-02-12 16:18:01] ⚠️ 心跳停止 17分钟，但系统仍活跃（Session 4.9分钟前更新, 日志 0.2分钟前更新）
[2026-02-12 16:18:01] 告警限频中，跳过: 心跳停止 17分钟，但系统仍活跃（Session 4.9分钟前更新, 日志 0.2分钟前更新）
[2026-02-12 16:21:01] ✅ 进程存活 (PID: 65376)
[2026-02-12 16:21:01] 最后心跳: 20.6 分钟前
[2026-02-12 16:21:01] 最后 Session 更新: 7.9 分钟前
[2026-02-12 16:21:01] 最后日志: 0.3 分钟前
[2026-02-12 16:21:01] ⚠️ 心跳停止 20分钟，但系统仍活跃（Session 7.9分钟前更新, 日志 0.3分钟前更新）
[2026-02-12 16:21:01] 告警限频中，跳过: 心跳停止 20分钟，但系统仍活跃（Session 7.9分钟前更新, 日志 0.3分钟前更新）
[2026-02-12 16:24:01] ✅ 进程存活 (PID: 65376)
[2026-02-12 16:24:01] 最后心跳: 23.6 分钟前
[2026-02-12 16:24:01] 最后 Session 更新: 10.9 分钟前
[2026-02-12 16:24:01] 最后日志: 0.3 分钟前
[2026-02-12 16:24:01] ⚠️ 心跳停止 23分钟，但系统仍活跃（Session 10.9分钟前更新, 日志 0.3分钟前更新）
[2026-02-12 16:24:01] 告警限频中，跳过: 心跳停止 23分钟，但系统仍活跃（Session 10.9分钟前更新, 日志 0.3分钟前更新）
[2026-02-12 16:27:01] ✅ 进程存活 (PID: 65376)
[2026-02-12 16:27:01] 最后心跳: 26.6 分钟前
[2026-02-12 16:27:01] 最后 Session 更新: 2.4 分钟前
[2026-02-12 16:27:01] 最后日志: 0.3 分钟前
[2026-02-12 16:27:01] ⚠️ 心跳停止 26分钟，但系统仍活跃（Session 2.4分钟前更新, 日志 0.3分钟前更新）
[2026-02-12 16:27:01] 告警限频中，跳过: 心跳停止 26分钟，但系统仍活跃（Session 2.4分钟前更新, 日志 0.3分钟前更新）
[2026-02-12 16:30:01] ✅ 进程存活 (PID: 65376)
[2026-02-12 16:30:01] 最后心跳: 29.6 分钟前
[2026-02-12 16:30:01] 最后 Session 更新: 0.0 分钟前
[2026-02-12 16:30:01] 最后日志: 0.0 分钟前
[2026-02-12 16:30:01] ⚠️ 心跳停止 29分钟，但系统仍活跃（Session 0.0分钟前更新, 日志 0.0分钟前更新）
[2026-02-12 16:30:01] 告警限频中，跳过: 心跳停止 29分钟，但系统仍活跃（Session 0.0分钟前更新, 日志 0.0分钟前更新）
[2026-02-12 16:33:01] ✅ 进程存活 (PID: 65376)
[2026-02-12 16:33:01] 最后心跳: 32.6 分钟前
[2026-02-12 16:33:01] 最后 Session 更新: 0.1 分钟前
[2026-02-12 16:33:01] 最后日志: 0.1 分钟前
[2026-02-12 16:33:01] ⚠️ 心跳停止 32分钟，但系统仍活跃（Session 0.1分钟前更新, 日志 0.1分钟前更新）
[2026-02-12 16:33:01] 告警限频中，跳过: 心跳停止 32分钟，但系统仍活跃（Session 0.1分钟前更新, 日志 0.1分钟前更新）
[2026-02-12 16:36:01] ✅ 进程存活 (PID: 65376)
[2026-02-12 16:36:01] 最后心跳: 1.0 分钟前
[2026-02-12 16:36:01] 最后 Session 更新: 0.1 分钟前
[2026-02-12 16:36:01] 最后日志: 0.1 分钟前
[2026-02-12 16:36:01] ✅ 系统正常
[2026-02-12 16:39:01] ✅ 进程存活 (PID: 65376)
[2026-02-12 16:39:01] 最后心跳: 4.0 分钟前
[2026-02-12 16:39:01] 最后 Session 更新: 0.1 分钟前
[2026-02-12 16:39:01] 最后日志: 0.1 分钟前
[2026-02-12 16:39:01] ✅ 系统正常
[2026-02-12 16:42:01] ✅ 进程存活 (PID: 65376)
[2026-02-12 16:42:01] 最后心跳: 7.0 分钟前
[2026-02-12 16:42:01] 最后 Session 更新: 0.4 分钟前
[2026-02-12 16:42:01] 最后日志: 0.3 分钟前
[2026-02-12 16:42:01] ✅ 系统正常
[2026-02-12 16:45:01] ✅ 进程存活 (PID: 65376)
[2026-02-12 16:45:01] 最后心跳: 10.0 分钟前
[2026-02-12 16:45:01] 最后 Session 更新: 0.0 分钟前
[2026-02-12 16:45:01] 最后日志: 0.0 分钟前
[2026-02-12 16:45:01] ✅ 系统正常
[2026-02-12 16:48:01] ✅ 进程存活 (PID: 65376)
[2026-02-12 16:48:01] 最后心跳: 0.1 分钟前
[2026-02-12 16:48:01] 最后 Session 更新: 0.0 分钟前
[2026-02-12 16:48:01] 最后日志: 0.0 分钟前
[2026-02-12 16:48:01] ✅ 系统正常
[2026-02-12 16:51:01] ✅ 进程存活 (PID: 65376)
[2026-02-12 16:51:01] 最后心跳: 3.1 分钟前
[2026-02-12 16:51:01] 最后 Session 更新: 0.0 分钟前
[2026-02-12 16:51:01] 最后日志: 0.0 分钟前
[2026-02-12 16:51:01] ✅ 系统正常
[2026-02-12 16:54:01] ✅ 进程存活 (PID: 65376)
[2026-02-12 16:54:01] 最后心跳: 6.1 分钟前
[2026-02-12 16:54:01] 最后 Session 更新: 0.0 分钟前
[2026-02-12 16:54:01] 最后日志: 0.0 分钟前
[2026-02-12 16:54:01] ✅ 系统正常
[2026-02-12 16:57:01] ✅ 进程存活 (PID: 65376)
[2026-02-12 16:57:01] 最后心跳: 9.1 分钟前
[2026-02-12 16:57:01] 最后 Session 更新: 0.2 分钟前
[2026-02-12 16:57:01] 最后日志: 0.2 分钟前
[2026-02-12 16:57:01] ✅ 系统正常
[2026-02-12 17:00:01] ✅ 进程存活 (PID: 65376)
[2026-02-12 17:00:01] 最后心跳: 12.1 分钟前
[2026-02-12 17:00:01] 最后 Session 更新: 0.0 分钟前
[2026-02-12 17:00:01] 最后日志: 0.0 分钟前
[2026-02-12 17:00:01] ⚠️ 心跳停止 12分钟，但系统仍活跃（Session 0.0分钟前更新, 日志 0.0分钟前更新）
[2026-02-12 17:00:01] ⚠️ 发送告警（不重启）: 心跳停止 12分钟，但系统仍活跃（Session 0.0分钟前更新, 日志 0.0分钟前更新）
[2026-02-12 17:00:02] Lark 通知已发送
[2026-02-12 17:03:01] ✅ 进程存活 (PID: 65376)
[2026-02-12 17:03:01] 最后心跳: 15.1 分钟前
[2026-02-12 17:03:01] 最后 Session 更新: 0.1 分钟前
[2026-02-12 17:03:01] 最后日志: 0.1 分钟前
[2026-02-12 17:03:01] ⚠️ 心跳停止 15分钟，但系统仍活跃（Session 0.1分钟前更新, 日志 0.1分钟前更新）
[2026-02-12 17:03:01] 告警限频中，跳过: 心跳停止 15分钟，但系统仍活跃（Session 0.1分钟前更新, 日志 0.1分钟前更新）
[2026-02-12 17:06:01] ✅ 进程存活 (PID: 71126)
[2026-02-12 17:06:01] 最后心跳: 0.9 分钟前
[2026-02-12 17:06:01] 最后 Session 更新: 0.3 分钟前
[2026-02-12 17:06:01] 最后日志: 0.2 分钟前
[2026-02-12 17:06:01] ✅ 系统正常
[2026-02-12 17:09:01] ✅ 进程存活 (PID: 71126)
[2026-02-12 17:09:01] 最后心跳: 3.9 分钟前
[2026-02-12 17:09:01] 最后 Session 更新: 0.2 分钟前
[2026-02-12 17:09:01] 最后日志: 0.2 分钟前
[2026-02-12 17:09:01] ✅ 系统正常
[2026-02-12 17:12:01] ✅ 进程存活 (PID: 71126)
[2026-02-12 17:12:01] 最后心跳: 6.9 分钟前
[2026-02-12 17:12:01] 最后 Session 更新: 0.5 分钟前
[2026-02-12 17:12:01] 最后日志: 0.2 分钟前
[2026-02-12 17:12:01] ✅ 系统正常
[2026-02-12 17:15:02] ✅ 进程存活 (PID: 71126)
[2026-02-12 17:15:02] 最后心跳: 9.9 分钟前
[2026-02-12 17:15:02] 最后 Session 更新: 1.3 分钟前
[2026-02-12 17:15:02] 最后日志: 0.2 分钟前
[2026-02-12 17:15:02] ✅ 系统正常
[2026-02-12 17:18:01] ✅ 进程存活 (PID: 71126)
[2026-02-12 17:18:01] 最后心跳: 12.9 分钟前
[2026-02-12 17:18:01] 最后 Session 更新: 4.3 分钟前
[2026-02-12 17:18:01] 最后日志: 0.2 分钟前
[2026-02-12 17:18:01] ⚠️ 心跳停止 12分钟，但系统仍活跃（Session 4.3分钟前更新, 日志 0.2分钟前更新）
[2026-02-12 17:18:01] 告警限频中，跳过: 心跳停止 12分钟，但系统仍活跃（Session 4.3分钟前更新, 日志 0.2分钟前更新）
[2026-02-12 17:21:01] ✅ 进程存活 (PID: 71126)
[2026-02-12 17:21:01] 最后心跳: 15.9 分钟前
[2026-02-12 17:21:01] 最后 Session 更新: 7.3 分钟前
[2026-02-12 17:21:01] 最后日志: 0.2 分钟前
[2026-02-12 17:21:01] ⚠️ 心跳停止 15分钟，但系统仍活跃（Session 7.3分钟前更新, 日志 0.2分钟前更新）
[2026-02-12 17:21:01] 告警限频中，跳过: 心跳停止 15分钟，但系统仍活跃（Session 7.3分钟前更新, 日志 0.2分钟前更新）
[2026-02-12 17:24:01] ✅ 进程存活 (PID: 71126)
[2026-02-12 17:24:01] 最后心跳: 18.9 分钟前
[2026-02-12 17:24:01] 最后 Session 更新: 10.3 分钟前
[2026-02-12 17:24:01] 最后日志: 0.2 分钟前
[2026-02-12 17:24:01] ⚠️ 心跳停止 18分钟，但系统仍活跃（Session 10.3分钟前更新, 日志 0.2分钟前更新）
[2026-02-12 17:24:01] 告警限频中，跳过: 心跳停止 18分钟，但系统仍活跃（Session 10.3分钟前更新, 日志 0.2分钟前更新）
[2026-02-12 17:27:01] ✅ 进程存活 (PID: 71126)
[2026-02-12 17:27:01] 最后心跳: 21.9 分钟前
[2026-02-12 17:27:01] 最后 Session 更新: 13.3 分钟前
[2026-02-12 17:27:01] 最后日志: 0.2 分钟前
[2026-02-12 17:27:01] ⚠️ 心跳停止 21分钟，但系统仍活跃（Session 13.3分钟前更新, 日志 0.2分钟前更新）
[2026-02-12 17:27:01] 告警限频中，跳过: 心跳停止 21分钟，但系统仍活跃（Session 13.3分钟前更新, 日志 0.2分钟前更新）
[2026-02-12 17:30:01] ✅ 进程存活 (PID: 71126)
[2026-02-12 17:30:01] 最后心跳: 24.9 分钟前
[2026-02-12 17:30:01] 最后 Session 更新: 16.3 分钟前
[2026-02-12 17:30:01] 最后日志: 0.2 分钟前
[2026-02-12 17:30:01] ⚠️ 心跳停止 24分钟，但系统仍活跃（日志 0.2分钟前更新）
[2026-02-12 17:30:01] 告警限频中，跳过: 心跳停止 24分钟，但系统仍活跃（日志 0.2分钟前更新）
[2026-02-12 17:33:01] ✅ 进程存活 (PID: 71126)
[2026-02-12 17:33:01] 最后心跳: 27.9 分钟前
[2026-02-12 17:33:01] 最后 Session 更新: 19.3 分钟前
[2026-02-12 17:33:01] 最后日志: 0.2 分钟前
[2026-02-12 17:33:01] ⚠️ 心跳停止 27分钟，但系统仍活跃（日志 0.2分钟前更新）
[2026-02-12 17:33:01] ⚠️ 发送告警（不重启）: 心跳停止 27分钟，但系统仍活跃（日志 0.2分钟前更新）
[2026-02-12 17:33:02] Lark 通知已发送
[2026-02-12 17:36:01] ✅ 进程存活 (PID: 71126)
[2026-02-12 17:36:01] 最后心跳: 30.9 分钟前
[2026-02-12 17:36:01] 最后 Session 更新: 22.3 分钟前
[2026-02-12 17:36:01] 最后日志: 0.2 分钟前
[2026-02-12 17:36:01] ⚠️ 心跳停止 30分钟，但系统仍活跃（日志 0.2分钟前更新）
[2026-02-12 17:36:01] 告警限频中，跳过: 心跳停止 30分钟，但系统仍活跃（日志 0.2分钟前更新）
[2026-02-12 17:39:01] ✅ 进程存活 (PID: 71126)
[2026-02-12 17:39:01] 最后心跳: 1.7 分钟前
[2026-02-12 17:39:01] 最后 Session 更新: 0.0 分钟前
[2026-02-12 17:39:01] 最后日志: 0.0 分钟前
[2026-02-12 17:39:01] ✅ 系统正常
[2026-02-12 17:42:01] ✅ 进程存活 (PID: 71126)
[2026-02-12 17:42:01] 最后心跳: 4.7 分钟前
[2026-02-12 17:42:01] 最后 Session 更新: 0.7 分钟前
[2026-02-12 17:42:01] 最后日志: 0.2 分钟前
[2026-02-12 17:42:01] ✅ 系统正常
[2026-02-12 17:45:01] ✅ 进程存活 (PID: 71126)
[2026-02-12 17:45:01] 最后心跳: 7.7 分钟前
[2026-02-12 17:45:01] 最后 Session 更新: 3.7 分钟前
[2026-02-12 17:45:01] 最后日志: 0.2 分钟前
[2026-02-12 17:45:01] ✅ 系统正常
[2026-02-12 17:48:01] ✅ 进程存活 (PID: 71126)
[2026-02-12 17:48:01] 最后心跳: 10.7 分钟前
[2026-02-12 17:48:01] 最后 Session 更新: 6.7 分钟前
[2026-02-12 17:48:01] 最后日志: 0.2 分钟前
[2026-02-12 17:48:01] ⚠️ 心跳停止 10分钟，但系统仍活跃（Session 6.7分钟前更新, 日志 0.2分钟前更新）
[2026-02-12 17:48:01] 告警限频中，跳过: 心跳停止 10分钟，但系统仍活跃（Session 6.7分钟前更新, 日志 0.2分钟前更新）
[2026-02-12 17:51:01] ✅ 进程存活 (PID: 71126)
[2026-02-12 17:51:01] 最后心跳: 0.9 分钟前
[2026-02-12 17:51:01] 最后 Session 更新: 0.0 分钟前
[2026-02-12 17:51:01] 最后日志: 0.0 分钟前
[2026-02-12 17:51:01] ✅ 系统正常
[2026-02-12 17:54:01] ✅ 进程存活 (PID: 71126)
[2026-02-12 17:54:01] 最后心跳: 3.9 分钟前
[2026-02-12 17:54:01] 最后 Session 更新: 0.2 分钟前
[2026-02-12 17:54:01] 最后日志: 0.2 分钟前
[2026-02-12 17:54:01] ✅ 系统正常
[2026-02-12 17:57:01] ✅ 进程存活 (PID: 71126)
[2026-02-12 17:57:01] 最后心跳: 6.9 分钟前
[2026-02-12 17:57:01] 最后 Session 更新: 0.2 分钟前
[2026-02-12 17:57:01] 最后日志: 0.2 分钟前
[2026-02-12 17:57:01] ✅ 系统正常
[2026-02-12 18:00:01] ✅ 进程存活 (PID: 71126)
[2026-02-12 18:00:01] 最后心跳: 9.9 分钟前
[2026-02-12 18:00:01] 最后 Session 更新: 0.1 分钟前
[2026-02-12 18:00:01] 最后日志: 0.0 分钟前
[2026-02-12 18:00:01] ✅ 系统正常
[2026-02-12 18:03:01] ✅ 进程存活 (PID: 71126)
[2026-02-12 18:03:01] 最后心跳: 12.9 分钟前
[2026-02-12 18:03:01] 最后 Session 更新: 2.0 分钟前
[2026-02-12 18:03:01] 最后日志: 0.2 分钟前
[2026-02-12 18:03:01] ⚠️ 心跳停止 12分钟，但系统仍活跃（Session 2.0分钟前更新, 日志 0.2分钟前更新）
[2026-02-12 18:03:01] 告警限频中，跳过: 心跳停止 12分钟，但系统仍活跃（Session 2.0分钟前更新, 日志 0.2分钟前更新）
[2026-02-12 18:06:01] ✅ 进程存活 (PID: 71126)
[2026-02-12 18:06:01] 最后心跳: 15.9 分钟前
[2026-02-12 18:06:01] 最后 Session 更新: 5.0 分钟前
[2026-02-12 18:06:01] 最后日志: 0.2 分钟前
[2026-02-12 18:06:01] ⚠️ 心跳停止 15分钟，但系统仍活跃（Session 5.0分钟前更新, 日志 0.2分钟前更新）
[2026-02-12 18:06:01] ⚠️ 发送告警（不重启）: 心跳停止 15分钟，但系统仍活跃（Session 5.0分钟前更新, 日志 0.2分钟前更新）
[2026-02-12 18:06:02] Lark 通知已发送
[2026-02-12 18:09:01] ✅ 进程存活 (PID: 71126)
[2026-02-12 18:09:01] 最后心跳: 18.9 分钟前
[2026-02-12 18:09:01] 最后 Session 更新: 8.0 分钟前
[2026-02-12 18:09:01] 最后日志: 0.0 分钟前
[2026-02-12 18:09:01] ⚠️ 心跳停止 18分钟，但系统仍活跃（Session 8.0分钟前更新, 日志 0.0分钟前更新）
[2026-02-12 18:09:01] 告警限频中，跳过: 心跳停止 18分钟，但系统仍活跃（Session 8.0分钟前更新, 日志 0.0分钟前更新）
[2026-02-12 18:12:01] ✅ 进程存活 (PID: 71126)
[2026-02-12 18:12:01] 最后心跳: 21.9 分钟前
[2026-02-12 18:12:01] 最后 Session 更新: 11.0 分钟前
[2026-02-12 18:12:01] 最后日志: 0.2 分钟前
[2026-02-12 18:12:01] ⚠️ 心跳停止 21分钟，但系统仍活跃（Session 11.0分钟前更新, 日志 0.2分钟前更新）
[2026-02-12 18:12:01] 告警限频中，跳过: 心跳停止 21分钟，但系统仍活跃（Session 11.0分钟前更新, 日志 0.2分钟前更新）
[2026-02-12 18:15:01] ✅ 进程存活 (PID: 71126)
[2026-02-12 18:15:01] 最后心跳: 24.9 分钟前
[2026-02-12 18:15:01] 最后 Session 更新: 0.0 分钟前
[2026-02-12 18:15:01] 最后日志: 0.0 分钟前
[2026-02-12 18:15:01] ⚠️ 心跳停止 24分钟，但系统仍活跃（Session 0.0分钟前更新, 日志 0.0分钟前更新）
[2026-02-12 18:15:01] 告警限频中，跳过: 心跳停止 24分钟，但系统仍活跃（Session 0.0分钟前更新, 日志 0.0分钟前更新）
[2026-02-12 18:18:01] ✅ 进程存活 (PID: 71126)
[2026-02-12 18:18:01] 最后心跳: 27.9 分钟前
[2026-02-12 18:18:01] 最后 Session 更新: 0.0 分钟前
[2026-02-12 18:18:01] 最后日志: 0.0 分钟前
[2026-02-12 18:18:01] ⚠️ 心跳停止 27分钟，但系统仍活跃（Session 0.0分钟前更新, 日志 0.0分钟前更新）
[2026-02-12 18:18:01] 告警限频中，跳过: 心跳停止 27分钟，但系统仍活跃（Session 0.0分钟前更新, 日志 0.0分钟前更新）
[2026-02-12 18:21:01] ✅ 进程存活 (PID: 71126)
[2026-02-12 18:21:01] 最后心跳: 30.9 分钟前
[2026-02-12 18:21:01] 最后 Session 更新: 0.0 分钟前
[2026-02-12 18:21:01] 最后日志: 0.0 分钟前
[2026-02-12 18:21:01] ⚠️ 心跳停止 30分钟，但系统仍活跃（Session 0.0分钟前更新, 日志 0.0分钟前更新）
[2026-02-12 18:21:01] 告警限频中，跳过: 心跳停止 30分钟，但系统仍活跃（Session 0.0分钟前更新, 日志 0.0分钟前更新）
[2026-02-12 18:24:01] ✅ 进程存活 (PID: 83461)
[2026-02-12 18:24:01] 最后心跳: 2.4 分钟前
[2026-02-12 18:24:01] 最后 Session 更新: 0.3 分钟前
[2026-02-12 18:24:01] 最后日志: 0.3 分钟前
[2026-02-12 18:24:01] ✅ 系统正常
[2026-02-12 18:27:01] ✅ 进程存活 (PID: 83461)
[2026-02-12 18:27:01] 最后心跳: 5.4 分钟前
[2026-02-12 18:27:01] 最后 Session 更新: 0.0 分钟前
[2026-02-12 18:27:01] 最后日志: 0.0 分钟前
[2026-02-12 18:27:01] ✅ 系统正常
[2026-02-12 18:30:01] ✅ 进程存活 (PID: 83461)
[2026-02-12 18:30:01] 📖 从 HEARTBEAT.md 读取心跳间隔: 5 分钟
[2026-02-12 18:30:01] 心跳阈值: 12 分钟（基于配置间隔 × 2.5）
[2026-02-12 18:30:01] 最后心跳: 8.4 分钟前
[2026-02-12 18:30:01] 最后 Session 更新: 0.0 分钟前
[2026-02-12 18:30:01] 最后日志: 0.0 分钟前
[2026-02-12 18:30:01] ✅ 系统正常
[2026-02-12 18:33:01] ✅ 进程存活 (PID: 83461)
[2026-02-12 18:33:01] 📖 从 HEARTBEAT.md 读取心跳间隔: 5 分钟
[2026-02-12 18:33:01] 心跳阈值: 12 分钟（基于配置间隔 × 2.5）
[2026-02-12 18:33:01] 最后心跳: 11.4 分钟前
[2026-02-12 18:33:01] 最后 Session 更新: 2.5 分钟前
[2026-02-12 18:33:01] 最后日志: 0.6 分钟前
[2026-02-12 18:33:01] ✅ 系统正常
[2026-02-12 18:36:02] ✅ 进程存活 (PID: 83461)
[2026-02-12 18:36:02] 📖 从 HEARTBEAT.md 读取心跳间隔: 5 分钟
[2026-02-12 18:36:02] 心跳阈值: 12 分钟（基于配置间隔 × 2.5）
[2026-02-12 18:36:02] 最后心跳: 14.4 分钟前
[2026-02-12 18:36:02] 最后 Session 更新: 5.5 分钟前
[2026-02-12 18:36:02] 最后日志: 0.6 分钟前
[2026-02-12 18:36:02] ⚠️ 心跳停止 14分钟（阈值 12 分钟），但系统仍活跃（Session 5.5分钟前更新, 日志 0.6分钟前更新）
[2026-02-12 18:36:02] ⚠️ 发送告警（不重启）: 心跳停止 14分钟（阈值 12 分钟），但系统仍活跃（Session 5.5分钟前更新, 日志 0.6分钟前更新）
[2026-02-12 18:36:02] Lark 通知已发送
[2026-02-12 18:39:01] ✅ 进程存活 (PID: 83461)
[2026-02-12 18:39:01] 📖 从 HEARTBEAT.md 读取心跳间隔: 5 分钟
[2026-02-12 18:39:01] 心跳阈值: 12 分钟（基于配置间隔 × 2.5）
[2026-02-12 18:39:01] 最后心跳: 17.4 分钟前
[2026-02-12 18:39:01] 最后 Session 更新: 8.5 分钟前
[2026-02-12 18:39:01] 最后日志: 0.5 分钟前
[2026-02-12 18:39:01] ⚠️ 心跳停止 17分钟（阈值 12 分钟），但系统仍活跃（Session 8.5分钟前更新, 日志 0.5分钟前更新）
[2026-02-12 18:39:01] 告警限频中，跳过: 心跳停止 17分钟（阈值 12 分钟），但系统仍活跃（Session 8.5分钟前更新, 日志 0.5分钟前更新）
[2026-02-12 18:42:01] ✅ 进程存活 (PID: 83461)
[2026-02-12 18:42:01] 📖 从 HEARTBEAT.md 读取心跳间隔: 5 分钟
[2026-02-12 18:42:01] 心跳阈值: 12 分钟（基于配置间隔 × 2.5）
[2026-02-12 18:42:01] 最后心跳: 20.4 分钟前
[2026-02-12 18:42:01] 最后 Session 更新: 0.1 分钟前
[2026-02-12 18:42:01] 最后日志: 0.1 分钟前
[2026-02-12 18:42:01] ⚠️ 心跳停止 20分钟（阈值 12 分钟），但系统仍活跃（Session 0.1分钟前更新, 日志 0.1分钟前更新）
[2026-02-12 18:42:01] 告警限频中，跳过: 心跳停止 20分钟（阈值 12 分钟），但系统仍活跃（Session 0.1分钟前更新, 日志 0.1分钟前更新）
[2026-02-12 18:45:01] ✅ 进程存活 (PID: 83461)
[2026-02-12 18:45:01] 📖 从 HEARTBEAT.md 读取心跳间隔: 5 分钟
[2026-02-12 18:45:01] 心跳阈值: 12 分钟（基于配置间隔 × 2.5）
[2026-02-12 18:45:01] 最后心跳: 23.4 分钟前
[2026-02-12 18:45:01] 最后 Session 更新: 1.1 分钟前
[2026-02-12 18:45:01] 最后日志: 0.6 分钟前
[2026-02-12 18:45:01] ⚠️ 心跳停止 23分钟（阈值 12 分钟），但系统仍活跃（Session 1.1分钟前更新, 日志 0.6分钟前更新）
[2026-02-12 18:45:01] 告警限频中，跳过: 心跳停止 23分钟（阈值 12 分钟），但系统仍活跃（Session 1.1分钟前更新, 日志 0.6分钟前更新）
[2026-02-12 18:48:01] ✅ 进程存活 (PID: 83461)
[2026-02-12 18:48:01] 📖 从 HEARTBEAT.md 读取心跳间隔: 5 分钟
[2026-02-12 18:48:01] 心跳阈值: 12 分钟（基于配置间隔 × 2.5）
[2026-02-12 18:48:01] 最后心跳: 26.4 分钟前
[2026-02-12 18:48:01] 最后 Session 更新: 4.1 分钟前
[2026-02-12 18:48:01] 最后日志: 0.6 分钟前
[2026-02-12 18:48:01] ⚠️ 心跳停止 26分钟（阈值 12 分钟），但系统仍活跃（Session 4.1分钟前更新, 日志 0.6分钟前更新）
[2026-02-12 18:48:01] 告警限频中，跳过: 心跳停止 26分钟（阈值 12 分钟），但系统仍活跃（Session 4.1分钟前更新, 日志 0.6分钟前更新）
[2026-02-12 18:51:01] ✅ 进程存活 (PID: 83461)
[2026-02-12 18:51:01] 📖 从 HEARTBEAT.md 读取心跳间隔: 5 分钟
[2026-02-12 18:51:01] 心跳阈值: 12 分钟（基于配置间隔 × 2.5）
[2026-02-12 18:51:01] 最后心跳: 29.4 分钟前
[2026-02-12 18:51:01] 最后 Session 更新: 7.1 分钟前
[2026-02-12 18:51:01] 最后日志: 0.6 分钟前
[2026-02-12 18:51:01] ⚠️ 心跳停止 29分钟（阈值 12 分钟），但系统仍活跃（Session 7.1分钟前更新, 日志 0.6分钟前更新）
[2026-02-12 18:51:01] 告警限频中，跳过: 心跳停止 29分钟（阈值 12 分钟），但系统仍活跃（Session 7.1分钟前更新, 日志 0.6分钟前更新）
[2026-02-12 18:54:01] ✅ 进程存活 (PID: 83461)
[2026-02-12 18:54:01] 📖 从 HEARTBEAT.md 读取心跳间隔: 5 分钟
[2026-02-12 18:54:01] 心跳阈值: 12 分钟（基于配置间隔 × 2.5）
[2026-02-12 18:54:01] 最后心跳: 1.4 分钟前
[2026-02-12 18:54:01] 最后 Session 更新: 0.1 分钟前
[2026-02-12 18:54:01] 最后日志: 0.1 分钟前
[2026-02-12 18:54:01] ✅ 系统正常
[2026-02-12 18:57:01] ✅ 进程存活 (PID: 83461)
[2026-02-12 18:57:01] 📖 从 HEARTBEAT.md 读取心跳间隔: 5 分钟
[2026-02-12 18:57:01] 心跳阈值: 12 分钟（基于配置间隔 × 2.5）
[2026-02-12 18:57:01] 最后心跳: 4.4 分钟前
[2026-02-12 18:57:01] 最后 Session 更新: 0.0 分钟前
[2026-02-12 18:57:01] 最后日志: 0.0 分钟前
[2026-02-12 18:57:01] ✅ 系统正常
[2026-02-12 19:00:01] ✅ 进程存活 (PID: 83461)
[2026-02-12 19:00:01] 📖 从 HEARTBEAT.md 读取心跳间隔: 5 分钟
[2026-02-12 19:00:01] 心跳阈值: 12 分钟（基于配置间隔 × 2.5）
[2026-02-12 19:00:01] 最后心跳: 7.4 分钟前
[2026-02-12 19:00:01] 最后 Session 更新: 2.3 分钟前
[2026-02-12 19:00:01] 最后日志: 0.5 分钟前
[2026-02-12 19:00:01] ✅ 系统正常
[2026-02-12 19:03:01] ✅ 进程存活 (PID: 83461)
[2026-02-12 19:03:01] 📖 从 HEARTBEAT.md 读取心跳间隔: 5 分钟
[2026-02-12 19:03:01] 心跳阈值: 12 分钟（基于配置间隔 × 2.5）
[2026-02-12 19:03:01] 最后心跳: 10.4 分钟前
[2026-02-12 19:03:01] 最后 Session 更新: 1.4 分钟前
[2026-02-12 19:03:01] 最后日志: 0.5 分钟前
[2026-02-12 19:03:01] ✅ 系统正常
[2026-02-12 19:06:01] ✅ 进程存活 (PID: 83461)
[2026-02-12 19:06:01] 📖 从 HEARTBEAT.md 读取心跳间隔: 5 分钟
[2026-02-12 19:06:01] 心跳阈值: 12 分钟（基于配置间隔 × 2.5）
[2026-02-12 19:06:01] 最后心跳: 13.4 分钟前
[2026-02-12 19:06:01] 最后 Session 更新: 1.0 分钟前
[2026-02-12 19:06:01] 最后日志: 0.6 分钟前
[2026-02-12 19:06:01] ⚠️ 心跳停止 13分钟（阈值 12 分钟），但系统仍活跃（Session 1.0分钟前更新, 日志 0.6分钟前更新）
[2026-02-12 19:06:01] 告警限频中，跳过: 心跳停止 13分钟（阈值 12 分钟），但系统仍活跃（Session 1.0分钟前更新, 日志 0.6分钟前更新）
[2026-02-12 19:09:01] ✅ 进程存活 (PID: 83461)
[2026-02-12 19:09:01] 📖 从 HEARTBEAT.md 读取心跳间隔: 5 分钟
[2026-02-12 19:09:01] 心跳阈值: 12 分钟（基于配置间隔 × 2.5）
[2026-02-12 19:09:01] 最后心跳: 16.4 分钟前
[2026-02-12 19:09:01] 最后 Session 更新: 4.0 分钟前
[2026-02-12 19:09:01] 最后日志: 0.6 分钟前
[2026-02-12 19:09:01] ⚠️ 心跳停止 16分钟（阈值 12 分钟），但系统仍活跃（Session 4.0分钟前更新, 日志 0.6分钟前更新）
[2026-02-12 19:09:01] ⚠️ 发送告警（不重启）: 心跳停止 16分钟（阈值 12 分钟），但系统仍活跃（Session 4.0分钟前更新, 日志 0.6分钟前更新）
[2026-02-12 19:09:02] Lark 通知已发送
[2026-02-12 19:12:01] ✅ 进程存活 (PID: 83461)
[2026-02-12 19:12:01] 📖 从 HEARTBEAT.md 读取心跳间隔: 5 分钟
[2026-02-12 19:12:01] 心跳阈值: 12 分钟（基于配置间隔 × 2.5）
[2026-02-12 19:12:01] 最后心跳: 19.4 分钟前
[2026-02-12 19:12:01] 最后 Session 更新: 7.0 分钟前
[2026-02-12 19:12:01] 最后日志: 0.5 分钟前
[2026-02-12 19:12:01] ⚠️ 心跳停止 19分钟（阈值 12 分钟），但系统仍活跃（Session 7.0分钟前更新, 日志 0.5分钟前更新）
[2026-02-12 19:12:01] 告警限频中，跳过: 心跳停止 19分钟（阈值 12 分钟），但系统仍活跃（Session 7.0分钟前更新, 日志 0.5分钟前更新）
[2026-02-12 19:15:01] ✅ 进程存活 (PID: 83461)
[2026-02-12 19:15:01] 📖 从 HEARTBEAT.md 读取心跳间隔: 5 分钟
[2026-02-12 19:15:01] 心跳阈值: 12 分钟（基于配置间隔 × 2.5）
[2026-02-12 19:15:01] 最后心跳: 22.4 分钟前
[2026-02-12 19:15:01] 最后 Session 更新: 10.0 分钟前
[2026-02-12 19:15:01] 最后日志: 0.5 分钟前
[2026-02-12 19:15:01] ⚠️ 心跳停止 22分钟（阈值 12 分钟），但系统仍活跃（Session 10.0分钟前更新, 日志 0.5分钟前更新）
[2026-02-12 19:15:01] 告警限频中，跳过: 心跳停止 22分钟（阈值 12 分钟），但系统仍活跃（Session 10.0分钟前更新, 日志 0.5分钟前更新）
[2026-02-12 19:18:01] ✅ 进程存活 (PID: 83461)
[2026-02-12 19:18:01] 📖 从 HEARTBEAT.md 读取心跳间隔: 5 分钟
[2026-02-12 19:18:01] 心跳阈值: 12 分钟（基于配置间隔 × 2.5）
[2026-02-12 19:18:01] 最后心跳: 25.4 分钟前
[2026-02-12 19:18:01] 最后 Session 更新: 13.0 分钟前
[2026-02-12 19:18:01] 最后日志: 0.6 分钟前
[2026-02-12 19:18:01] ⚠️ 心跳停止 25分钟（阈值 12 分钟），但系统仍活跃（Session 13.0分钟前更新, 日志 0.6分钟前更新）
[2026-02-12 19:18:01] 告警限频中，跳过: 心跳停止 25分钟（阈值 12 分钟），但系统仍活跃（Session 13.0分钟前更新, 日志 0.6分钟前更新）
[2026-02-12 19:21:01] ✅ 进程存活 (PID: 83461)
[2026-02-12 19:21:01] 📖 从 HEARTBEAT.md 读取心跳间隔: 5 分钟
[2026-02-12 19:21:01] 心跳阈值: 12 分钟（基于配置间隔 × 2.5）
[2026-02-12 19:21:01] 最后心跳: 28.4 分钟前
[2026-02-12 19:21:01] 最后 Session 更新: 16.0 分钟前
[2026-02-12 19:21:01] 最后日志: 0.6 分钟前
[2026-02-12 19:21:01] ⚠️ 心跳停止 28分钟（阈值 12 分钟），但系统仍活跃（日志 0.6分钟前更新）
[2026-02-12 19:21:01] 告警限频中，跳过: 心跳停止 28分钟（阈值 12 分钟），但系统仍活跃（日志 0.6分钟前更新）
[2026-02-12 19:24:01] ✅ 进程存活 (PID: 83461)
[2026-02-12 19:24:01] 📖 从 HEARTBEAT.md 读取心跳间隔: 5 分钟
[2026-02-12 19:24:01] 心跳阈值: 12 分钟（基于配置间隔 × 2.5）
[2026-02-12 19:24:01] 最后心跳: 0.0 分钟前
[2026-02-12 19:24:01] 最后 Session 更新: 0.0 分钟前
[2026-02-12 19:24:01] 最后日志: 0.0 分钟前
[2026-02-12 19:24:01] ✅ 系统正常
[2026-02-12 19:27:02] ✅ 进程存活 (PID: 83461)
[2026-02-12 19:27:02] 📖 从 HEARTBEAT.md 读取心跳间隔: 5 分钟
[2026-02-12 19:27:02] 心跳阈值: 12 分钟（基于配置间隔 × 2.5）
[2026-02-12 19:27:02] 最后心跳: 3.0 分钟前
[2026-02-12 19:27:02] 最后 Session 更新: 0.1 分钟前
[2026-02-12 19:27:02] 最后日志: 0.1 分钟前
[2026-02-12 19:27:02] ✅ 系统正常
[2026-02-12 19:30:01] ✅ 进程存活 (PID: 83461)
[2026-02-12 19:30:01] 📖 从 HEARTBEAT.md 读取心跳间隔: 5 分钟
[2026-02-12 19:30:01] 心跳阈值: 12 分钟（基于配置间隔 × 2.5）
[2026-02-12 19:30:01] 最后心跳: 6.0 分钟前
[2026-02-12 19:30:01] 最后 Session 更新: 3.0 分钟前
[2026-02-12 19:30:01] 最后日志: 0.5 分钟前
[2026-02-12 19:30:01] ✅ 系统正常
[2026-02-12 19:33:01] ✅ 进程存活 (PID: 83461)
[2026-02-12 19:33:01] 📖 从 HEARTBEAT.md 读取心跳间隔: 5 分钟
[2026-02-12 19:33:01] 心跳阈值: 12 分钟（基于配置间隔 × 2.5）
[2026-02-12 19:33:01] 最后心跳: 9.0 分钟前
[2026-02-12 19:33:01] 最后 Session 更新: 6.0 分钟前
[2026-02-12 19:33:01] 最后日志: 0.5 分钟前
[2026-02-12 19:33:01] ✅ 系统正常
[2026-02-12 19:36:01] ✅ 进程存活 (PID: 83461)
[2026-02-12 19:36:01] 📖 从 HEARTBEAT.md 读取心跳间隔: 5 分钟
[2026-02-12 19:36:01] 心跳阈值: 12 分钟（基于配置间隔 × 2.5）
[2026-02-12 19:36:01] 最后心跳: 12.0 分钟前
[2026-02-12 19:36:01] 最后 Session 更新: 9.0 分钟前
[2026-02-12 19:36:01] 最后日志: 0.5 分钟前
[2026-02-12 19:36:01] ⚠️ 心跳停止 12分钟（阈值 12 分钟），但系统仍活跃（Session 9.0分钟前更新, 日志 0.5分钟前更新）
[2026-02-12 19:36:01] 告警限频中，跳过: 心跳停止 12分钟（阈值 12 分钟），但系统仍活跃（Session 9.0分钟前更新, 日志 0.5分钟前更新）
[2026-02-12 19:39:01] ✅ 进程存活 (PID: 83461)
[2026-02-12 19:39:01] 📖 从 HEARTBEAT.md 读取心跳间隔: 5 分钟
[2026-02-12 19:39:01] 心跳阈值: 12 分钟（基于配置间隔 × 2.5）
[2026-02-12 19:39:01] 最后心跳: 15.0 分钟前
[2026-02-12 19:39:01] 最后 Session 更新: 12.0 分钟前
[2026-02-12 19:39:01] 最后日志: 0.5 分钟前
[2026-02-12 19:39:01] ⚠️ 心跳停止 15分钟（阈值 12 分钟），但系统仍活跃（Session 12.0分钟前更新, 日志 0.5分钟前更新）
[2026-02-12 19:39:01] 告警限频中，跳过: 心跳停止 15分钟（阈值 12 分钟），但系统仍活跃（Session 12.0分钟前更新, 日志 0.5分钟前更新）
[2026-02-12 19:42:01] ✅ 进程存活 (PID: 83461)
[2026-02-12 19:42:01] 📖 从 HEARTBEAT.md 读取心跳间隔: 5 分钟
[2026-02-12 19:42:01] 心跳阈值: 12 分钟（基于配置间隔 × 2.5）
[2026-02-12 19:42:01] 最后心跳: 18.0 分钟前
[2026-02-12 19:42:01] 最后 Session 更新: 15.0 分钟前
[2026-02-12 19:42:01] 最后日志: 0.5 分钟前
[2026-02-12 19:42:01] ⚠️ 心跳停止 18分钟（阈值 12 分钟），但系统仍活跃（Session 15.0分钟前更新, 日志 0.5分钟前更新）
[2026-02-12 19:42:01] ⚠️ 发送告警（不重启）: 心跳停止 18分钟（阈值 12 分钟），但系统仍活跃（Session 15.0分钟前更新, 日志 0.5分钟前更新）
[2026-02-12 19:42:01] Lark 通知已发送
[2026-02-12 19:45:02] ✅ 进程存活 (PID: 83461)
[2026-02-12 19:45:02] 📖 从 HEARTBEAT.md 读取心跳间隔: 5 分钟
[2026-02-12 19:45:02] 心跳阈值: 12 分钟（基于配置间隔 × 2.5）
[2026-02-12 19:45:02] 最后心跳: 21.0 分钟前
[2026-02-12 19:45:02] 最后 Session 更新: 18.0 分钟前
[2026-02-12 19:45:02] 最后日志: 0.6 分钟前
[2026-02-12 19:45:02] ⚠️ 心跳停止 21分钟（阈值 12 分钟），但系统仍活跃（日志 0.6分钟前更新）
[2026-02-12 19:45:02] 告警限频中，跳过: 心跳停止 21分钟（阈值 12 分钟），但系统仍活跃（日志 0.6分钟前更新）
[2026-02-12 19:48:01] ✅ 进程存活 (PID: 83461)
[2026-02-12 19:48:01] 📖 从 HEARTBEAT.md 读取心跳间隔: 5 分钟
[2026-02-12 19:48:01] 心跳阈值: 12 分钟（基于配置间隔 × 2.5）
[2026-02-12 19:48:01] 最后心跳: 24.0 分钟前
[2026-02-12 19:48:01] 最后 Session 更新: 21.0 分钟前
[2026-02-12 19:48:01] 最后日志: 0.5 分钟前
[2026-02-12 19:48:01] ⚠️ 心跳停止 24分钟（阈值 12 分钟），但系统仍活跃（日志 0.5分钟前更新）
[2026-02-12 19:48:01] 告警限频中，跳过: 心跳停止 24分钟（阈值 12 分钟），但系统仍活跃（日志 0.5分钟前更新）
[2026-02-12 19:51:01] ✅ 进程存活 (PID: 83461)
[2026-02-12 19:51:01] 📖 从 HEARTBEAT.md 读取心跳间隔: 5 分钟
[2026-02-12 19:51:01] 心跳阈值: 12 分钟（基于配置间隔 × 2.5）
[2026-02-12 19:51:01] 最后心跳: 27.0 分钟前
[2026-02-12 19:51:01] 最后 Session 更新: 24.0 分钟前
[2026-02-12 19:51:01] 最后日志: 0.5 分钟前
[2026-02-12 19:51:01] ⚠️ 心跳停止 27分钟（阈值 12 分钟），但系统仍活跃（日志 0.5分钟前更新）
[2026-02-12 19:51:01] 告警限频中，跳过: 心跳停止 27分钟（阈值 12 分钟），但系统仍活跃（日志 0.5分钟前更新）
[2026-02-12 19:54:01] ✅ 进程存活 (PID: 83461)
[2026-02-12 19:54:01] 📖 从 HEARTBEAT.md 读取心跳间隔: 5 分钟
[2026-02-12 19:54:01] 心跳阈值: 12 分钟（基于配置间隔 × 2.5）
[2026-02-12 19:54:01] 最后心跳: 30.0 分钟前
[2026-02-12 19:54:01] 最后 Session 更新: 27.0 分钟前
[2026-02-12 19:54:01] 最后日志: 0.5 分钟前
[2026-02-12 19:54:01] ⚠️ 心跳停止 30分钟（阈值 12 分钟），但系统仍活跃（日志 0.5分钟前更新）
[2026-02-12 19:54:01] 告警限频中，跳过: 心跳停止 30分钟（阈值 12 分钟），但系统仍活跃（日志 0.5分钟前更新）
[2026-02-12 19:57:01] ✅ 进程存活 (PID: 83461)
[2026-02-12 19:57:01] 📖 从 HEARTBEAT.md 读取心跳间隔: 5 分钟
[2026-02-12 19:57:01] 心跳阈值: 12 分钟（基于配置间隔 × 2.5）
[2026-02-12 19:57:01] 最后心跳: 1.7 分钟前
[2026-02-12 19:57:01] 最后 Session 更新: 0.5 分钟前
[2026-02-12 19:57:01] 最后日志: 0.5 分钟前
[2026-02-12 19:57:01] ✅ 系统正常
[2026-02-12 20:00:01] ✅ 进程存活 (PID: 83461)
[2026-02-12 20:00:01] 📖 从 HEARTBEAT.md 读取心跳间隔: 5 分钟
[2026-02-12 20:00:01] 心跳阈值: 12 分钟（基于配置间隔 × 2.5）
[2026-02-12 20:00:01] 最后心跳: 4.7 分钟前
[2026-02-12 20:00:01] 最后 Session 更新: 2.0 分钟前
[2026-02-12 20:00:01] 最后日志: 0.5 分钟前
[2026-02-12 20:00:01] ✅ 系统正常
[2026-02-12 20:03:01] ✅ 进程存活 (PID: 83461)
[2026-02-12 20:03:01] 📖 从 HEARTBEAT.md 读取心跳间隔: 5 分钟
[2026-02-12 20:03:01] 心跳阈值: 12 分钟（基于配置间隔 × 2.5）
[2026-02-12 20:03:01] 最后心跳: 7.7 分钟前
[2026-02-12 20:03:01] 最后 Session 更新: 5.0 分钟前
[2026-02-12 20:03:01] 最后日志: 0.6 分钟前
[2026-02-12 20:03:01] ✅ 系统正常
[2026-02-12 20:06:01] ✅ 进程存活 (PID: 83461)
[2026-02-12 20:06:01] 📖 从 HEARTBEAT.md 读取心跳间隔: 5 分钟
[2026-02-12 20:06:01] 心跳阈值: 12 分钟（基于配置间隔 × 2.5）
[2026-02-12 20:06:01] 最后心跳: 10.7 分钟前
[2026-02-12 20:06:01] 最后 Session 更新: 8.0 分钟前
[2026-02-12 20:06:01] 最后日志: 0.5 分钟前
[2026-02-12 20:06:01] ✅ 系统正常
[2026-02-12 20:09:01] ✅ 进程存活 (PID: 83461)
[2026-02-12 20:09:01] 📖 从 HEARTBEAT.md 读取心跳间隔: 5 分钟
[2026-02-12 20:09:01] 心跳阈值: 12 分钟（基于配置间隔 × 2.5）
[2026-02-12 20:09:01] 最后心跳: 13.7 分钟前
[2026-02-12 20:09:01] 最后 Session 更新: 11.0 分钟前
[2026-02-12 20:09:01] 最后日志: 0.5 分钟前
[2026-02-12 20:09:01] ⚠️ 心跳停止 13分钟（阈值 12 分钟），但系统仍活跃（Session 11.0分钟前更新, 日志 0.5分钟前更新）
[2026-02-12 20:09:01] 告警限频中，跳过: 心跳停止 13分钟（阈值 12 分钟），但系统仍活跃（Session 11.0分钟前更新, 日志 0.5分钟前更新）
[2026-02-12 20:12:01] ✅ 进程存活 (PID: 83461)
[2026-02-12 20:12:01] 📖 从 HEARTBEAT.md 读取心跳间隔: 5 分钟
[2026-02-12 20:12:01] 心跳阈值: 12 分钟（基于配置间隔 × 2.5）
[2026-02-12 20:12:01] 最后心跳: 16.7 分钟前
[2026-02-12 20:12:01] 最后 Session 更新: 0.3 分钟前
[2026-02-12 20:12:01] 最后日志: 0.3 分钟前
[2026-02-12 20:12:01] ⚠️ 心跳停止 16分钟（阈值 12 分钟），但系统仍活跃（Session 0.3分钟前更新, 日志 0.3分钟前更新）
[2026-02-12 20:12:01] 告警限频中，跳过: 心跳停止 16分钟（阈值 12 分钟），但系统仍活跃（Session 0.3分钟前更新, 日志 0.3分钟前更新）
[2026-02-12 20:15:01] ✅ 进程存活 (PID: 83461)
[2026-02-12 20:15:01] 📖 从 HEARTBEAT.md 读取心跳间隔: 5 分钟
[2026-02-12 20:15:01] 心跳阈值: 12 分钟（基于配置间隔 × 2.5）
[2026-02-12 20:15:01] 最后心跳: 19.7 分钟前
[2026-02-12 20:15:01] 最后 Session 更新: 1.0 分钟前
[2026-02-12 20:15:01] 最后日志: 0.6 分钟前
[2026-02-12 20:15:01] ⚠️ 心跳停止 19分钟（阈值 12 分钟），但系统仍活跃（Session 1.0分钟前更新, 日志 0.6分钟前更新）
[2026-02-12 20:15:01] ⚠️ 发送告警（不重启）: 心跳停止 19分钟（阈值 12 分钟），但系统仍活跃（Session 1.0分钟前更新, 日志 0.6分钟前更新）
[2026-02-12 20:15:02] Lark 通知已发送
[2026-02-12 20:18:01] ✅ 进程存活 (PID: 83461)
[2026-02-12 20:18:01] 📖 从 HEARTBEAT.md 读取心跳间隔: 5 分钟
[2026-02-12 20:18:01] 心跳阈值: 12 分钟（基于配置间隔 × 2.5）
[2026-02-12 20:18:01] 最后心跳: 22.7 分钟前
[2026-02-12 20:18:01] 最后 Session 更新: 4.0 分钟前
[2026-02-12 20:18:01] 最后日志: 0.5 分钟前
[2026-02-12 20:18:01] ⚠️ 心跳停止 22分钟（阈值 12 分钟），但系统仍活跃（Session 4.0分钟前更新, 日志 0.5分钟前更新）
[2026-02-12 20:18:01] 告警限频中，跳过: 心跳停止 22分钟（阈值 12 分钟），但系统仍活跃（Session 4.0分钟前更新, 日志 0.5分钟前更新）
[2026-02-12 20:21:01] ✅ 进程存活 (PID: 83461)
[2026-02-12 20:21:01] 📖 从 HEARTBEAT.md 读取心跳间隔: 5 分钟
[2026-02-12 20:21:01] 心跳阈值: 12 分钟（基于配置间隔 × 2.5）
[2026-02-12 20:21:01] 最后心跳: 25.7 分钟前
[2026-02-12 20:21:01] 最后 Session 更新: 7.0 分钟前
[2026-02-12 20:21:01] 最后日志: 0.5 分钟前
[2026-02-12 20:21:01] ⚠️ 心跳停止 25分钟（阈值 12 分钟），但系统仍活跃（Session 7.0分钟前更新, 日志 0.5分钟前更新）
[2026-02-12 20:21:01] 告警限频中，跳过: 心跳停止 25分钟（阈值 12 分钟），但系统仍活跃（Session 7.0分钟前更新, 日志 0.5分钟前更新）
[2026-02-12 20:24:01] ✅ 进程存活 (PID: 83461)
[2026-02-12 20:24:01] 📖 从 HEARTBEAT.md 读取心跳间隔: 5 分钟
[2026-02-12 20:24:01] 心跳阈值: 12 分钟（基于配置间隔 × 2.5）
[2026-02-12 20:24:01] 最后心跳: 28.7 分钟前
[2026-02-12 20:24:01] 最后 Session 更新: 10.0 分钟前
[2026-02-12 20:24:01] 最后日志: 0.5 分钟前
[2026-02-12 20:24:01] ⚠️ 心跳停止 28分钟（阈值 12 分钟），但系统仍活跃（Session 10.0分钟前更新, 日志 0.5分钟前更新）
[2026-02-12 20:24:01] 告警限频中，跳过: 心跳停止 28分钟（阈值 12 分钟），但系统仍活跃（Session 10.0分钟前更新, 日志 0.5分钟前更新）
[2026-02-12 20:27:01] ✅ 进程存活 (PID: 83461)
[2026-02-12 20:27:01] 📖 从 HEARTBEAT.md 读取心跳间隔: 5 分钟
[2026-02-12 20:27:01] 心跳阈值: 12 分钟（基于配置间隔 × 2.5）
[2026-02-12 20:27:01] 最后心跳: 31.7 分钟前
[2026-02-12 20:27:01] 最后 Session 更新: 13.0 分钟前
[2026-02-12 20:27:01] 最后日志: 0.6 分钟前
[2026-02-12 20:27:01] ⚠️ 心跳停止 31分钟（阈值 12 分钟），但系统仍活跃（Session 13.0分钟前更新, 日志 0.6分钟前更新）
[2026-02-12 20:27:01] 告警限频中，跳过: 心跳停止 31分钟（阈值 12 分钟），但系统仍活跃（Session 13.0分钟前更新, 日志 0.6分钟前更新）
[2026-02-12 20:30:01] ✅ 进程存活 (PID: 83461)
[2026-02-12 20:30:01] 📖 从 HEARTBEAT.md 读取心跳间隔: 5 分钟
[2026-02-12 20:30:01] 心跳阈值: 12 分钟（基于配置间隔 × 2.5）
[2026-02-12 20:30:01] 最后心跳: 2.2 分钟前
[2026-02-12 20:30:01] 最后 Session 更新: 0.1 分钟前
[2026-02-12 20:30:01] 最后日志: 0.1 分钟前
[2026-02-12 20:30:01] ✅ 系统正常
[2026-02-12 20:33:01] ✅ 进程存活 (PID: 83461)
[2026-02-12 20:33:01] 📖 从 HEARTBEAT.md 读取心跳间隔: 5 分钟
[2026-02-12 20:33:01] 心跳阈值: 12 分钟（基于配置间隔 × 2.5）
[2026-02-12 20:33:01] 最后心跳: 5.2 分钟前
[2026-02-12 20:33:01] 最后 Session 更新: 1.6 分钟前
[2026-02-12 20:33:01] 最后日志: 0.6 分钟前
[2026-02-12 20:33:01] ✅ 系统正常
[2026-02-12 20:36:01] ✅ 进程存活 (PID: 83461)
[2026-02-12 20:36:01] 📖 从 HEARTBEAT.md 读取心跳间隔: 5 分钟
[2026-02-12 20:36:01] 心跳阈值: 12 分钟（基于配置间隔 × 2.5）
[2026-02-12 20:36:01] 最后心跳: 8.2 分钟前
[2026-02-12 20:36:01] 最后 Session 更新: 4.6 分钟前
[2026-02-12 20:36:01] 最后日志: 0.5 分钟前
[2026-02-12 20:36:01] ✅ 系统正常
[2026-02-12 20:39:01] ✅ 进程存活 (PID: 83461)
[2026-02-12 20:39:01] 📖 从 HEARTBEAT.md 读取心跳间隔: 5 分钟
[2026-02-12 20:39:01] 心跳阈值: 12 分钟（基于配置间隔 × 2.5）
[2026-02-12 20:39:01] 最后心跳: 11.2 分钟前
[2026-02-12 20:39:01] 最后 Session 更新: 7.6 分钟前
[2026-02-12 20:39:01] 最后日志: 0.5 分钟前
[2026-02-12 20:39:01] ✅ 系统正常
[2026-02-12 20:42:01] ✅ 进程存活 (PID: 83461)
[2026-02-12 20:42:01] 📖 从 HEARTBEAT.md 读取心跳间隔: 5 分钟
[2026-02-12 20:42:01] 心跳阈值: 12 分钟（基于配置间隔 × 2.5）
[2026-02-12 20:42:01] 最后心跳: 14.2 分钟前
[2026-02-12 20:42:01] 最后 Session 更新: 10.6 分钟前
[2026-02-12 20:42:01] 最后日志: 0.5 分钟前
[2026-02-12 20:42:01] ⚠️ 心跳停止 14分钟（阈值 12 分钟），但系统仍活跃（Session 10.6分钟前更新, 日志 0.5分钟前更新）
[2026-02-12 20:42:01] 告警限频中，跳过: 心跳停止 14分钟（阈值 12 分钟），但系统仍活跃（Session 10.6分钟前更新, 日志 0.5分钟前更新）
[2026-02-12 20:45:01] ✅ 进程存活 (PID: 83461)
[2026-02-12 20:45:01] 📖 从 HEARTBEAT.md 读取心跳间隔: 5 分钟
[2026-02-12 20:45:01] 心跳阈值: 12 分钟（基于配置间隔 × 2.5）
[2026-02-12 20:45:01] 最后心跳: 17.2 分钟前
[2026-02-12 20:45:01] 最后 Session 更新: 13.6 分钟前
[2026-02-12 20:45:01] 最后日志: 0.5 分钟前
[2026-02-12 20:45:01] ⚠️ 心跳停止 17分钟（阈值 12 分钟），但系统仍活跃（Session 13.6分钟前更新, 日志 0.5分钟前更新）
[2026-02-12 20:45:01] 告警限频中，跳过: 心跳停止 17分钟（阈值 12 分钟），但系统仍活跃（Session 13.6分钟前更新, 日志 0.5分钟前更新）
[2026-02-12 20:48:01] ✅ 进程存活 (PID: 83461)
[2026-02-12 20:48:01] 📖 从 HEARTBEAT.md 读取心跳间隔: 5 分钟
[2026-02-12 20:48:01] 心跳阈值: 12 分钟（基于配置间隔 × 2.5）
[2026-02-12 20:48:01] 最后心跳: 20.2 分钟前
[2026-02-12 20:48:01] 最后 Session 更新: 16.6 分钟前
[2026-02-12 20:48:01] 最后日志: 0.5 分钟前
[2026-02-12 20:48:01] ⚠️ 心跳停止 20分钟（阈值 12 分钟），但系统仍活跃（日志 0.5分钟前更新）
[2026-02-12 20:48:01] ⚠️ 发送告警（不重启）: 心跳停止 20分钟（阈值 12 分钟），但系统仍活跃（日志 0.5分钟前更新）
[2026-02-12 20:48:02] Lark 通知已发送
[2026-02-12 20:51:01] ✅ 进程存活 (PID: 83461)
[2026-02-12 20:51:01] 📖 从 HEARTBEAT.md 读取心跳间隔: 5 分钟
[2026-02-12 20:51:01] 心跳阈值: 12 分钟（基于配置间隔 × 2.5）
[2026-02-12 20:51:01] 最后心跳: 23.2 分钟前
[2026-02-12 20:51:01] 最后 Session 更新: 19.6 分钟前
[2026-02-12 20:51:01] 最后日志: 0.5 分钟前
[2026-02-12 20:51:01] ⚠️ 心跳停止 23分钟（阈值 12 分钟），但系统仍活跃（日志 0.5分钟前更新）
[2026-02-12 20:51:01] 告警限频中，跳过: 心跳停止 23分钟（阈值 12 分钟），但系统仍活跃（日志 0.5分钟前更新）
[2026-02-12 20:54:01] ✅ 进程存活 (PID: 83461)
[2026-02-12 20:54:01] 📖 从 HEARTBEAT.md 读取心跳间隔: 5 分钟
[2026-02-12 20:54:01] 心跳阈值: 12 分钟（基于配置间隔 × 2.5）
[2026-02-12 20:54:01] 最后心跳: 26.2 分钟前
[2026-02-12 20:54:01] 最后 Session 更新: 22.6 分钟前
[2026-02-12 20:54:01] 最后日志: 0.5 分钟前
[2026-02-12 20:54:01] ⚠️ 心跳停止 26分钟（阈值 12 分钟），但系统仍活跃（日志 0.5分钟前更新）
[2026-02-12 20:54:01] 告警限频中，跳过: 心跳停止 26分钟（阈值 12 分钟），但系统仍活跃（日志 0.5分钟前更新）
[2026-02-12 20:57:01] ✅ 进程存活 (PID: 83461)
[2026-02-12 20:57:01] 📖 从 HEARTBEAT.md 读取心跳间隔: 5 分钟
[2026-02-12 20:57:01] 心跳阈值: 12 分钟（基于配置间隔 × 2.5）
[2026-02-12 20:57:01] 最后心跳: 29.2 分钟前
[2026-02-12 20:57:01] 最后 Session 更新: 25.6 分钟前
[2026-02-12 20:57:01] 最后日志: 0.5 分钟前
[2026-02-12 20:57:01] ⚠️ 心跳停止 29分钟（阈值 12 分钟），但系统仍活跃（日志 0.5分钟前更新）
[2026-02-12 20:57:01] 告警限频中，跳过: 心跳停止 29分钟（阈值 12 分钟），但系统仍活跃（日志 0.5分钟前更新）
[2026-02-12 21:00:01] ✅ 进程存活 (PID: 83461)
[2026-02-12 21:00:01] 📖 从 HEARTBEAT.md 读取心跳间隔: 5 分钟
[2026-02-12 21:00:01] 心跳阈值: 12 分钟（基于配置间隔 × 2.5）
[2026-02-12 21:00:01] 最后心跳: 0.7 分钟前
[2026-02-12 21:00:01] 最后 Session 更新: 0.0 分钟前
[2026-02-12 21:00:01] 最后日志: 0.0 分钟前
[2026-02-12 21:00:01] ✅ 系统正常
[2026-02-12 21:03:01] ✅ 进程存活 (PID: 83461)
[2026-02-12 21:03:01] 📖 从 HEARTBEAT.md 读取心跳间隔: 5 分钟
[2026-02-12 21:03:01] 心跳阈值: 12 分钟（基于配置间隔 × 2.5）
[2026-02-12 21:03:01] 最后心跳: 3.7 分钟前
[2026-02-12 21:03:01] 最后 Session 更新: 0.6 分钟前
[2026-02-12 21:03:01] 最后日志: 0.5 分钟前
[2026-02-12 21:03:01] ✅ 系统正常
[2026-02-12 21:06:01] ✅ 进程存活 (PID: 83461)
[2026-02-12 21:06:01] 📖 从 HEARTBEAT.md 读取心跳间隔: 5 分钟
[2026-02-12 21:06:01] 心跳阈值: 12 分钟（基于配置间隔 × 2.5）
[2026-02-12 21:06:01] 最后心跳: 6.7 分钟前
[2026-02-12 21:06:01] 最后 Session 更新: 3.6 分钟前
[2026-02-12 21:06:01] 最后日志: 0.5 分钟前
[2026-02-12 21:06:01] ✅ 系统正常
[2026-02-12 21:09:01] ✅ 进程存活 (PID: 83461)
[2026-02-12 21:09:01] 📖 从 HEARTBEAT.md 读取心跳间隔: 5 分钟
[2026-02-12 21:09:01] 心跳阈值: 12 分钟（基于配置间隔 × 2.5）
[2026-02-12 21:09:01] 最后心跳: 9.7 分钟前
[2026-02-12 21:09:01] 最后 Session 更新: 6.6 分钟前
[2026-02-12 21:09:01] 最后日志: 0.5 分钟前
[2026-02-12 21:09:01] ✅ 系统正常
[2026-02-12 21:12:01] ✅ 进程存活 (PID: 83461)
[2026-02-12 21:12:01] 📖 从 HEARTBEAT.md 读取心跳间隔: 5 分钟
[2026-02-12 21:12:01] 心跳阈值: 12 分钟（基于配置间隔 × 2.5）
[2026-02-12 21:12:01] 最后心跳: 12.7 分钟前
[2026-02-12 21:12:01] 最后 Session 更新: 9.6 分钟前
[2026-02-12 21:12:01] 最后日志: 0.5 分钟前
[2026-02-12 21:12:01] ⚠️ 心跳停止 12分钟（阈值 12 分钟），但系统仍活跃（Session 9.6分钟前更新, 日志 0.5分钟前更新）
[2026-02-12 21:12:01] 告警限频中，跳过: 心跳停止 12分钟（阈值 12 分钟），但系统仍活跃（Session 9.6分钟前更新, 日志 0.5分钟前更新）
[2026-02-12 21:15:01] ✅ 进程存活 (PID: 83461)
[2026-02-12 21:15:01] 📖 从 HEARTBEAT.md 读取心跳间隔: 5 分钟
[2026-02-12 21:15:01] 心跳阈值: 12 分钟（基于配置间隔 × 2.5）
[2026-02-12 21:15:01] 最后心跳: 15.7 分钟前
[2026-02-12 21:15:01] 最后 Session 更新: 12.6 分钟前
[2026-02-12 21:15:01] 最后日志: 0.5 分钟前
[2026-02-12 21:15:01] ⚠️ 心跳停止 15分钟（阈值 12 分钟），但系统仍活跃（Session 12.6分钟前更新, 日志 0.5分钟前更新）
[2026-02-12 21:15:01] 告警限频中，跳过: 心跳停止 15分钟（阈值 12 分钟），但系统仍活跃（Session 12.6分钟前更新, 日志 0.5分钟前更新）
[2026-02-12 21:18:01] ✅ 进程存活 (PID: 83461)
[2026-02-12 21:18:01] 📖 从 HEARTBEAT.md 读取心跳间隔: 5 分钟
[2026-02-12 21:18:01] 心跳阈值: 12 分钟（基于配置间隔 × 2.5）
[2026-02-12 21:18:01] 最后心跳: 18.8 分钟前
[2026-02-12 21:18:01] 最后 Session 更新: 15.6 分钟前
[2026-02-12 21:18:01] 最后日志: 0.5 分钟前
[2026-02-12 21:18:01] ⚠️ 心跳停止 18分钟（阈值 12 分钟），但系统仍活跃（日志 0.5分钟前更新）
[2026-02-12 21:18:01] 告警限频中，跳过: 心跳停止 18分钟（阈值 12 分钟），但系统仍活跃（日志 0.5分钟前更新）
[2026-02-12 21:21:01] ✅ 进程存活 (PID: 83461)
[2026-02-12 21:21:01] 📖 从 HEARTBEAT.md 读取心跳间隔: 5 分钟
[2026-02-12 21:21:01] 心跳阈值: 12 分钟（基于配置间隔 × 2.5）
[2026-02-12 21:21:01] 最后心跳: 21.8 分钟前
[2026-02-12 21:21:01] 最后 Session 更新: 18.6 分钟前
[2026-02-12 21:21:01] 最后日志: 0.5 分钟前
[2026-02-12 21:21:01] ⚠️ 心跳停止 21分钟（阈值 12 分钟），但系统仍活跃（日志 0.5分钟前更新）
[2026-02-12 21:21:01] ⚠️ 发送告警（不重启）: 心跳停止 21分钟（阈值 12 分钟），但系统仍活跃（日志 0.5分钟前更新）
[2026-02-12 21:21:02] Lark 通知已发送
[2026-02-12 21:24:01] ✅ 进程存活 (PID: 83461)
[2026-02-12 21:24:01] 📖 从 HEARTBEAT.md 读取心跳间隔: 5 分钟
[2026-02-12 21:24:01] 心跳阈值: 12 分钟（基于配置间隔 × 2.5）
[2026-02-12 21:24:01] 最后心跳: 24.7 分钟前
[2026-02-12 21:24:01] 最后 Session 更新: 21.6 分钟前
[2026-02-12 21:24:01] 最后日志: 0.5 分钟前
[2026-02-12 21:24:01] ⚠️ 心跳停止 24分钟（阈值 12 分钟），但系统仍活跃（日志 0.5分钟前更新）
[2026-02-12 21:24:01] 告警限频中，跳过: 心跳停止 24分钟（阈值 12 分钟），但系统仍活跃（日志 0.5分钟前更新）
[2026-02-12 21:27:01] ✅ 进程存活 (PID: 83461)
[2026-02-12 21:27:01] 📖 从 HEARTBEAT.md 读取心跳间隔: 5 分钟
[2026-02-12 21:27:01] 心跳阈值: 12 分钟（基于配置间隔 × 2.5）
[2026-02-12 21:27:01] 最后心跳: 27.7 分钟前
[2026-02-12 21:27:01] 最后 Session 更新: 24.6 分钟前
[2026-02-12 21:27:01] 最后日志: 0.5 分钟前
[2026-02-12 21:27:01] ⚠️ 心跳停止 27分钟（阈值 12 分钟），但系统仍活跃（日志 0.5分钟前更新）
[2026-02-12 21:27:01] 告警限频中，跳过: 心跳停止 27分钟（阈值 12 分钟），但系统仍活跃（日志 0.5分钟前更新）
[2026-02-12 21:30:01] ✅ 进程存活 (PID: 83461)
[2026-02-12 21:30:01] 📖 从 HEARTBEAT.md 读取心跳间隔: 5 分钟
[2026-02-12 21:30:01] 心跳阈值: 12 分钟（基于配置间隔 × 2.5）
[2026-02-12 21:30:01] 最后心跳: 30.7 分钟前
[2026-02-12 21:30:01] 最后 Session 更新: 27.6 分钟前
[2026-02-12 21:30:01] 最后日志: 0.5 分钟前
[2026-02-12 21:30:01] ⚠️ 心跳停止 30分钟（阈值 12 分钟），但系统仍活跃（日志 0.5分钟前更新）
[2026-02-12 21:30:01] 告警限频中，跳过: 心跳停止 30分钟（阈值 12 分钟），但系统仍活跃（日志 0.5分钟前更新）
[2026-02-12 21:33:01] ✅ 进程存活 (PID: 83461)
[2026-02-12 21:33:01] 📖 从 HEARTBEAT.md 读取心跳间隔: 5 分钟
[2026-02-12 21:33:01] 心跳阈值: 12 分钟（基于配置间隔 × 2.5）
[2026-02-12 21:33:01] 最后心跳: 2.5 分钟前
[2026-02-12 21:33:01] 最后 Session 更新: 0.1 分钟前
[2026-02-12 21:33:01] 最后日志: 0.1 分钟前
[2026-02-12 21:33:01] ✅ 系统正常
[2026-02-12 21:36:01] ✅ 进程存活 (PID: 83461)
[2026-02-12 21:36:01] 📖 从 HEARTBEAT.md 读取心跳间隔: 5 分钟
[2026-02-12 21:36:01] 心跳阈值: 12 分钟（基于配置间隔 × 2.5）
[2026-02-12 21:36:01] 最后心跳: 5.5 分钟前
[2026-02-12 21:36:01] 最后 Session 更新: 1.5 分钟前
[2026-02-12 21:36:01] 最后日志: 0.5 分钟前
[2026-02-12 21:36:01] ✅ 系统正常
[2026-02-12 21:39:01] ✅ 进程存活 (PID: 83461)
[2026-02-12 21:39:01] 📖 从 HEARTBEAT.md 读取心跳间隔: 5 分钟
[2026-02-12 21:39:01] 心跳阈值: 12 分钟（基于配置间隔 × 2.5）
[2026-02-12 21:39:01] 最后心跳: 8.5 分钟前
[2026-02-12 21:39:01] 最后 Session 更新: 4.5 分钟前
[2026-02-12 21:39:01] 最后日志: 0.5 分钟前
[2026-02-12 21:39:01] ✅ 系统正常
[2026-02-12 21:42:01] ✅ 进程存活 (PID: 83461)
[2026-02-12 21:42:01] 📖 从 HEARTBEAT.md 读取心跳间隔: 5 分钟
[2026-02-12 21:42:01] 心跳阈值: 12 分钟（基于配置间隔 × 2.5）
[2026-02-12 21:42:01] 最后心跳: 11.6 分钟前
[2026-02-12 21:42:01] 最后 Session 更新: 7.5 分钟前
[2026-02-12 21:42:01] 最后日志: 0.6 分钟前
[2026-02-12 21:42:01] ✅ 系统正常
[2026-02-12 21:45:02] ✅ 进程存活 (PID: 83461)
[2026-02-12 21:45:02] 📖 从 HEARTBEAT.md 读取心跳间隔: 5 分钟
[2026-02-12 21:45:02] 心跳阈值: 12 分钟（基于配置间隔 × 2.5）
[2026-02-12 21:45:02] 最后心跳: 14.6 分钟前
[2026-02-12 21:45:02] 最后 Session 更新: 10.5 分钟前
[2026-02-12 21:45:02] 最后日志: 0.6 分钟前
[2026-02-12 21:45:02] ⚠️ 心跳停止 14分钟（阈值 12 分钟），但系统仍活跃（Session 10.5分钟前更新, 日志 0.6分钟前更新）
[2026-02-12 21:45:02] 告警限频中，跳过: 心跳停止 14分钟（阈值 12 分钟），但系统仍活跃（Session 10.5分钟前更新, 日志 0.6分钟前更新）
[2026-02-12 21:48:01] ✅ 进程存活 (PID: 83461)
[2026-02-12 21:48:01] 📖 从 HEARTBEAT.md 读取心跳间隔: 5 分钟
[2026-02-12 21:48:01] 心跳阈值: 12 分钟（基于配置间隔 × 2.5）
[2026-02-12 21:48:01] 最后心跳: 17.5 分钟前
[2026-02-12 21:48:01] 最后 Session 更新: 13.5 分钟前
[2026-02-12 21:48:01] 最后日志: 0.5 分钟前
[2026-02-12 21:48:01] ⚠️ 心跳停止 17分钟（阈值 12 分钟），但系统仍活跃（Session 13.5分钟前更新, 日志 0.5分钟前更新）
[2026-02-12 21:48:01] 告警限频中，跳过: 心跳停止 17分钟（阈值 12 分钟），但系统仍活跃（Session 13.5分钟前更新, 日志 0.5分钟前更新）
[2026-02-12 21:51:01] ✅ 进程存活 (PID: 83461)
[2026-02-12 21:51:01] 📖 从 HEARTBEAT.md 读取心跳间隔: 5 分钟
[2026-02-12 21:51:01] 心跳阈值: 12 分钟（基于配置间隔 × 2.5）
[2026-02-12 21:51:01] 最后心跳: 20.5 分钟前
[2026-02-12 21:51:01] 最后 Session 更新: 16.5 分钟前
[2026-02-12 21:51:01] 最后日志: 0.5 分钟前
[2026-02-12 21:51:01] ⚠️ 心跳停止 20分钟（阈值 12 分钟），但系统仍活跃（日志 0.5分钟前更新）
[2026-02-12 21:51:01] 告警限频中，跳过: 心跳停止 20分钟（阈值 12 分钟），但系统仍活跃（日志 0.5分钟前更新）
[2026-02-12 21:54:01] ✅ 进程存活 (PID: 83461)
[2026-02-12 21:54:01] 📖 从 HEARTBEAT.md 读取心跳间隔: 5 分钟
[2026-02-12 21:54:01] 心跳阈值: 12 分钟（基于配置间隔 × 2.5）
[2026-02-12 21:54:01] 最后心跳: 23.5 分钟前
[2026-02-12 21:54:01] 最后 Session 更新: 19.5 分钟前
[2026-02-12 21:54:01] 最后日志: 0.5 分钟前
[2026-02-12 21:54:01] ⚠️ 心跳停止 23分钟（阈值 12 分钟），但系统仍活跃（日志 0.5分钟前更新）
[2026-02-12 21:54:01] ⚠️ 发送告警（不重启）: 心跳停止 23分钟（阈值 12 分钟），但系统仍活跃（日志 0.5分钟前更新）
[2026-02-12 21:54:01] Lark 通知已发送
[2026-02-12 21:57:01] ✅ 进程存活 (PID: 83461)
[2026-02-12 21:57:01] 📖 从 HEARTBEAT.md 读取心跳间隔: 5 分钟
[2026-02-12 21:57:01] 心跳阈值: 12 分钟（基于配置间隔 × 2.5）
[2026-02-12 21:57:01] 最后心跳: 26.6 分钟前
[2026-02-12 21:57:01] 最后 Session 更新: 22.5 分钟前
[2026-02-12 21:57:01] 最后日志: 0.5 分钟前
[2026-02-12 21:57:01] ⚠️ 心跳停止 26分钟（阈值 12 分钟），但系统仍活跃（日志 0.5分钟前更新）
[2026-02-12 21:57:01] 告警限频中，跳过: 心跳停止 26分钟（阈值 12 分钟），但系统仍活跃（日志 0.5分钟前更新）
[2026-02-12 22:00:02] ✅ 进程存活 (PID: 83461)
[2026-02-12 22:00:02] 📖 从 HEARTBEAT.md 读取心跳间隔: 5 分钟
[2026-02-12 22:00:02] 心跳阈值: 12 分钟（基于配置间隔 × 2.5）
[2026-02-12 22:00:02] 最后心跳: 29.6 分钟前
[2026-02-12 22:00:02] 最后 Session 更新: 25.5 分钟前
[2026-02-12 22:00:02] 最后日志: 0.6 分钟前
[2026-02-12 22:00:02] ⚠️ 心跳停止 29分钟（阈值 12 分钟），但系统仍活跃（日志 0.6分钟前更新）
[2026-02-12 22:00:02] 告警限频中，跳过: 心跳停止 29分钟（阈值 12 分钟），但系统仍活跃（日志 0.6分钟前更新）
[2026-02-12 22:03:01] ✅ 进程存活 (PID: 83461)
[2026-02-12 22:03:01] 📖 从 HEARTBEAT.md 读取心跳间隔: 5 分钟
[2026-02-12 22:03:01] 心跳阈值: 12 分钟（基于配置间隔 × 2.5）
[2026-02-12 22:03:01] 最后心跳: 1.0 分钟前
[2026-02-12 22:03:01] 最后 Session 更新: 0.1 分钟前
[2026-02-12 22:03:01] 最后日志: 0.1 分钟前
[2026-02-12 22:03:01] ✅ 系统正常
[2026-02-12 22:06:01] ✅ 进程存活 (PID: 83461)
[2026-02-12 22:06:01] 📖 从 HEARTBEAT.md 读取心跳间隔: 5 分钟
[2026-02-12 22:06:01] 心跳阈值: 12 分钟（基于配置间隔 × 2.5）
[2026-02-12 22:06:01] 最后心跳: 4.0 分钟前
[2026-02-12 22:06:01] 最后 Session 更新: 0.7 分钟前
[2026-02-12 22:06:01] 最后日志: 0.2 分钟前
[2026-02-12 22:06:01] ✅ 系统正常
[2026-02-12 22:09:01] ✅ 进程存活 (PID: 83461)
[2026-02-12 22:09:01] 📖 从 HEARTBEAT.md 读取心跳间隔: 5 分钟
[2026-02-12 22:09:01] 心跳阈值: 12 分钟（基于配置间隔 × 2.5）
[2026-02-12 22:09:01] 最后心跳: 7.0 分钟前
[2026-02-12 22:09:01] 最后 Session 更新: 0.1 分钟前
[2026-02-12 22:09:01] 最后日志: 0.1 分钟前
[2026-02-12 22:09:01] ✅ 系统正常
[2026-02-12 22:12:01] ✅ 进程存活 (PID: 83461)
[2026-02-12 22:12:01] 📖 从 HEARTBEAT.md 读取心跳间隔: 5 分钟
[2026-02-12 22:12:01] 心跳阈值: 12 分钟（基于配置间隔 × 2.5）
[2026-02-12 22:12:01] 最后心跳: 10.0 分钟前
[2026-02-12 22:12:01] 最后 Session 更新: 1.1 分钟前
[2026-02-12 22:12:01] 最后日志: 0.5 分钟前
[2026-02-12 22:12:01] ✅ 系统正常
[2026-02-12 22:15:01] ✅ 进程存活 (PID: 83461)
[2026-02-12 22:15:01] 📖 从 HEARTBEAT.md 读取心跳间隔: 5 分钟
[2026-02-12 22:15:01] 心跳阈值: 12 分钟（基于配置间隔 × 2.5）
[2026-02-12 22:15:01] 最后心跳: 13.0 分钟前
[2026-02-12 22:15:01] 最后 Session 更新: 0.0 分钟前
[2026-02-12 22:15:01] 最后日志: 0.0 分钟前
[2026-02-12 22:15:01] ⚠️ 心跳停止 13分钟（阈值 12 分钟），但系统仍活跃（Session 0.0分钟前更新, 日志 0.0分钟前更新）
[2026-02-12 22:15:01] 告警限频中，跳过: 心跳停止 13分钟（阈值 12 分钟），但系统仍活跃（Session 0.0分钟前更新, 日志 0.0分钟前更新）
[2026-02-12 22:18:01] ✅ 进程存活 (PID: 83461)
[2026-02-12 22:18:01] 📖 从 HEARTBEAT.md 读取心跳间隔: 5 分钟
[2026-02-12 22:18:01] 心跳阈值: 12 分钟（基于配置间隔 × 2.5）
[2026-02-12 22:18:01] 最后心跳: 16.0 分钟前
[2026-02-12 22:18:01] 最后 Session 更新: 0.0 分钟前
[2026-02-12 22:18:01] 最后日志: 0.0 分钟前
[2026-02-12 22:18:01] ⚠️ 心跳停止 15分钟（阈值 12 分钟），但系统仍活跃（Session 0.0分钟前更新, 日志 0.0分钟前更新）
[2026-02-12 22:18:01] 告警限频中，跳过: 心跳停止 15分钟（阈值 12 分钟），但系统仍活跃（Session 0.0分钟前更新, 日志 0.0分钟前更新）
[2026-02-12 22:21:01] ✅ 进程存活 (PID: 90029)
[2026-02-12 22:21:01] 📖 从 HEARTBEAT.md 读取心跳间隔: 5 分钟
[2026-02-12 22:21:01] 心跳阈值: 12 分钟（基于配置间隔 × 2.5）
[2026-02-12 22:21:01] 最后心跳: 19.0 分钟前
[2026-02-12 22:21:01] 最后 Session 更新: 0.1 分钟前
[2026-02-12 22:21:01] 最后日志: 0.0 分钟前
[2026-02-12 22:21:01] ⚠️ 心跳停止 19分钟（阈值 12 分钟），但系统仍活跃（Session 0.1分钟前更新, 日志 0.0分钟前更新）
[2026-02-12 22:21:01] 告警限频中，跳过: 心跳停止 19分钟（阈值 12 分钟），但系统仍活跃（Session 0.1分钟前更新, 日志 0.0分钟前更新）
[2026-02-12 22:24:01] ✅ 进程存活 (PID: 90029)
[2026-02-12 22:24:01] 📖 从 HEARTBEAT.md 读取心跳间隔: 5 分钟
[2026-02-12 22:24:01] 心跳阈值: 12 分钟（基于配置间隔 × 2.5）
[2026-02-12 22:24:01] 最后心跳: 2.7 分钟前
[2026-02-12 22:24:01] 最后 Session 更新: 0.0 分钟前
[2026-02-12 22:24:01] 最后日志: 0.0 分钟前
[2026-02-12 22:24:01] ✅ 系统正常
[2026-02-12 22:27:01] ✅ 进程存活 (PID: 90029)
[2026-02-12 22:27:01] 📖 从 HEARTBEAT.md 读取心跳间隔: 5 分钟
[2026-02-12 22:27:01] 心跳阈值: 12 分钟（基于配置间隔 × 2.5）
[2026-02-12 22:27:01] 最后心跳: 5.7 分钟前
[2026-02-12 22:27:01] 最后 Session 更新: 0.0 分钟前
[2026-02-12 22:27:01] 最后日志: 0.0 分钟前
[2026-02-12 22:27:01] ✅ 系统正常
[2026-02-12 22:30:01] ✅ 进程存活 (PID: 90029)
[2026-02-12 22:30:01] 📖 从 HEARTBEAT.md 读取心跳间隔: 5 分钟
[2026-02-12 22:30:01] 心跳阈值: 12 分钟（基于配置间隔 × 2.5）
[2026-02-12 22:30:01] 最后心跳: 2.2 分钟前
[2026-02-12 22:30:01] 最后 Session 更新: 0.0 分钟前
[2026-02-12 22:30:01] 最后日志: 0.0 分钟前
[2026-02-12 22:30:01] ✅ 系统正常
[2026-02-12 22:33:01] ✅ 进程存活 (PID: 90029)
[2026-02-12 22:33:01] 📖 从 HEARTBEAT.md 读取心跳间隔: 5 分钟
[2026-02-12 22:33:01] 心跳阈值: 12 分钟（基于配置间隔 × 2.5）
[2026-02-12 22:33:01] 最后心跳: 5.2 分钟前
[2026-02-12 22:33:01] 最后 Session 更新: 0.0 分钟前
[2026-02-12 22:33:01] 最后日志: 0.0 分钟前
[2026-02-12 22:33:01] ✅ 系统正常
[2026-02-12 22:36:01] ✅ 进程存活 (PID: 90029)
[2026-02-12 22:36:01] 📖 从 HEARTBEAT.md 读取心跳间隔: 5 分钟
[2026-02-12 22:36:01] 心跳阈值: 12 分钟（基于配置间隔 × 2.5）
[2026-02-12 22:36:01] 最后心跳: 8.2 分钟前
[2026-02-12 22:36:01] 最后 Session 更新: 0.0 分钟前
[2026-02-12 22:36:01] 最后日志: 0.0 分钟前
[2026-02-12 22:36:01] ✅ 系统正常
[2026-02-12 22:39:01] ✅ 进程存活 (PID: 90029)
[2026-02-12 22:39:01] 📖 从 HEARTBEAT.md 读取心跳间隔: 5 分钟
[2026-02-12 22:39:01] 心跳阈值: 12 分钟（基于配置间隔 × 2.5）
[2026-02-12 22:39:01] 最后心跳: 1.6 分钟前
[2026-02-12 22:39:01] 最后 Session 更新: 0.0 分钟前
[2026-02-12 22:39:01] 最后日志: 0.0 分钟前
[2026-02-12 22:39:01] ✅ 系统正常
[2026-02-12 22:42:02] ✅ 进程存活 (PID: 90029)
[2026-02-12 22:42:02] 📖 从 HEARTBEAT.md 读取心跳间隔: 5 分钟
[2026-02-12 22:42:02] 心跳阈值: 12 分钟（基于配置间隔 × 2.5）
[2026-02-12 22:42:02] 最后心跳: 4.6 分钟前
[2026-02-12 22:42:02] 最后 Session 更新: 0.0 分钟前
[2026-02-12 22:42:02] 最后日志: 0.0 分钟前
[2026-02-12 22:42:02] ✅ 系统正常
[2026-02-12 22:45:01] ✅ 进程存活 (PID: 90029)
[2026-02-12 22:45:01] 📖 从 HEARTBEAT.md 读取心跳间隔: 5 分钟
[2026-02-12 22:45:01] 心跳阈值: 12 分钟（基于配置间隔 × 2.5）
[2026-02-12 22:45:01] 最后心跳: 7.6 分钟前
[2026-02-12 22:45:01] 最后 Session 更新: 0.0 分钟前
[2026-02-12 22:45:01] 最后日志: 0.0 分钟前
[2026-02-12 22:45:01] ✅ 系统正常
[2026-02-12 22:48:01] ✅ 进程存活 (PID: 90029)
[2026-02-12 22:48:01] 📖 从 HEARTBEAT.md 读取心跳间隔: 5 分钟
[2026-02-12 22:48:01] 心跳阈值: 12 分钟（基于配置间隔 × 2.5）
[2026-02-12 22:48:01] 最后心跳: 1.8 分钟前
[2026-02-12 22:48:01] 最后 Session 更新: 0.0 分钟前
[2026-02-12 22:48:01] 最后日志: 0.0 分钟前
[2026-02-12 22:48:01] ✅ 系统正常
[2026-02-12 22:51:01] ✅ 进程存活 (PID: 90029)
[2026-02-12 22:51:01] 📖 从 HEARTBEAT.md 读取心跳间隔: 5 分钟
[2026-02-12 22:51:01] 心跳阈值: 12 分钟（基于配置间隔 × 2.5）
[2026-02-12 22:51:01] 最后心跳: 4.8 分钟前
[2026-02-12 22:51:01] 最后 Session 更新: 0.1 分钟前
[2026-02-12 22:51:01] 最后日志: 0.0 分钟前
[2026-02-12 22:51:01] ✅ 系统正常
[2026-02-12 22:54:01] ✅ 进程存活 (PID: 90029)
[2026-02-12 22:54:01] 📖 从 HEARTBEAT.md 读取心跳间隔: 5 分钟
[2026-02-12 22:54:01] 心跳阈值: 12 分钟（基于配置间隔 × 2.5）
[2026-02-12 22:54:01] 最后心跳: 7.8 分钟前
[2026-02-12 22:54:01] 最后 Session 更新: 0.0 分钟前
[2026-02-12 22:54:01] 最后日志: 0.0 分钟前
[2026-02-12 22:54:01] ✅ 系统正常
[2026-02-12 22:57:01] ✅ 进程存活 (PID: 90029)
[2026-02-12 22:57:01] 📖 从 HEARTBEAT.md 读取心跳间隔: 5 分钟
[2026-02-12 22:57:01] 心跳阈值: 12 分钟（基于配置间隔 × 2.5）
[2026-02-12 22:57:01] 最后心跳: 0.2 分钟前
[2026-02-12 22:57:01] 最后 Session 更新: 0.0 分钟前
[2026-02-12 22:57:01] 最后日志: 0.0 分钟前
[2026-02-12 22:57:01] ✅ 系统正常
[2026-02-12 23:00:01] ✅ 进程存活 (PID: 90029)
[2026-02-12 23:00:01] 📖 从 HEARTBEAT.md 读取心跳间隔: 5 分钟
[2026-02-12 23:00:01] 心跳阈值: 12 分钟（基于配置间隔 × 2.5）
[2026-02-12 23:00:01] 最后心跳: 3.2 分钟前
[2026-02-12 23:00:01] 最后 Session 更新: 0.0 分钟前
[2026-02-12 23:00:01] 最后日志: 0.0 分钟前
[2026-02-12 23:00:01] ✅ 系统正常
[2026-02-12 23:03:01] ✅ 进程存活 (PID: 90029)
[2026-02-12 23:03:01] 📖 从 HEARTBEAT.md 读取心跳间隔: 5 分钟
[2026-02-12 23:03:01] 心跳阈值: 12 分钟（基于配置间隔 × 2.5）
[2026-02-12 23:03:01] 最后心跳: 0.2 分钟前
[2026-02-12 23:03:01] 最后 Session 更新: 0.0 分钟前
[2026-02-12 23:03:01] 最后日志: 0.0 分钟前
[2026-02-12 23:03:01] ✅ 系统正常
[2026-02-12 23:06:01] ✅ 进程存活 (PID: 90029)
[2026-02-12 23:06:01] 📖 从 HEARTBEAT.md 读取心跳间隔: 5 分钟
[2026-02-12 23:06:01] 心跳阈值: 12 分钟（基于配置间隔 × 2.5）
[2026-02-12 23:06:01] 最后心跳: 3.2 分钟前
[2026-02-12 23:06:01] 最后 Session 更新: 0.0 分钟前
[2026-02-12 23:06:01] 最后日志: 0.0 分钟前
[2026-02-12 23:06:01] ✅ 系统正常
[2026-02-12 23:09:01] ✅ 进程存活 (PID: 90029)
[2026-02-12 23:09:01] 📖 从 HEARTBEAT.md 读取心跳间隔: 5 分钟
[2026-02-12 23:09:01] 心跳阈值: 12 分钟（基于配置间隔 × 2.5）
[2026-02-12 23:09:01] 最后心跳: 6.2 分钟前
[2026-02-12 23:09:01] 最后 Session 更新: 0.0 分钟前
[2026-02-12 23:09:01] 最后日志: 0.0 分钟前
[2026-02-12 23:09:01] ✅ 系统正常
[2026-02-12 23:12:01] ✅ 进程存活 (PID: 90029)
[2026-02-12 23:12:01] 📖 从 HEARTBEAT.md 读取心跳间隔: 5 分钟
[2026-02-12 23:12:01] 心跳阈值: 12 分钟（基于配置间隔 × 2.5）
[2026-02-12 23:12:01] 最后心跳: 1.5 分钟前
[2026-02-12 23:12:01] 最后 Session 更新: 0.7 分钟前
[2026-02-12 23:12:01] 最后日志: 0.0 分钟前
[2026-02-12 23:12:01] ✅ 系统正常
[2026-02-12 23:15:01] ❌ Gateway 进程不存在
[2026-02-12 23:15:01] 🔄 执行重启: 进程不存在
[2026-02-12 23:15:02] Lark 通知已发送
[2026-02-12 23:15:05] ✅ 重启完成
[2026-02-12 23:18:01] ❌ Gateway 进程不存在
[2026-02-12 23:18:01] 冷却期（2.9分钟前重启），跳过
[2026-02-12 23:21:01] ❌ Gateway 进程不存在
[2026-02-12 23:21:01] 🔄 执行重启: 进程不存在
[2026-02-12 23:21:02] Lark 通知已发送
[2026-02-12 23:21:05] ✅ 重启完成
[2026-02-12 23:24:01] ❌ Gateway 进程不存在
[2026-02-12 23:24:01] 冷却期（2.9分钟前重启），跳过
[2026-02-12 23:27:01] ✅ 进程存活 (PID: 99832)
[2026-02-12 23:27:01] 📖 从 HEARTBEAT.md 读取心跳间隔: 5 分钟
[2026-02-12 23:27:01] 心跳阈值: 12 分钟（基于配置间隔 × 2.5）
[2026-02-12 23:27:01] 最后心跳: 16.5 分钟前
[2026-02-12 23:27:01] 最后 Session 更新: 0.1 分钟前
[2026-02-12 23:27:01] 最后日志: 0.1 分钟前
[2026-02-12 23:27:01] ⚠️ 心跳停止 16分钟（阈值 12 分钟），但系统仍活跃（Session 0.1分钟前更新, 日志 0.1分钟前更新）
[2026-02-12 23:27:01] ⚠️ 发送告警（不重启）: 心跳停止 16分钟（阈值 12 分钟），但系统仍活跃（Session 0.1分钟前更新, 日志 0.1分钟前更新）
[2026-02-12 23:27:02] Lark 通知已发送
[2026-02-12 23:30:01] ✅ 进程存活 (PID: 99832)
[2026-02-12 23:30:01] 📖 从 HEARTBEAT.md 读取心跳间隔: 5 分钟
[2026-02-12 23:30:01] 心跳阈值: 12 分钟（基于配置间隔 × 2.5）
[2026-02-12 23:30:01] 最后心跳: 1.6 分钟前
[2026-02-12 23:30:01] 最后 Session 更新: 0.0 分钟前
[2026-02-12 23:30:01] 最后日志: 0.0 分钟前
[2026-02-12 23:30:01] ✅ 系统正常
[2026-02-12 23:33:01] ✅ 进程存活 (PID: 99832)
[2026-02-12 23:33:01] 📖 从 HEARTBEAT.md 读取心跳间隔: 5 分钟
[2026-02-12 23:33:01] 心跳阈值: 12 分钟（基于配置间隔 × 2.5）
[2026-02-12 23:33:01] 最后心跳: 4.6 分钟前
[2026-02-12 23:33:01] 最后 Session 更新: 0.0 分钟前
[2026-02-12 23:33:01] 最后日志: 0.0 分钟前
[2026-02-12 23:33:01] ✅ 系统正常
[2026-02-12 23:36:01] ✅ 进程存活 (PID: 99832)
[2026-02-12 23:36:01] 📖 从 HEARTBEAT.md 读取心跳间隔: 5 分钟
[2026-02-12 23:36:01] 心跳阈值: 12 分钟（基于配置间隔 × 2.5）
[2026-02-12 23:36:01] 最后心跳: 7.6 分钟前
[2026-02-12 23:36:01] 最后 Session 更新: 0.0 分钟前
[2026-02-12 23:36:01] 最后日志: 0.0 分钟前
[2026-02-12 23:36:01] ✅ 系统正常
[2026-02-12 23:39:01] ✅ 进程存活 (PID: 99832)
[2026-02-12 23:39:01] 📖 从 HEARTBEAT.md 读取心跳间隔: 5 分钟
[2026-02-12 23:39:01] 心跳阈值: 12 分钟（基于配置间隔 × 2.5）
[2026-02-12 23:39:01] 最后心跳: 2.3 分钟前
[2026-02-12 23:39:01] 最后 Session 更新: 1.4 分钟前
[2026-02-12 23:39:01] 最后日志: 0.0 分钟前
[2026-02-12 23:39:01] ✅ 系统正常
[2026-02-12 23:42:01] ✅ 进程存活 (PID: 99832)
[2026-02-12 23:42:01] 📖 从 HEARTBEAT.md 读取心跳间隔: 5 分钟
[2026-02-12 23:42:01] 心跳阈值: 12 分钟（基于配置间隔 × 2.5）
[2026-02-12 23:42:01] 最后心跳: 0.3 分钟前
[2026-02-12 23:42:01] 最后 Session 更新: 0.1 分钟前
[2026-02-12 23:42:01] 最后日志: 0.0 分钟前
[2026-02-12 23:42:01] ✅ 系统正常
[2026-02-12 23:45:01] ✅ 进程存活 (PID: 100544)
[2026-02-12 23:45:01] 📖 从 HEARTBEAT.md 读取心跳间隔: 5 分钟
[2026-02-12 23:45:01] 心跳阈值: 12 分钟（基于配置间隔 × 2.5）
[2026-02-12 23:45:01] 最后心跳: 3.3 分钟前
[2026-02-12 23:45:01] 最后 Session 更新: 2.7 分钟前
[2026-02-12 23:45:01] 最后日志: 0.5 分钟前
[2026-02-12 23:45:01] ✅ 系统正常
[2026-02-12 23:48:01] ✅ 进程存活 (PID: 100544)
[2026-02-12 23:48:01] 📖 从 HEARTBEAT.md 读取心跳间隔: 5 分钟
[2026-02-12 23:48:01] 心跳阈值: 12 分钟（基于配置间隔 × 2.5）
[2026-02-12 23:48:01] 最后心跳: 0.4 分钟前
[2026-02-12 23:48:01] 最后 Session 更新: 0.0 分钟前
[2026-02-12 23:48:01] 最后日志: 0.0 分钟前
[2026-02-12 23:48:01] ✅ 系统正常
[2026-02-12 23:51:01] ✅ 进程存活 (PID: 100544)
[2026-02-12 23:51:01] 📖 从 HEARTBEAT.md 读取心跳间隔: 5 分钟
[2026-02-12 23:51:01] 心跳阈值: 12 分钟（基于配置间隔 × 2.5）
[2026-02-12 23:51:01] 最后心跳: 3.4 分钟前
[2026-02-12 23:51:01] 最后 Session 更新: 0.3 分钟前
[2026-02-12 23:51:01] 最后日志: 0.2 分钟前
[2026-02-12 23:51:01] ✅ 系统正常
[2026-02-12 23:54:02] ✅ 进程存活 (PID: 100544)
[2026-02-12 23:54:02] 📖 从 HEARTBEAT.md 读取心跳间隔: 5 分钟
[2026-02-12 23:54:02] 心跳阈值: 12 分钟（基于配置间隔 × 2.5）
[2026-02-12 23:54:02] 最后心跳: 6.4 分钟前
[2026-02-12 23:54:02] 最后 Session 更新: 0.0 分钟前
[2026-02-12 23:54:02] 最后日志: 0.0 分钟前
[2026-02-12 23:54:02] ✅ 系统正常
[2026-02-12 23:57:01] ✅ 进程存活 (PID: 100544)
[2026-02-12 23:57:01] 📖 从 HEARTBEAT.md 读取心跳间隔: 5 分钟
[2026-02-12 23:57:01] 心跳阈值: 12 分钟（基于配置间隔 × 2.5）
[2026-02-12 23:57:01] 最后心跳: 1.6 分钟前
[2026-02-12 23:57:01] 最后 Session 更新: 0.0 分钟前
[2026-02-12 23:57:01] 最后日志: 0.0 分钟前
[2026-02-12 23:57:01] ✅ 系统正常
[2026-02-13 00:00:01] ✅ 进程存活 (PID: 100544)
[2026-02-13 00:00:01] 📖 从 HEARTBEAT.md 读取心跳间隔: 5 分钟
[2026-02-13 00:00:01] 心跳阈值: 12 分钟（基于配置间隔 × 2.5）
[2026-02-13 00:00:01] 最后心跳: 4.6 分钟前
[2026-02-13 00:00:01] 最后 Session 更新: 0.1 分钟前
[2026-02-13 00:00:01] 最后日志: 0.1 分钟前
[2026-02-13 00:00:01] ✅ 系统正常
[2026-02-13 00:03:01] ✅ 进程存活 (PID: 100544)
[2026-02-13 00:03:01] 📖 从 HEARTBEAT.md 读取心跳间隔: 5 分钟
[2026-02-13 00:03:01] 心跳阈值: 12 分钟（基于配置间隔 × 2.5）
[2026-02-13 00:03:01] 最后心跳: 7.6 分钟前
[2026-02-13 00:03:01] 最后 Session 更新: 0.6 分钟前
[2026-02-13 00:03:01] 最后日志: 0.1 分钟前
[2026-02-13 00:03:01] ✅ 系统正常
[2026-02-13 00:06:01] ✅ 进程存活 (PID: 100544)
[2026-02-13 00:06:01] 📖 从 HEARTBEAT.md 读取心跳间隔: 5 分钟
[2026-02-13 00:06:01] 心跳阈值: 12 分钟（基于配置间隔 × 2.5）
[2026-02-13 00:06:01] 最后心跳: 1.1 分钟前
[2026-02-13 00:06:01] 最后 Session 更新: 0.0 分钟前
[2026-02-13 00:06:01] 最后日志: 0.0 分钟前
[2026-02-13 00:06:01] ✅ 系统正常
[2026-02-13 00:09:01] ✅ 进程存活 (PID: 100544)
[2026-02-13 00:09:01] 📖 从 HEARTBEAT.md 读取心跳间隔: 5 分钟
[2026-02-13 00:09:01] 心跳阈值: 12 分钟（基于配置间隔 × 2.5）
[2026-02-13 00:09:01] 最后心跳: 4.1 分钟前
[2026-02-13 00:09:01] 最后 Session 更新: 0.0 分钟前
[2026-02-13 00:09:01] 最后日志: 0.0 分钟前
[2026-02-13 00:09:01] ✅ 系统正常
[2026-02-13 00:12:01] ✅ 进程存活 (PID: 100544)
[2026-02-13 00:12:01] 📖 从 HEARTBEAT.md 读取心跳间隔: 5 分钟
[2026-02-13 00:12:01] 心跳阈值: 12 分钟（基于配置间隔 × 2.5）
[2026-02-13 00:12:01] 最后心跳: 1.3 分钟前
[2026-02-13 00:12:01] 最后 Session 更新: 0.0 分钟前
[2026-02-13 00:12:01] 最后日志: 0.0 分钟前
[2026-02-13 00:12:01] ✅ 系统正常
[2026-02-13 00:15:01] ✅ 进程存活 (PID: 100544)
[2026-02-13 00:15:01] 📖 从 HEARTBEAT.md 读取心跳间隔: 5 分钟
[2026-02-13 00:15:01] 心跳阈值: 12 分钟（基于配置间隔 × 2.5）
[2026-02-13 00:15:01] 最后心跳: 4.3 分钟前
[2026-02-13 00:15:01] 最后 Session 更新: 0.1 分钟前
[2026-02-13 00:15:01] 最后日志: 0.1 分钟前
[2026-02-13 00:15:01] ✅ 系统正常
[2026-02-13 00:18:01] ✅ 进程存活 (PID: 100544)
[2026-02-13 00:18:01] 📖 从 HEARTBEAT.md 读取心跳间隔: 5 分钟
[2026-02-13 00:18:01] 心跳阈值: 12 分钟（基于配置间隔 × 2.5）
[2026-02-13 00:18:01] 最后心跳: 7.4 分钟前
[2026-02-13 00:18:01] 最后 Session 更新: 3.1 分钟前
[2026-02-13 00:18:01] 最后日志: 0.5 分钟前
[2026-02-13 00:18:01] ✅ 系统正常
[2026-02-13 00:21:01] ✅ 进程存活 (PID: 100544)
[2026-02-13 00:21:01] 📖 从 HEARTBEAT.md 读取心跳间隔: 5 分钟
[2026-02-13 00:21:01] 心跳阈值: 12 分钟（基于配置间隔 × 2.5）
[2026-02-13 00:21:01] 最后心跳: 1.4 分钟前
[2026-02-13 00:21:01] 最后 Session 更新: 0.0 分钟前
[2026-02-13 00:21:01] 最后日志: 0.0 分钟前
[2026-02-13 00:21:01] ✅ 系统正常
[2026-02-13 00:24:01] ✅ 进程存活 (PID: 100544)
[2026-02-13 00:24:01] 📖 从 HEARTBEAT.md 读取心跳间隔: 5 分钟
[2026-02-13 00:24:01] 心跳阈值: 12 分钟（基于配置间隔 × 2.5）
[2026-02-13 00:24:01] 最后心跳: 4.4 分钟前
[2026-02-13 00:24:01] 最后 Session 更新: 0.1 分钟前
[2026-02-13 00:24:01] 最后日志: 0.1 分钟前
[2026-02-13 00:24:01] ✅ 系统正常
[2026-02-13 00:27:01] ✅ 进程存活 (PID: 100544)
[2026-02-13 00:27:01] 📖 从 HEARTBEAT.md 读取心跳间隔: 5 分钟
[2026-02-13 00:27:01] 心跳阈值: 12 分钟（基于配置间隔 × 2.5）
[2026-02-13 00:27:01] 最后心跳: 7.4 分钟前
[2026-02-13 00:27:01] 最后 Session 更新: 0.0 分钟前
[2026-02-13 00:27:01] 最后日志: 0.0 分钟前
[2026-02-13 00:27:01] ✅ 系统正常
[2026-02-13 00:30:01] ✅ 进程存活 (PID: 100544)
[2026-02-13 00:30:01] 📖 从 HEARTBEAT.md 读取心跳间隔: 5 分钟
[2026-02-13 00:30:01] 心跳阈值: 12 分钟（基于配置间隔 × 2.5）
[2026-02-13 00:30:01] 最后心跳: 0.5 分钟前
[2026-02-13 00:30:01] 最后 Session 更新: 0.1 分钟前
[2026-02-13 00:30:01] 最后日志: 0.1 分钟前
[2026-02-13 00:30:01] ✅ 系统正常
[2026-02-13 00:33:01] ✅ 进程存活 (PID: 100544)
[2026-02-13 00:33:01] 📖 从 HEARTBEAT.md 读取心跳间隔: 5 分钟
[2026-02-13 00:33:01] 心跳阈值: 12 分钟（基于配置间隔 × 2.5）
[2026-02-13 00:33:01] 最后心跳: 3.5 分钟前
[2026-02-13 00:33:01] 最后 Session 更新: 2.7 分钟前
[2026-02-13 00:33:01] 最后日志: 0.5 分钟前
[2026-02-13 00:33:01] ✅ 系统正常
[2026-02-13 00:36:01] ✅ 进程存活 (PID: 100544)
[2026-02-13 00:36:01] 📖 从 HEARTBEAT.md 读取心跳间隔: 5 分钟
[2026-02-13 00:36:01] 心跳阈值: 12 分钟（基于配置间隔 × 2.5）
[2026-02-13 00:36:01] 最后心跳: 1.3 分钟前
[2026-02-13 00:36:01] 最后 Session 更新: 0.4 分钟前
[2026-02-13 00:36:01] 最后日志: 0.4 分钟前
[2026-02-13 00:36:01] ✅ 系统正常
[2026-02-13 00:39:01] ✅ 进程存活 (PID: 100544)
[2026-02-13 00:39:01] 📖 从 HEARTBEAT.md 读取心跳间隔: 5 分钟
[2026-02-13 00:39:01] 心跳阈值: 12 分钟（基于配置间隔 × 2.5）
[2026-02-13 00:39:01] 最后心跳: 4.3 分钟前
[2026-02-13 00:39:01] 最后 Session 更新: 3.4 分钟前
[2026-02-13 00:39:01] 最后日志: 0.5 分钟前
[2026-02-13 00:39:01] ✅ 系统正常
[2026-02-13 00:42:01] ✅ 进程存活 (PID: 100544)
[2026-02-13 00:42:01] 📖 从 HEARTBEAT.md 读取心跳间隔: 5 分钟
[2026-02-13 00:42:01] 心跳阈值: 12 分钟（基于配置间隔 × 2.5）
[2026-02-13 00:42:01] 最后心跳: 7.3 分钟前
[2026-02-13 00:42:01] 最后 Session 更新: 0.7 分钟前
[2026-02-13 00:42:01] 最后日志: 0.5 分钟前
[2026-02-13 00:42:01] ✅ 系统正常
[2026-02-13 00:45:01] ✅ 进程存活 (PID: 100544)
[2026-02-13 00:45:01] 📖 从 HEARTBEAT.md 读取心跳间隔: 5 分钟
[2026-02-13 00:45:01] 心跳阈值: 12 分钟（基于配置间隔 × 2.5）
[2026-02-13 00:45:01] 最后心跳: 0.6 分钟前
[2026-02-13 00:45:01] 最后 Session 更新: 0.1 分钟前
[2026-02-13 00:45:01] 最后日志: 0.1 分钟前
[2026-02-13 00:45:01] ✅ 系统正常
[2026-02-13 00:48:02] ✅ 进程存活 (PID: 100544)
[2026-02-13 00:48:02] 📖 从 HEARTBEAT.md 读取心跳间隔: 5 分钟
[2026-02-13 00:48:02] 心跳阈值: 12 分钟（基于配置间隔 × 2.5）
[2026-02-13 00:48:02] 最后心跳: 3.6 分钟前
[2026-02-13 00:48:02] 最后 Session 更新: 2.6 分钟前
[2026-02-13 00:48:02] 最后日志: 0.5 分钟前
[2026-02-13 00:48:02] ✅ 系统正常
[2026-02-13 00:51:01] ✅ 进程存活 (PID: 100544)
[2026-02-13 00:51:01] 📖 从 HEARTBEAT.md 读取心跳间隔: 5 分钟
[2026-02-13 00:51:01] 心跳阈值: 12 分钟（基于配置间隔 × 2.5）
[2026-02-13 00:51:01] 最后心跳: 1.5 分钟前
[2026-02-13 00:51:01] 最后 Session 更新: 0.7 分钟前
[2026-02-13 00:51:01] 最后日志: 0.5 分钟前
[2026-02-13 00:51:01] ✅ 系统正常
[2026-02-13 00:54:01] ✅ 进程存活 (PID: 100544)
[2026-02-13 00:54:01] 📖 从 HEARTBEAT.md 读取心跳间隔: 5 分钟
[2026-02-13 00:54:01] 心跳阈值: 12 分钟（基于配置间隔 × 2.5）
[2026-02-13 00:54:01] 最后心跳: 4.5 分钟前
[2026-02-13 00:54:01] 最后 Session 更新: 3.7 分钟前
[2026-02-13 00:54:01] 最后日志: 0.2 分钟前
[2026-02-13 00:54:01] ✅ 系统正常
[2026-02-13 00:57:01] ✅ 进程存活 (PID: 100544)
[2026-02-13 00:57:01] 📖 从 HEARTBEAT.md 读取心跳间隔: 5 分钟
[2026-02-13 00:57:01] 心跳阈值: 12 分钟（基于配置间隔 × 2.5）
[2026-02-13 00:57:01] 最后心跳: 7.5 分钟前
[2026-02-13 00:57:01] 最后 Session 更新: 2.5 分钟前
[2026-02-13 00:57:01] 最后日志: 0.5 分钟前
[2026-02-13 00:57:01] ✅ 系统正常
[2026-02-13 01:00:01] ✅ 进程存活 (PID: 100544)
[2026-02-13 01:00:01] 📖 从 HEARTBEAT.md 读取心跳间隔: 5 分钟
[2026-02-13 01:00:01] 心跳阈值: 12 分钟（基于配置间隔 × 2.5）
[2026-02-13 01:00:01] 最后心跳: 0.6 分钟前
[2026-02-13 01:00:01] 最后 Session 更新: 0.0 分钟前
[2026-02-13 01:00:01] 最后日志: 0.0 分钟前
[2026-02-13 01:00:01] ✅ 系统正常
[2026-02-13 01:03:01] ✅ 进程存活 (PID: 100544)
[2026-02-13 01:03:01] 📖 从 HEARTBEAT.md 读取心跳间隔: 5 分钟
[2026-02-13 01:03:01] 心跳阈值: 12 分钟（基于配置间隔 × 2.5）
[2026-02-13 01:03:01] 最后心跳: 3.6 分钟前
[2026-02-13 01:03:01] 最后 Session 更新: 3.0 分钟前
[2026-02-13 01:03:01] 最后日志: 0.5 分钟前
[2026-02-13 01:03:01] ✅ 系统正常
[2026-02-13 01:06:02] ✅ 进程存活 (PID: 100544)
[2026-02-13 01:06:02] 📖 从 HEARTBEAT.md 读取心跳间隔: 5 分钟
[2026-02-13 01:06:02] 心跳阈值: 12 分钟（基于配置间隔 × 2.5）
[2026-02-13 01:06:02] 最后心跳: 6.6 分钟前
[2026-02-13 01:06:02] 最后 Session 更新: 1.1 分钟前
[2026-02-13 01:06:02] 最后日志: 0.5 分钟前
[2026-02-13 01:06:02] ✅ 系统正常
[2026-02-13 01:09:01] ✅ 进程存活 (PID: 100544)
[2026-02-13 01:09:01] 📖 从 HEARTBEAT.md 读取心跳间隔: 5 分钟
[2026-02-13 01:09:01] 心跳阈值: 12 分钟（基于配置间隔 × 2.5）
[2026-02-13 01:09:01] 最后心跳: 9.6 分钟前
[2026-02-13 01:09:01] 最后 Session 更新: 4.1 分钟前
[2026-02-13 01:09:01] 最后日志: 0.5 分钟前
[2026-02-13 01:09:01] ✅ 系统正常
[2026-02-13 01:12:01] ✅ 进程存活 (PID: 100544)
[2026-02-13 01:12:01] 📖 从 HEARTBEAT.md 读取心跳间隔: 5 分钟
[2026-02-13 01:12:01] 心跳阈值: 12 分钟（基于配置间隔 × 2.5）
[2026-02-13 01:12:01] 最后心跳: 2.6 分钟前
[2026-02-13 01:12:01] 最后 Session 更新: 2.1 分钟前
[2026-02-13 01:12:01] 最后日志: 0.5 分钟前
[2026-02-13 01:12:01] ✅ 系统正常
[2026-02-13 01:15:01] ✅ 进程存活 (PID: 100544)
[2026-02-13 01:15:01] 📖 从 HEARTBEAT.md 读取心跳间隔: 5 分钟
[2026-02-13 01:15:01] 心跳阈值: 12 分钟（基于配置间隔 × 2.5）
[2026-02-13 01:15:01] 最后心跳: 5.6 分钟前
[2026-02-13 01:15:01] 最后 Session 更新: 0.5 分钟前
[2026-02-13 01:15:01] 最后日志: 0.5 分钟前
[2026-02-13 01:15:01] ✅ 系统正常
[2026-02-13 01:18:01] ✅ 进程存活 (PID: 100544)
[2026-02-13 01:18:01] 📖 从 HEARTBEAT.md 读取心跳间隔: 5 分钟
[2026-02-13 01:18:01] 心跳阈值: 12 分钟（基于配置间隔 × 2.5）
[2026-02-13 01:18:01] 最后心跳: 8.6 分钟前
[2026-02-13 01:18:01] 最后 Session 更新: 0.0 分钟前
[2026-02-13 01:18:01] 最后日志: 0.0 分钟前
[2026-02-13 01:18:01] ✅ 系统正常
[2026-02-13 01:21:01] ✅ 进程存活 (PID: 100544)
[2026-02-13 01:21:01] 📖 从 HEARTBEAT.md 读取心跳间隔: 5 分钟
[2026-02-13 01:21:01] 心跳阈值: 12 分钟（基于配置间隔 × 2.5）
[2026-02-13 01:21:01] 最后心跳: 1.6 分钟前
[2026-02-13 01:21:01] 最后 Session 更新: 0.1 分钟前
[2026-02-13 01:21:01] 最后日志: 0.0 分钟前
[2026-02-13 01:21:01] ✅ 系统正常
[2026-02-13 01:24:01] ✅ 进程存活 (PID: 100544)
[2026-02-13 01:24:01] 📖 从 HEARTBEAT.md 读取心跳间隔: 5 分钟
[2026-02-13 01:24:01] 心跳阈值: 12 分钟（基于配置间隔 × 2.5）
[2026-02-13 01:24:01] 最后心跳: 4.6 分钟前
[2026-02-13 01:24:01] 最后 Session 更新: 2.5 分钟前
[2026-02-13 01:24:01] 最后日志: 0.5 分钟前
[2026-02-13 01:24:01] ✅ 系统正常
[2026-02-13 01:27:01] ✅ 进程存活 (PID: 100544)
[2026-02-13 01:27:01] 📖 从 HEARTBEAT.md 读取心跳间隔: 5 分钟
[2026-02-13 01:27:01] 心跳阈值: 12 分钟（基于配置间隔 × 2.5）
[2026-02-13 01:27:01] 最后心跳: 2.6 分钟前
[2026-02-13 01:27:01] 最后 Session 更新: 2.1 分钟前
[2026-02-13 01:27:01] 最后日志: 0.5 分钟前
[2026-02-13 01:27:01] ✅ 系统正常
[2026-02-13 01:30:01] ✅ 进程存活 (PID: 100544)
[2026-02-13 01:30:01] 📖 从 HEARTBEAT.md 读取心跳间隔: 5 分钟
[2026-02-13 01:30:01] 心跳阈值: 12 分钟（基于配置间隔 × 2.5）
[2026-02-13 01:30:01] 最后心跳: 5.6 分钟前
[2026-02-13 01:30:01] 最后 Session 更新: 0.5 分钟前
[2026-02-13 01:30:01] 最后日志: 0.5 分钟前
[2026-02-13 01:30:01] ✅ 系统正常
[2026-02-13 01:33:01] ✅ 进程存活 (PID: 100544)
[2026-02-13 01:33:01] 📖 从 HEARTBEAT.md 读取心跳间隔: 5 分钟
[2026-02-13 01:33:01] 心跳阈值: 12 分钟（基于配置间隔 × 2.5）
[2026-02-13 01:33:01] 最后心跳: 8.6 分钟前
[2026-02-13 01:33:01] 最后 Session 更新: 3.5 分钟前
[2026-02-13 01:33:01] 最后日志: 0.5 分钟前
[2026-02-13 01:33:01] ✅ 系统正常
[2026-02-13 01:36:01] ✅ 进程存活 (PID: 100544)
[2026-02-13 01:36:01] 📖 从 HEARTBEAT.md 读取心跳间隔: 5 分钟
[2026-02-13 01:36:01] 心跳阈值: 12 分钟（基于配置间隔 × 2.5）
[2026-02-13 01:36:01] 最后心跳: 1.6 分钟前
[2026-02-13 01:36:01] 最后 Session 更新: 1.1 分钟前
[2026-02-13 01:36:01] 最后日志: 0.5 分钟前
[2026-02-13 01:36:01] ✅ 系统正常
[2026-02-13 01:39:01] ✅ 进程存活 (PID: 100544)
[2026-02-13 01:39:01] 📖 从 HEARTBEAT.md 读取心跳间隔: 5 分钟
[2026-02-13 01:39:01] 心跳阈值: 12 分钟（基于配置间隔 × 2.5）
[2026-02-13 01:39:01] 最后心跳: 4.6 分钟前
[2026-02-13 01:39:01] 最后 Session 更新: 4.1 分钟前
[2026-02-13 01:39:01] 最后日志: 0.5 分钟前
[2026-02-13 01:39:01] ✅ 系统正常
[2026-02-13 01:42:01] ✅ 进程存活 (PID: 100544)
[2026-02-13 01:42:01] 📖 从 HEARTBEAT.md 读取心跳间隔: 5 分钟
[2026-02-13 01:42:01] 心跳阈值: 12 分钟（基于配置间隔 × 2.5）
[2026-02-13 01:42:01] 最后心跳: 7.6 分钟前
[2026-02-13 01:42:01] 最后 Session 更新: 2.5 分钟前
[2026-02-13 01:42:01] 最后日志: 0.5 分钟前
[2026-02-13 01:42:01] ✅ 系统正常
[2026-02-13 01:45:01] ✅ 进程存活 (PID: 100544)
[2026-02-13 01:45:01] 📖 从 HEARTBEAT.md 读取心跳间隔: 5 分钟
[2026-02-13 01:45:01] 心跳阈值: 12 分钟（基于配置间隔 × 2.5）
[2026-02-13 01:45:01] 最后心跳: 0.6 分钟前
[2026-02-13 01:45:01] 最后 Session 更新: 0.1 分钟前
[2026-02-13 01:45:01] 最后日志: 0.1 分钟前
[2026-02-13 01:45:01] ✅ 系统正常
[2026-02-13 01:48:01] ✅ 进程存活 (PID: 100544)
[2026-02-13 01:48:01] 📖 从 HEARTBEAT.md 读取心跳间隔: 5 分钟
[2026-02-13 01:48:01] 心跳阈值: 12 分钟（基于配置间隔 × 2.5）
[2026-02-13 01:48:01] 最后心跳: 3.6 分钟前
[2026-02-13 01:48:01] 最后 Session 更新: 2.8 分钟前
[2026-02-13 01:48:01] 最后日志: 0.5 分钟前
[2026-02-13 01:48:01] ✅ 系统正常
[2026-02-13 01:51:01] ✅ 进程存活 (PID: 100544)
[2026-02-13 01:51:01] 📖 从 HEARTBEAT.md 读取心跳间隔: 5 分钟
[2026-02-13 01:51:01] 心跳阈值: 12 分钟（基于配置间隔 × 2.5）
[2026-02-13 01:51:01] 最后心跳: 6.6 分钟前
[2026-02-13 01:51:01] 最后 Session 更新: 1.1 分钟前
[2026-02-13 01:51:01] 最后日志: 0.5 分钟前
[2026-02-13 01:51:01] ✅ 系统正常
[2026-02-13 01:54:01] ✅ 进程存活 (PID: 100544)
[2026-02-13 01:54:01] 📖 从 HEARTBEAT.md 读取心跳间隔: 5 分钟
[2026-02-13 01:54:01] 心跳阈值: 12 分钟（基于配置间隔 × 2.5）
[2026-02-13 01:54:01] 最后心跳: 9.6 分钟前
[2026-02-13 01:54:01] 最后 Session 更新: 4.1 分钟前
[2026-02-13 01:54:01] 最后日志: 0.5 分钟前
[2026-02-13 01:54:01] ✅ 系统正常
[2026-02-13 01:57:01] ✅ 进程存活 (PID: 100544)
[2026-02-13 01:57:01] 📖 从 HEARTBEAT.md 读取心跳间隔: 5 分钟
[2026-02-13 01:57:01] 心跳阈值: 12 分钟（基于配置间隔 × 2.5）
[2026-02-13 01:57:01] 最后心跳: 2.6 分钟前
[2026-02-13 01:57:01] 最后 Session 更新: 2.1 分钟前
[2026-02-13 01:57:01] 最后日志: 0.5 分钟前
[2026-02-13 01:57:01] ✅ 系统正常
[2026-02-13 02:00:01] ✅ 进程存活 (PID: 100544)
[2026-02-13 02:00:01] 📖 从 HEARTBEAT.md 读取心跳间隔: 5 分钟
[2026-02-13 02:00:01] 心跳阈值: 12 分钟（基于配置间隔 × 2.5）
[2026-02-13 02:00:01] 最后心跳: 5.6 分钟前
[2026-02-13 02:00:01] 最后 Session 更新: 0.5 分钟前
[2026-02-13 02:00:01] 最后日志: 0.5 分钟前
[2026-02-13 02:00:01] ✅ 系统正常
[2026-02-13 02:03:01] ✅ 进程存活 (PID: 100544)
[2026-02-13 02:03:01] 📖 从 HEARTBEAT.md 读取心跳间隔: 5 分钟
[2026-02-13 02:03:01] 心跳阈值: 12 分钟（基于配置间隔 × 2.5）
[2026-02-13 02:03:01] 最后心跳: 8.6 分钟前
[2026-02-13 02:03:01] 最后 Session 更新: 3.5 分钟前
[2026-02-13 02:03:01] 最后日志: 0.5 分钟前
[2026-02-13 02:03:01] ✅ 系统正常
[2026-02-13 02:06:02] ✅ 进程存活 (PID: 100544)
[2026-02-13 02:06:02] 📖 从 HEARTBEAT.md 读取心跳间隔: 5 分钟
[2026-02-13 02:06:02] 心跳阈值: 12 分钟（基于配置间隔 × 2.5）
[2026-02-13 02:06:02] 最后心跳: 1.6 分钟前
[2026-02-13 02:06:02] 最后 Session 更新: 1.2 分钟前
[2026-02-13 02:06:02] 最后日志: 0.5 分钟前
[2026-02-13 02:06:02] ✅ 系统正常
[2026-02-13 02:09:01] ✅ 进程存活 (PID: 100544)
[2026-02-13 02:09:01] 📖 从 HEARTBEAT.md 读取心跳间隔: 5 分钟
[2026-02-13 02:09:01] 心跳阈值: 12 分钟（基于配置间隔 × 2.5）
[2026-02-13 02:09:01] 最后心跳: 4.6 分钟前
[2026-02-13 02:09:01] 最后 Session 更新: 4.1 分钟前
[2026-02-13 02:09:01] 最后日志: 0.5 分钟前
[2026-02-13 02:09:01] ✅ 系统正常
[2026-02-13 02:12:01] ✅ 进程存活 (PID: 100544)
[2026-02-13 02:12:01] 📖 从 HEARTBEAT.md 读取心跳间隔: 5 分钟
[2026-02-13 02:12:01] 心跳阈值: 12 分钟（基于配置间隔 × 2.5）
[2026-02-13 02:12:01] 最后心跳: 2.6 分钟前
[2026-02-13 02:12:01] 最后 Session 更新: 1.9 分钟前
[2026-02-13 02:12:01] 最后日志: 0.5 分钟前
[2026-02-13 02:12:01] ✅ 系统正常
[2026-02-13 02:15:01] ✅ 进程存活 (PID: 100544)
[2026-02-13 02:15:01] 📖 从 HEARTBEAT.md 读取心跳间隔: 5 分钟
[2026-02-13 02:15:01] 心跳阈值: 12 分钟（基于配置间隔 × 2.5）
[2026-02-13 02:15:01] 最后心跳: 5.6 分钟前
[2026-02-13 02:15:01] 最后 Session 更新: 0.4 分钟前
[2026-02-13 02:15:01] 最后日志: 0.4 分钟前
[2026-02-13 02:15:01] ✅ 系统正常
[2026-02-13 02:18:01] ✅ 进程存活 (PID: 100544)
[2026-02-13 02:18:01] 📖 从 HEARTBEAT.md 读取心跳间隔: 5 分钟
[2026-02-13 02:18:01] 心跳阈值: 12 分钟（基于配置间隔 × 2.5）
[2026-02-13 02:18:01] 最后心跳: 8.6 分钟前
[2026-02-13 02:18:01] 最后 Session 更新: 3.5 分钟前
[2026-02-13 02:18:01] 最后日志: 0.5 分钟前
[2026-02-13 02:18:01] ✅ 系统正常
[2026-02-13 02:21:01] ✅ 进程存活 (PID: 100544)
[2026-02-13 02:21:01] 📖 从 HEARTBEAT.md 读取心跳间隔: 5 分钟
[2026-02-13 02:21:01] 心跳阈值: 12 分钟（基于配置间隔 × 2.5）
[2026-02-13 02:21:01] 最后心跳: 1.6 分钟前
[2026-02-13 02:21:01] 最后 Session 更新: 1.0 分钟前
[2026-02-13 02:21:01] 最后日志: 0.5 分钟前
[2026-02-13 02:21:01] ✅ 系统正常
[2026-02-13 02:24:01] ✅ 进程存活 (PID: 100544)
[2026-02-13 02:24:01] 📖 从 HEARTBEAT.md 读取心跳间隔: 5 分钟
[2026-02-13 02:24:01] 心跳阈值: 12 分钟（基于配置间隔 × 2.5）
[2026-02-13 02:24:01] 最后心跳: 4.6 分钟前
[2026-02-13 02:24:01] 最后 Session 更新: 4.0 分钟前
[2026-02-13 02:24:01] 最后日志: 0.5 分钟前
[2026-02-13 02:24:01] ✅ 系统正常
[2026-02-13 02:27:01] ✅ 进程存活 (PID: 100544)
[2026-02-13 02:27:01] 📖 从 HEARTBEAT.md 读取心跳间隔: 5 分钟
[2026-02-13 02:27:01] 心跳阈值: 12 分钟（基于配置间隔 × 2.5）
[2026-02-13 02:27:01] 最后心跳: 2.6 分钟前
[2026-02-13 02:27:01] 最后 Session 更新: 2.1 分钟前
[2026-02-13 02:27:01] 最后日志: 0.5 分钟前
[2026-02-13 02:27:01] ✅ 系统正常
[2026-02-13 02:30:01] ✅ 进程存活 (PID: 100544)
[2026-02-13 02:30:01] 📖 从 HEARTBEAT.md 读取心跳间隔: 5 分钟
[2026-02-13 02:30:01] 心跳阈值: 12 分钟（基于配置间隔 × 2.5）
[2026-02-13 02:30:01] 最后心跳: 5.6 分钟前
[2026-02-13 02:30:01] 最后 Session 更新: 0.5 分钟前
[2026-02-13 02:30:01] 最后日志: 0.5 分钟前
[2026-02-13 02:30:01] ✅ 系统正常
[2026-02-13 02:33:01] ✅ 进程存活 (PID: 100544)
[2026-02-13 02:33:01] 📖 从 HEARTBEAT.md 读取心跳间隔: 5 分钟
[2026-02-13 02:33:01] 心跳阈值: 12 分钟（基于配置间隔 × 2.5）
[2026-02-13 02:33:01] 最后心跳: 8.6 分钟前
[2026-02-13 02:33:01] 最后 Session 更新: 3.5 分钟前
[2026-02-13 02:33:01] 最后日志: 0.5 分钟前
[2026-02-13 02:33:01] ✅ 系统正常
[2026-02-13 02:36:01] ✅ 进程存活 (PID: 100544)
[2026-02-13 02:36:01] 📖 从 HEARTBEAT.md 读取心跳间隔: 5 分钟
[2026-02-13 02:36:01] 心跳阈值: 12 分钟（基于配置间隔 × 2.5）
[2026-02-13 02:36:01] 最后心跳: 1.6 分钟前
[2026-02-13 02:36:01] 最后 Session 更新: 1.1 分钟前
[2026-02-13 02:36:01] 最后日志: 0.1 分钟前
[2026-02-13 02:36:01] ✅ 系统正常
[2026-02-13 02:39:01] ✅ 进程存活 (PID: 100544)
[2026-02-13 02:39:01] 📖 从 HEARTBEAT.md 读取心跳间隔: 5 分钟
[2026-02-13 02:39:01] 心跳阈值: 12 分钟（基于配置间隔 × 2.5）
[2026-02-13 02:39:01] 最后心跳: 4.6 分钟前
[2026-02-13 02:39:01] 最后 Session 更新: 2.9 分钟前
[2026-02-13 02:39:01] 最后日志: 0.5 分钟前
[2026-02-13 02:39:01] ✅ 系统正常
[2026-02-13 02:42:01] ✅ 进程存活 (PID: 100544)
[2026-02-13 02:42:01] 📖 从 HEARTBEAT.md 读取心跳间隔: 5 分钟
[2026-02-13 02:42:01] 心跳阈值: 12 分钟（基于配置间隔 × 2.5）
[2026-02-13 02:42:01] 最后心跳: 2.6 分钟前
[2026-02-13 02:42:01] 最后 Session 更新: 2.0 分钟前
[2026-02-13 02:42:01] 最后日志: 0.5 分钟前
[2026-02-13 02:42:01] ✅ 系统正常
[2026-02-13 02:45:01] ✅ 进程存活 (PID: 100544)
[2026-02-13 02:45:01] 📖 从 HEARTBEAT.md 读取心跳间隔: 5 分钟
[2026-02-13 02:45:01] 心跳阈值: 12 分钟（基于配置间隔 × 2.5）
[2026-02-13 02:45:01] 最后心跳: 5.6 分钟前
[2026-02-13 02:45:01] 最后 Session 更新: 0.5 分钟前
[2026-02-13 02:45:01] 最后日志: 0.5 分钟前
[2026-02-13 02:45:01] ✅ 系统正常
[2026-02-13 02:48:01] ✅ 进程存活 (PID: 100544)
[2026-02-13 02:48:01] 📖 从 HEARTBEAT.md 读取心跳间隔: 5 分钟
[2026-02-13 02:48:01] 心跳阈值: 12 分钟（基于配置间隔 × 2.5）
[2026-02-13 02:48:01] 最后心跳: 8.6 分钟前
[2026-02-13 02:48:01] 最后 Session 更新: 3.5 分钟前
[2026-02-13 02:48:01] 最后日志: 0.5 分钟前
[2026-02-13 02:48:01] ✅ 系统正常
[2026-02-13 02:51:01] ✅ 进程存活 (PID: 100544)
[2026-02-13 02:51:01] 📖 从 HEARTBEAT.md 读取心跳间隔: 5 分钟
[2026-02-13 02:51:01] 心跳阈值: 12 分钟（基于配置间隔 × 2.5）
[2026-02-13 02:51:01] 最后心跳: 1.7 分钟前
[2026-02-13 02:51:01] 最后 Session 更新: 1.2 分钟前
[2026-02-13 02:51:01] 最后日志: 0.5 分钟前
[2026-02-13 02:51:01] ✅ 系统正常
[2026-02-13 02:54:01] ✅ 进程存活 (PID: 100544)
[2026-02-13 02:54:01] 📖 从 HEARTBEAT.md 读取心跳间隔: 5 分钟
[2026-02-13 02:54:01] 心跳阈值: 12 分钟（基于配置间隔 × 2.5）
[2026-02-13 02:54:01] 最后心跳: 4.7 分钟前
[2026-02-13 02:54:01] 最后 Session 更新: 4.2 分钟前
[2026-02-13 02:54:01] 最后日志: 0.5 分钟前
[2026-02-13 02:54:01] ✅ 系统正常
[2026-02-13 02:57:01] ✅ 进程存活 (PID: 100544)
[2026-02-13 02:57:01] 📖 从 HEARTBEAT.md 读取心跳间隔: 5 分钟
[2026-02-13 02:57:01] 心跳阈值: 12 分钟（基于配置间隔 × 2.5）
[2026-02-13 02:57:01] 最后心跳: 2.6 分钟前
[2026-02-13 02:57:01] 最后 Session 更新: 1.7 分钟前
[2026-02-13 02:57:01] 最后日志: 0.5 分钟前
[2026-02-13 02:57:01] ✅ 系统正常
[2026-02-13 03:00:01] ✅ 进程存活 (PID: 100544)
[2026-02-13 03:00:01] 📖 从 HEARTBEAT.md 读取心跳间隔: 5 分钟
[2026-02-13 03:00:01] 心跳阈值: 12 分钟（基于配置间隔 × 2.5）
[2026-02-13 03:00:01] 最后心跳: 5.6 分钟前
[2026-02-13 03:00:01] 最后 Session 更新: 0.5 分钟前
[2026-02-13 03:00:01] 最后日志: 0.5 分钟前
[2026-02-13 03:00:01] ✅ 系统正常
[2026-02-13 03:03:02] ✅ 进程存活 (PID: 100544)
[2026-02-13 03:03:02] 📖 从 HEARTBEAT.md 读取心跳间隔: 5 分钟
[2026-02-13 03:03:02] 心跳阈值: 12 分钟（基于配置间隔 × 2.5）
[2026-02-13 03:03:02] 最后心跳: 8.6 分钟前
[2026-02-13 03:03:02] 最后 Session 更新: 3.5 分钟前
[2026-02-13 03:03:02] 最后日志: 0.5 分钟前
[2026-02-13 03:03:02] ✅ 系统正常
[2026-02-13 03:06:01] ✅ 进程存活 (PID: 100544)
[2026-02-13 03:06:01] 📖 从 HEARTBEAT.md 读取心跳间隔: 5 分钟
[2026-02-13 03:06:01] 心跳阈值: 12 分钟（基于配置间隔 × 2.5）
[2026-02-13 03:06:01] 最后心跳: 1.7 分钟前
[2026-02-13 03:06:01] 最后 Session 更新: 0.9 分钟前
[2026-02-13 03:06:01] 最后日志: 0.5 分钟前
[2026-02-13 03:06:01] ✅ 系统正常
[2026-02-13 03:09:01] ✅ 进程存活 (PID: 100544)
[2026-02-13 03:09:01] 📖 从 HEARTBEAT.md 读取心跳间隔: 5 分钟
[2026-02-13 03:09:01] 心跳阈值: 12 分钟（基于配置间隔 × 2.5）
[2026-02-13 03:09:01] 最后心跳: 4.7 分钟前
[2026-02-13 03:09:01] 最后 Session 更新: 3.9 分钟前
[2026-02-13 03:09:01] 最后日志: 0.5 分钟前
[2026-02-13 03:09:01] ✅ 系统正常
[2026-02-13 03:12:01] ✅ 进程存活 (PID: 100544)
[2026-02-13 03:12:01] 📖 从 HEARTBEAT.md 读取心跳间隔: 5 分钟
[2026-02-13 03:12:01] 心跳阈值: 12 分钟（基于配置间隔 × 2.5）
[2026-02-13 03:12:01] 最后心跳: 2.7 分钟前
[2026-02-13 03:12:01] 最后 Session 更新: 2.0 分钟前
[2026-02-13 03:12:01] 最后日志: 0.5 分钟前
[2026-02-13 03:12:01] ✅ 系统正常
[2026-02-13 03:15:02] ✅ 进程存活 (PID: 100544)
[2026-02-13 03:15:02] 📖 从 HEARTBEAT.md 读取心跳间隔: 5 分钟
[2026-02-13 03:15:02] 心跳阈值: 12 分钟（基于配置间隔 × 2.5）
[2026-02-13 03:15:02] 最后心跳: 0.6 分钟前
[2026-02-13 03:15:02] 最后 Session 更新: 0.0 分钟前
[2026-02-13 03:15:02] 最后日志: 0.0 分钟前
[2026-02-13 03:15:02] ✅ 系统正常
[2026-02-13 03:18:01] ✅ 进程存活 (PID: 100544)
[2026-02-13 03:18:01] 📖 从 HEARTBEAT.md 读取心跳间隔: 5 分钟
[2026-02-13 03:18:01] 心跳阈值: 12 分钟（基于配置间隔 × 2.5）
[2026-02-13 03:18:01] 最后心跳: 3.6 分钟前
[2026-02-13 03:18:01] 最后 Session 更新: 3.0 分钟前
[2026-02-13 03:18:01] 最后日志: 0.5 分钟前
[2026-02-13 03:18:01] ✅ 系统正常
[2026-02-13 03:21:01] ✅ 进程存活 (PID: 100544)
[2026-02-13 03:21:01] 📖 从 HEARTBEAT.md 读取心跳间隔: 5 分钟
[2026-02-13 03:21:01] 心跳阈值: 12 分钟（基于配置间隔 × 2.5）
[2026-02-13 03:21:01] 最后心跳: 6.6 分钟前
[2026-02-13 03:21:01] 最后 Session 更新: 1.4 分钟前
[2026-02-13 03:21:01] 最后日志: 0.5 分钟前
[2026-02-13 03:21:01] ✅ 系统正常
[2026-02-13 03:24:01] ✅ 进程存活 (PID: 100544)
[2026-02-13 03:24:01] 📖 从 HEARTBEAT.md 读取心跳间隔: 5 分钟
[2026-02-13 03:24:01] 心跳阈值: 12 分钟（基于配置间隔 × 2.5）
[2026-02-13 03:24:01] 最后心跳: 9.6 分钟前
[2026-02-13 03:24:01] 最后 Session 更新: 4.4 分钟前
[2026-02-13 03:24:01] 最后日志: 0.5 分钟前
[2026-02-13 03:24:01] ✅ 系统正常
[2026-02-13 03:27:01] ✅ 进程存活 (PID: 100544)
[2026-02-13 03:27:01] 📖 从 HEARTBEAT.md 读取心跳间隔: 5 分钟
[2026-02-13 03:27:01] 心跳阈值: 12 分钟（基于配置间隔 × 2.5）
[2026-02-13 03:27:01] 最后心跳: 2.6 分钟前
[2026-02-13 03:27:01] 最后 Session 更新: 2.1 分钟前
[2026-02-13 03:27:01] 最后日志: 0.5 分钟前
[2026-02-13 03:27:01] ✅ 系统正常
[2026-02-13 03:30:01] ✅ 进程存活 (PID: 100544)
[2026-02-13 03:30:01] 📖 从 HEARTBEAT.md 读取心跳间隔: 5 分钟
[2026-02-13 03:30:01] 心跳阈值: 12 分钟（基于配置间隔 × 2.5）
[2026-02-13 03:30:01] 最后心跳: 0.6 分钟前
[2026-02-13 03:30:01] 最后 Session 更新: 0.2 分钟前
[2026-02-13 03:30:01] 最后日志: 0.2 分钟前
[2026-02-13 03:30:01] ✅ 系统正常
[2026-02-13 03:33:01] ✅ 进程存活 (PID: 100544)
[2026-02-13 03:33:01] 📖 从 HEARTBEAT.md 读取心跳间隔: 5 分钟
[2026-02-13 03:33:01] 心跳阈值: 12 分钟（基于配置间隔 × 2.5）
[2026-02-13 03:33:01] 最后心跳: 3.6 分钟前
[2026-02-13 03:33:01] 最后 Session 更新: 3.2 分钟前
[2026-02-13 03:33:01] 最后日志: 0.5 分钟前
[2026-02-13 03:33:01] ✅ 系统正常
[2026-02-13 03:36:01] ✅ 进程存活 (PID: 100544)
[2026-02-13 03:36:01] 📖 从 HEARTBEAT.md 读取心跳间隔: 5 分钟
[2026-02-13 03:36:01] 心跳阈值: 12 分钟（基于配置间隔 × 2.5）
[2026-02-13 03:36:01] 最后心跳: 6.6 分钟前
[2026-02-13 03:36:01] 最后 Session 更新: 1.5 分钟前
[2026-02-13 03:36:01] 最后日志: 0.5 分钟前
[2026-02-13 03:36:01] ✅ 系统正常
[2026-02-13 03:39:01] ✅ 进程存活 (PID: 100544)
[2026-02-13 03:39:01] 📖 从 HEARTBEAT.md 读取心跳间隔: 5 分钟
[2026-02-13 03:39:01] 心跳阈值: 12 分钟（基于配置间隔 × 2.5）
[2026-02-13 03:39:01] 最后心跳: 9.6 分钟前
[2026-02-13 03:39:01] 最后 Session 更新: 4.5 分钟前
[2026-02-13 03:39:01] 最后日志: 0.5 分钟前
[2026-02-13 03:39:01] ✅ 系统正常
[2026-02-13 03:42:01] ✅ 进程存活 (PID: 100544)
[2026-02-13 03:42:01] 📖 从 HEARTBEAT.md 读取心跳间隔: 5 分钟
[2026-02-13 03:42:01] 心跳阈值: 12 分钟（基于配置间隔 × 2.5）
[2026-02-13 03:42:01] 最后心跳: 2.6 分钟前
[2026-02-13 03:42:01] 最后 Session 更新: 2.2 分钟前
[2026-02-13 03:42:01] 最后日志: 0.5 分钟前
[2026-02-13 03:42:01] ✅ 系统正常
[2026-02-13 03:45:02] ✅ 进程存活 (PID: 100544)
[2026-02-13 03:45:02] 📖 从 HEARTBEAT.md 读取心跳间隔: 5 分钟
[2026-02-13 03:45:02] 心跳阈值: 12 分钟（基于配置间隔 × 2.5）
[2026-02-13 03:45:02] 最后心跳: 0.6 分钟前
[2026-02-13 03:45:02] 最后 Session 更新: 0.4 分钟前
[2026-02-13 03:45:02] 最后日志: 0.4 分钟前
[2026-02-13 03:45:02] ✅ 系统正常
[2026-02-13 03:48:01] ✅ 进程存活 (PID: 100544)
[2026-02-13 03:48:01] 📖 从 HEARTBEAT.md 读取心跳间隔: 5 分钟
[2026-02-13 03:48:01] 心跳阈值: 12 分钟（基于配置间隔 × 2.5）
[2026-02-13 03:48:01] 最后心跳: 3.6 分钟前
[2026-02-13 03:48:01] 最后 Session 更新: 3.4 分钟前
[2026-02-13 03:48:01] 最后日志: 0.5 分钟前
[2026-02-13 03:48:01] ✅ 系统正常
[2026-02-13 03:51:01] ✅ 进程存活 (PID: 100544)
[2026-02-13 03:51:01] 📖 从 HEARTBEAT.md 读取心跳间隔: 5 分钟
[2026-02-13 03:51:01] 心跳阈值: 12 分钟（基于配置间隔 × 2.5）
[2026-02-13 03:51:01] 最后心跳: 6.6 分钟前
[2026-02-13 03:51:01] 最后 Session 更新: 1.4 分钟前
[2026-02-13 03:51:01] 最后日志: 0.5 分钟前
[2026-02-13 03:51:01] ✅ 系统正常
[2026-02-13 03:54:01] ✅ 进程存活 (PID: 100544)
[2026-02-13 03:54:01] 📖 从 HEARTBEAT.md 读取心跳间隔: 5 分钟
[2026-02-13 03:54:01] 心跳阈值: 12 分钟（基于配置间隔 × 2.5）
[2026-02-13 03:54:01] 最后心跳: 9.6 分钟前
[2026-02-13 03:54:01] 最后 Session 更新: 4.4 分钟前
[2026-02-13 03:54:01] 最后日志: 0.5 分钟前
[2026-02-13 03:54:01] ✅ 系统正常
[2026-02-13 03:57:01] ✅ 进程存活 (PID: 100544)
[2026-02-13 03:57:01] 📖 从 HEARTBEAT.md 读取心跳间隔: 5 分钟
[2026-02-13 03:57:01] 心跳阈值: 12 分钟（基于配置间隔 × 2.5）
[2026-02-13 03:57:01] 最后心跳: 2.6 分钟前
[2026-02-13 03:57:01] 最后 Session 更新: 2.5 分钟前
[2026-02-13 03:57:01] 最后日志: 0.5 分钟前
[2026-02-13 03:57:01] ✅ 系统正常
[2026-02-13 04:00:01] ✅ 进程存活 (PID: 100544)
[2026-02-13 04:00:01] 📖 从 HEARTBEAT.md 读取心跳间隔: 5 分钟
[2026-02-13 04:00:01] 心跳阈值: 12 分钟（基于配置间隔 × 2.5）
[2026-02-13 04:00:01] 最后心跳: 5.6 分钟前
[2026-02-13 04:00:01] 最后 Session 更新: 0.5 分钟前
[2026-02-13 04:00:01] 最后日志: 0.5 分钟前
[2026-02-13 04:00:01] ✅ 系统正常
[2026-02-13 04:03:01] ✅ 进程存活 (PID: 100544)
[2026-02-13 04:03:01] 📖 从 HEARTBEAT.md 读取心跳间隔: 5 分钟
[2026-02-13 04:03:01] 心跳阈值: 12 分钟（基于配置间隔 × 2.5）
[2026-02-13 04:03:01] 最后心跳: 8.6 分钟前
[2026-02-13 04:03:01] 最后 Session 更新: 3.5 分钟前
[2026-02-13 04:03:01] 最后日志: 0.5 分钟前
[2026-02-13 04:03:01] ✅ 系统正常
[2026-02-13 04:06:01] ✅ 进程存活 (PID: 100544)
[2026-02-13 04:06:01] 📖 从 HEARTBEAT.md 读取心跳间隔: 5 分钟
[2026-02-13 04:06:01] 心跳阈值: 12 分钟（基于配置间隔 × 2.5）
[2026-02-13 04:06:01] 最后心跳: 1.6 分钟前
[2026-02-13 04:06:01] 最后 Session 更新: 0.2 分钟前
[2026-02-13 04:06:01] 最后日志: 0.1 分钟前
[2026-02-13 04:06:01] ✅ 系统正常
[2026-02-13 04:09:01] ✅ 进程存活 (PID: 100544)
[2026-02-13 04:09:01] 📖 从 HEARTBEAT.md 读取心跳间隔: 5 分钟
[2026-02-13 04:09:01] 心跳阈值: 12 分钟（基于配置间隔 × 2.5）
[2026-02-13 04:09:01] 最后心跳: 4.6 分钟前
[2026-02-13 04:09:01] 最后 Session 更新: 0.8 分钟前
[2026-02-13 04:09:01] 最后日志: 0.5 分钟前
[2026-02-13 04:09:01] ✅ 系统正常
[2026-02-13 04:12:01] ✅ 进程存活 (PID: 100544)
[2026-02-13 04:12:01] 📖 从 HEARTBEAT.md 读取心跳间隔: 5 分钟
[2026-02-13 04:12:01] 心跳阈值: 12 分钟（基于配置间隔 × 2.5）
[2026-02-13 04:12:01] 最后心跳: 2.6 分钟前
[2026-02-13 04:12:01] 最后 Session 更新: 2.4 分钟前
[2026-02-13 04:12:01] 最后日志: 0.5 分钟前
[2026-02-13 04:12:01] ✅ 系统正常
[2026-02-13 04:15:02] ✅ 进程存活 (PID: 100544)
[2026-02-13 04:15:02] 📖 从 HEARTBEAT.md 读取心跳间隔: 5 分钟
[2026-02-13 04:15:02] 心跳阈值: 12 分钟（基于配置间隔 × 2.5）
[2026-02-13 04:15:02] 最后心跳: 5.6 分钟前
[2026-02-13 04:15:02] 最后 Session 更新: 0.5 分钟前
[2026-02-13 04:15:02] 最后日志: 0.5 分钟前
[2026-02-13 04:15:02] ✅ 系统正常
[2026-02-13 04:18:01] ✅ 进程存活 (PID: 100544)
[2026-02-13 04:18:01] 📖 从 HEARTBEAT.md 读取心跳间隔: 5 分钟
[2026-02-13 04:18:01] 心跳阈值: 12 分钟（基于配置间隔 × 2.5）
[2026-02-13 04:18:01] 最后心跳: 8.6 分钟前
[2026-02-13 04:18:01] 最后 Session 更新: 3.5 分钟前
[2026-02-13 04:18:01] 最后日志: 0.5 分钟前
[2026-02-13 04:18:01] ✅ 系统正常
[2026-02-13 04:21:01] ✅ 进程存活 (PID: 100544)
[2026-02-13 04:21:01] 📖 从 HEARTBEAT.md 读取心跳间隔: 5 分钟
[2026-02-13 04:21:01] 心跳阈值: 12 分钟（基于配置间隔 × 2.5）
[2026-02-13 04:21:01] 最后心跳: 1.6 分钟前
[2026-02-13 04:21:01] 最后 Session 更新: 1.4 分钟前
[2026-02-13 04:21:01] 最后日志: 0.5 分钟前
[2026-02-13 04:21:01] ✅ 系统正常
[2026-02-13 04:24:01] ✅ 进程存活 (PID: 100544)
[2026-02-13 04:24:01] 📖 从 HEARTBEAT.md 读取心跳间隔: 5 分钟
[2026-02-13 04:24:01] 心跳阈值: 12 分钟（基于配置间隔 × 2.5）
[2026-02-13 04:24:01] 最后心跳: 4.6 分钟前
[2026-02-13 04:24:01] 最后 Session 更新: 4.4 分钟前
[2026-02-13 04:24:01] 最后日志: 0.5 分钟前
[2026-02-13 04:24:01] ✅ 系统正常
[2026-02-13 04:27:01] ✅ 进程存活 (PID: 100544)
[2026-02-13 04:27:01] 📖 从 HEARTBEAT.md 读取心跳间隔: 5 分钟
[2026-02-13 04:27:01] 心跳阈值: 12 分钟（基于配置间隔 × 2.5）
[2026-02-13 04:27:01] 最后心跳: 2.6 分钟前
[2026-02-13 04:27:01] 最后 Session 更新: 2.5 分钟前
[2026-02-13 04:27:01] 最后日志: 0.5 分钟前
[2026-02-13 04:27:01] ✅ 系统正常
[2026-02-13 04:30:01] ✅ 进程存活 (PID: 100544)
[2026-02-13 04:30:01] 📖 从 HEARTBEAT.md 读取心跳间隔: 5 分钟
[2026-02-13 04:30:01] 心跳阈值: 12 分钟（基于配置间隔 × 2.5）
[2026-02-13 04:30:01] 最后心跳: 0.6 分钟前
[2026-02-13 04:30:01] 最后 Session 更新: 0.4 分钟前
[2026-02-13 04:30:01] 最后日志: 0.4 分钟前
[2026-02-13 04:30:01] ✅ 系统正常
[2026-02-13 04:33:01] ✅ 进程存活 (PID: 100544)
[2026-02-13 04:33:01] 📖 从 HEARTBEAT.md 读取心跳间隔: 5 分钟
[2026-02-13 04:33:01] 心跳阈值: 12 分钟（基于配置间隔 × 2.5）
[2026-02-13 04:33:01] 最后心跳: 3.6 分钟前
[2026-02-13 04:33:01] 最后 Session 更新: 3.4 分钟前
[2026-02-13 04:33:01] 最后日志: 0.5 分钟前
[2026-02-13 04:33:01] ✅ 系统正常
[2026-02-13 04:36:01] ✅ 进程存活 (PID: 100544)
[2026-02-13 04:36:01] 📖 从 HEARTBEAT.md 读取心跳间隔: 5 分钟
[2026-02-13 04:36:01] 心跳阈值: 12 分钟（基于配置间隔 × 2.5）
[2026-02-13 04:36:01] 最后心跳: 1.6 分钟前
[2026-02-13 04:36:01] 最后 Session 更新: 1.4 分钟前
[2026-02-13 04:36:01] 最后日志: 0.5 分钟前
[2026-02-13 04:36:01] ✅ 系统正常
[2026-02-13 04:39:01] ✅ 进程存活 (PID: 100544)
[2026-02-13 04:39:01] 📖 从 HEARTBEAT.md 读取心跳间隔: 5 分钟
[2026-02-13 04:39:01] 心跳阈值: 12 分钟（基于配置间隔 × 2.5）
[2026-02-13 04:39:01] 最后心跳: 4.6 分钟前
[2026-02-13 04:39:01] 最后 Session 更新: 4.4 分钟前
[2026-02-13 04:39:01] 最后日志: 0.5 分钟前
[2026-02-13 04:39:01] ✅ 系统正常
[2026-02-13 04:42:01] ✅ 进程存活 (PID: 100544)
[2026-02-13 04:42:01] 📖 从 HEARTBEAT.md 读取心跳间隔: 5 分钟
[2026-02-13 04:42:01] 心跳阈值: 12 分钟（基于配置间隔 × 2.5）
[2026-02-13 04:42:01] 最后心跳: 2.5 分钟前
[2026-02-13 04:42:01] 最后 Session 更新: 1.8 分钟前
[2026-02-13 04:42:01] 最后日志: 0.5 分钟前
[2026-02-13 04:42:01] ✅ 系统正常
[2026-02-13 04:45:02] ✅ 进程存活 (PID: 100544)
[2026-02-13 04:45:02] 📖 从 HEARTBEAT.md 读取心跳间隔: 5 分钟
[2026-02-13 04:45:02] 心跳阈值: 12 分钟（基于配置间隔 × 2.5）
[2026-02-13 04:45:02] 最后心跳: 5.5 分钟前
[2026-02-13 04:45:02] 最后 Session 更新: 0.5 分钟前
[2026-02-13 04:45:02] 最后日志: 0.5 分钟前
[2026-02-13 04:45:02] ✅ 系统正常
[2026-02-13 04:48:01] ✅ 进程存活 (PID: 100544)
[2026-02-13 04:48:01] 📖 从 HEARTBEAT.md 读取心跳间隔: 5 分钟
[2026-02-13 04:48:01] 心跳阈值: 12 分钟（基于配置间隔 × 2.5）
[2026-02-13 04:48:01] 最后心跳: 8.5 分钟前
[2026-02-13 04:48:01] 最后 Session 更新: 3.5 分钟前
[2026-02-13 04:48:01] 最后日志: 0.5 分钟前
[2026-02-13 04:48:01] ✅ 系统正常
[2026-02-13 04:51:01] ✅ 进程存活 (PID: 100544)
[2026-02-13 04:51:01] 📖 从 HEARTBEAT.md 读取心跳间隔: 5 分钟
[2026-02-13 04:51:01] 心跳阈值: 12 分钟（基于配置间隔 × 2.5）
[2026-02-13 04:51:01] 最后心跳: 1.6 分钟前
[2026-02-13 04:51:01] 最后 Session 更新: 1.5 分钟前
[2026-02-13 04:51:01] 最后日志: 0.5 分钟前
[2026-02-13 04:51:01] ✅ 系统正常
[2026-02-13 04:54:01] ✅ 进程存活 (PID: 100544)
[2026-02-13 04:54:01] 📖 从 HEARTBEAT.md 读取心跳间隔: 5 分钟
[2026-02-13 04:54:01] 心跳阈值: 12 分钟（基于配置间隔 × 2.5）
[2026-02-13 04:54:01] 最后心跳: 4.6 分钟前
[2026-02-13 04:54:01] 最后 Session 更新: 4.5 分钟前
[2026-02-13 04:54:01] 最后日志: 0.5 分钟前
[2026-02-13 04:54:01] ✅ 系统正常
[2026-02-13 04:57:01] ✅ 进程存活 (PID: 100544)
[2026-02-13 04:57:01] 📖 从 HEARTBEAT.md 读取心跳间隔: 5 分钟
[2026-02-13 04:57:01] 心跳阈值: 12 分钟（基于配置间隔 × 2.5）
[2026-02-13 04:57:01] 最后心跳: 7.6 分钟前
[2026-02-13 04:57:01] 最后 Session 更新: 2.5 分钟前
[2026-02-13 04:57:01] 最后日志: 0.5 分钟前
[2026-02-13 04:57:01] ✅ 系统正常
[2026-02-13 05:00:01] ✅ 进程存活 (PID: 100544)
[2026-02-13 05:00:01] 📖 从 HEARTBEAT.md 读取心跳间隔: 5 分钟
[2026-02-13 05:00:01] 心跳阈值: 12 分钟（基于配置间隔 × 2.5）
[2026-02-13 05:00:01] 最后心跳: 0.6 分钟前
[2026-02-13 05:00:01] 最后 Session 更新: 0.5 分钟前
[2026-02-13 05:00:01] 最后日志: 0.5 分钟前
[2026-02-13 05:00:01] ✅ 系统正常
[2026-02-13 05:03:01] ✅ 进程存活 (PID: 100544)
[2026-02-13 05:03:01] 📖 从 HEARTBEAT.md 读取心跳间隔: 5 分钟
[2026-02-13 05:03:01] 心跳阈值: 12 分钟（基于配置间隔 × 2.5）
[2026-02-13 05:03:01] 最后心跳: 3.6 分钟前
[2026-02-13 05:03:01] 最后 Session 更新: 3.5 分钟前
[2026-02-13 05:03:01] 最后日志: 0.5 分钟前
[2026-02-13 05:03:01] ✅ 系统正常
[2026-02-13 05:06:01] ✅ 进程存活 (PID: 100544)
[2026-02-13 05:06:01] 📖 从 HEARTBEAT.md 读取心跳间隔: 5 分钟
[2026-02-13 05:06:01] 心跳阈值: 12 分钟（基于配置间隔 × 2.5）
[2026-02-13 05:06:01] 最后心跳: 1.6 分钟前
[2026-02-13 05:06:01] 最后 Session 更新: 1.5 分钟前
[2026-02-13 05:06:01] 最后日志: 0.5 分钟前
[2026-02-13 05:06:01] ✅ 系统正常
[2026-02-13 05:09:02] ✅ 进程存活 (PID: 100544)
[2026-02-13 05:09:02] 📖 从 HEARTBEAT.md 读取心跳间隔: 5 分钟
[2026-02-13 05:09:02] 心跳阈值: 12 分钟（基于配置间隔 × 2.5）
[2026-02-13 05:09:02] 最后心跳: 4.6 分钟前
[2026-02-13 05:09:02] 最后 Session 更新: 4.5 分钟前
[2026-02-13 05:09:02] 最后日志: 0.5 分钟前
[2026-02-13 05:09:02] ✅ 系统正常
[2026-02-13 05:12:01] ✅ 进程存活 (PID: 100544)
[2026-02-13 05:12:01] 📖 从 HEARTBEAT.md 读取心跳间隔: 5 分钟
[2026-02-13 05:12:01] 心跳阈值: 12 分钟（基于配置间隔 × 2.5）
[2026-02-13 05:12:01] 最后心跳: 7.6 分钟前
[2026-02-13 05:12:01] 最后 Session 更新: 2.5 分钟前
[2026-02-13 05:12:01] 最后日志: 0.5 分钟前
[2026-02-13 05:12:01] ✅ 系统正常
[2026-02-13 05:15:01] ✅ 进程存活 (PID: 100544)
[2026-02-13 05:15:01] 📖 从 HEARTBEAT.md 读取心跳间隔: 5 分钟
[2026-02-13 05:15:01] 心跳阈值: 12 分钟（基于配置间隔 × 2.5）
[2026-02-13 05:15:01] 最后心跳: 0.6 分钟前
[2026-02-13 05:15:01] 最后 Session 更新: 0.5 分钟前
[2026-02-13 05:15:01] 最后日志: 0.5 分钟前
[2026-02-13 05:15:01] ✅ 系统正常
[2026-02-13 05:18:01] ✅ 进程存活 (PID: 100544)
[2026-02-13 05:18:01] 📖 从 HEARTBEAT.md 读取心跳间隔: 5 分钟
[2026-02-13 05:18:01] 心跳阈值: 12 分钟（基于配置间隔 × 2.5）
[2026-02-13 05:18:01] 最后心跳: 3.6 分钟前
[2026-02-13 05:18:01] 最后 Session 更新: 3.5 分钟前
[2026-02-13 05:18:01] 最后日志: 0.5 分钟前
[2026-02-13 05:18:01] ✅ 系统正常
[2026-02-13 05:21:01] ✅ 进程存活 (PID: 100544)
[2026-02-13 05:21:01] 📖 从 HEARTBEAT.md 读取心跳间隔: 5 分钟
[2026-02-13 05:21:01] 心跳阈值: 12 分钟（基于配置间隔 × 2.5）
[2026-02-13 05:21:01] 最后心跳: 6.6 分钟前
[2026-02-13 05:21:01] 最后 Session 更新: 1.5 分钟前
[2026-02-13 05:21:01] 最后日志: 0.5 分钟前
[2026-02-13 05:21:01] ✅ 系统正常
[2026-02-13 05:24:01] ✅ 进程存活 (PID: 100544)
[2026-02-13 05:24:01] 📖 从 HEARTBEAT.md 读取心跳间隔: 5 分钟
[2026-02-13 05:24:01] 心跳阈值: 12 分钟（基于配置间隔 × 2.5）
[2026-02-13 05:24:01] 最后心跳: 9.6 分钟前
[2026-02-13 05:24:01] 最后 Session 更新: 4.5 分钟前
[2026-02-13 05:24:01] 最后日志: 0.5 分钟前
[2026-02-13 05:24:01] ✅ 系统正常
[2026-02-13 05:27:01] ✅ 进程存活 (PID: 100544)
[2026-02-13 05:27:01] 📖 从 HEARTBEAT.md 读取心跳间隔: 5 分钟
[2026-02-13 05:27:01] 心跳阈值: 12 分钟（基于配置间隔 × 2.5）
[2026-02-13 05:27:01] 最后心跳: 2.6 分钟前
[2026-02-13 05:27:01] 最后 Session 更新: 2.4 分钟前
[2026-02-13 05:27:01] 最后日志: 0.5 分钟前
[2026-02-13 05:27:01] ✅ 系统正常
[2026-02-13 05:30:01] ✅ 进程存活 (PID: 100544)
[2026-02-13 05:30:01] 📖 从 HEARTBEAT.md 读取心跳间隔: 5 分钟
[2026-02-13 05:30:01] 心跳阈值: 12 分钟（基于配置间隔 × 2.5）
[2026-02-13 05:30:01] 最后心跳: 5.6 分钟前
[2026-02-13 05:30:01] 最后 Session 更新: 0.5 分钟前
[2026-02-13 05:30:01] 最后日志: 0.0 分钟前
[2026-02-13 05:30:01] ✅ 系统正常
[2026-02-13 05:33:01] ✅ 进程存活 (PID: 100544)
[2026-02-13 05:33:01] 📖 从 HEARTBEAT.md 读取心跳间隔: 5 分钟
[2026-02-13 05:33:01] 心跳阈值: 12 分钟（基于配置间隔 × 2.5）
[2026-02-13 05:33:01] 最后心跳: 8.6 分钟前
[2026-02-13 05:33:01] 最后 Session 更新: 2.8 分钟前
[2026-02-13 05:33:01] 最后日志: 0.5 分钟前
[2026-02-13 05:33:01] ✅ 系统正常
[2026-02-13 05:36:01] ✅ 进程存活 (PID: 100544)
[2026-02-13 05:36:01] 📖 从 HEARTBEAT.md 读取心跳间隔: 5 分钟
[2026-02-13 05:36:01] 心跳阈值: 12 分钟（基于配置间隔 × 2.5）
[2026-02-13 05:36:01] 最后心跳: 1.6 分钟前
[2026-02-13 05:36:01] 最后 Session 更新: 1.5 分钟前
[2026-02-13 05:36:01] 最后日志: 0.5 分钟前
[2026-02-13 05:36:01] ✅ 系统正常
[2026-02-13 05:39:01] ✅ 进程存活 (PID: 100544)
[2026-02-13 05:39:01] 📖 从 HEARTBEAT.md 读取心跳间隔: 5 分钟
[2026-02-13 05:39:01] 心跳阈值: 12 分钟（基于配置间隔 × 2.5）
[2026-02-13 05:39:01] 最后心跳: 4.6 分钟前
[2026-02-13 05:39:01] 最后 Session 更新: 4.5 分钟前
[2026-02-13 05:39:01] 最后日志: 0.5 分钟前
[2026-02-13 05:39:01] ✅ 系统正常
[2026-02-13 05:42:01] ✅ 进程存活 (PID: 100544)
[2026-02-13 05:42:01] 📖 从 HEARTBEAT.md 读取心跳间隔: 5 分钟
[2026-02-13 05:42:01] 心跳阈值: 12 分钟（基于配置间隔 × 2.5）
[2026-02-13 05:42:01] 最后心跳: 7.6 分钟前
[2026-02-13 05:42:01] 最后 Session 更新: 2.6 分钟前
[2026-02-13 05:42:01] 最后日志: 0.5 分钟前
[2026-02-13 05:42:01] ✅ 系统正常
[2026-02-13 05:45:01] ✅ 进程存活 (PID: 100544)
[2026-02-13 05:45:01] 📖 从 HEARTBEAT.md 读取心跳间隔: 5 分钟
[2026-02-13 05:45:01] 心跳阈值: 12 分钟（基于配置间隔 × 2.5）
[2026-02-13 05:45:01] 最后心跳: 0.7 分钟前
[2026-02-13 05:45:01] 最后 Session 更新: 0.6 分钟前
[2026-02-13 05:45:01] 最后日志: 0.5 分钟前
[2026-02-13 05:45:01] ✅ 系统正常
[2026-02-13 05:48:01] ✅ 进程存活 (PID: 100544)
[2026-02-13 05:48:01] 📖 从 HEARTBEAT.md 读取心跳间隔: 5 分钟
[2026-02-13 05:48:01] 心跳阈值: 12 分钟（基于配置间隔 × 2.5）
[2026-02-13 05:48:01] 最后心跳: 3.7 分钟前
[2026-02-13 05:48:01] 最后 Session 更新: 3.6 分钟前
[2026-02-13 05:48:01] 最后日志: 0.5 分钟前
[2026-02-13 05:48:01] ✅ 系统正常
[2026-02-13 05:51:01] ✅ 进程存活 (PID: 100544)
[2026-02-13 05:51:01] 📖 从 HEARTBEAT.md 读取心跳间隔: 5 分钟
[2026-02-13 05:51:01] 心跳阈值: 12 分钟（基于配置间隔 × 2.5）
[2026-02-13 05:51:01] 最后心跳: 6.7 分钟前
[2026-02-13 05:51:01] 最后 Session 更新: 1.7 分钟前
[2026-02-13 05:51:01] 最后日志: 0.5 分钟前
[2026-02-13 05:51:01] ✅ 系统正常
[2026-02-13 05:54:01] ✅ 进程存活 (PID: 100544)
[2026-02-13 05:54:01] 📖 从 HEARTBEAT.md 读取心跳间隔: 5 分钟
[2026-02-13 05:54:01] 心跳阈值: 12 分钟（基于配置间隔 × 2.5）
[2026-02-13 05:54:01] 最后心跳: 9.7 分钟前
[2026-02-13 05:54:01] 最后 Session 更新: 4.7 分钟前
[2026-02-13 05:54:01] 最后日志: 0.5 分钟前
[2026-02-13 05:54:01] ✅ 系统正常
[2026-02-13 05:57:01] ✅ 进程存活 (PID: 100544)
[2026-02-13 05:57:01] 📖 从 HEARTBEAT.md 读取心跳间隔: 5 分钟
[2026-02-13 05:57:01] 心跳阈值: 12 分钟（基于配置间隔 × 2.5）
[2026-02-13 05:57:01] 最后心跳: 2.7 分钟前
[2026-02-13 05:57:01] 最后 Session 更新: 2.6 分钟前
[2026-02-13 05:57:01] 最后日志: 0.5 分钟前
[2026-02-13 05:57:01] ✅ 系统正常
[2026-02-13 06:00:01] ✅ 进程存活 (PID: 100544)
[2026-02-13 06:00:01] 📖 从 HEARTBEAT.md 读取心跳间隔: 5 分钟
[2026-02-13 06:00:01] 心跳阈值: 12 分钟（基于配置间隔 × 2.5）
[2026-02-13 06:00:01] 最后心跳: 5.7 分钟前
[2026-02-13 06:00:01] 最后 Session 更新: 0.6 分钟前
[2026-02-13 06:00:01] 最后日志: 0.5 分钟前
[2026-02-13 06:00:01] ✅ 系统正常
[2026-02-13 06:03:01] ✅ 进程存活 (PID: 100544)
[2026-02-13 06:03:01] 📖 从 HEARTBEAT.md 读取心跳间隔: 5 分钟
[2026-02-13 06:03:01] 心跳阈值: 12 分钟（基于配置间隔 × 2.5）
[2026-02-13 06:03:01] 最后心跳: 8.7 分钟前
[2026-02-13 06:03:01] 最后 Session 更新: 3.6 分钟前
[2026-02-13 06:03:01] 最后日志: 0.5 分钟前
[2026-02-13 06:03:01] ✅ 系统正常
[2026-02-13 06:06:01] ✅ 进程存活 (PID: 100544)
[2026-02-13 06:06:01] 📖 从 HEARTBEAT.md 读取心跳间隔: 5 分钟
[2026-02-13 06:06:01] 心跳阈值: 12 分钟（基于配置间隔 × 2.5）
[2026-02-13 06:06:01] 最后心跳: 1.7 分钟前
[2026-02-13 06:06:01] 最后 Session 更新: 1.6 分钟前
[2026-02-13 06:06:01] 最后日志: 0.5 分钟前
[2026-02-13 06:06:01] ✅ 系统正常
[2026-02-13 06:09:01] ✅ 进程存活 (PID: 100544)
[2026-02-13 06:09:01] 📖 从 HEARTBEAT.md 读取心跳间隔: 5 分钟
[2026-02-13 06:09:01] 心跳阈值: 12 分钟（基于配置间隔 × 2.5）
[2026-02-13 06:09:01] 最后心跳: 4.7 分钟前
[2026-02-13 06:09:01] 最后 Session 更新: 4.6 分钟前
[2026-02-13 06:09:01] 最后日志: 0.5 分钟前
[2026-02-13 06:09:01] ✅ 系统正常
[2026-02-13 06:12:01] ✅ 进程存活 (PID: 100544)
[2026-02-13 06:12:01] 📖 从 HEARTBEAT.md 读取心跳间隔: 5 分钟
[2026-02-13 06:12:01] 心跳阈值: 12 分钟（基于配置间隔 × 2.5）
[2026-02-13 06:12:01] 最后心跳: 7.7 分钟前
[2026-02-13 06:12:01] 最后 Session 更新: 2.7 分钟前
[2026-02-13 06:12:01] 最后日志: 0.5 分钟前
[2026-02-13 06:12:01] ✅ 系统正常
[2026-02-13 06:15:01] ✅ 进程存活 (PID: 100544)
[2026-02-13 06:15:01] 📖 从 HEARTBEAT.md 读取心跳间隔: 5 分钟
[2026-02-13 06:15:01] 心跳阈值: 12 分钟（基于配置间隔 × 2.5）
[2026-02-13 06:15:01] 最后心跳: 0.7 分钟前
[2026-02-13 06:15:01] 最后 Session 更新: 0.6 分钟前
[2026-02-13 06:15:01] 最后日志: 0.5 分钟前
[2026-02-13 06:15:01] ✅ 系统正常
[2026-02-13 06:18:01] ✅ 进程存活 (PID: 100544)
[2026-02-13 06:18:01] 📖 从 HEARTBEAT.md 读取心跳间隔: 5 分钟
[2026-02-13 06:18:01] 心跳阈值: 12 分钟（基于配置间隔 × 2.5）
[2026-02-13 06:18:01] 最后心跳: 3.7 分钟前
[2026-02-13 06:18:01] 最后 Session 更新: 3.6 分钟前
[2026-02-13 06:18:01] 最后日志: 0.5 分钟前
[2026-02-13 06:18:01] ✅ 系统正常
[2026-02-13 06:21:01] ✅ 进程存活 (PID: 100544)
[2026-02-13 06:21:01] 📖 从 HEARTBEAT.md 读取心跳间隔: 5 分钟
[2026-02-13 06:21:01] 心跳阈值: 12 分钟（基于配置间隔 × 2.5）
[2026-02-13 06:21:01] 最后心跳: 6.7 分钟前
[2026-02-13 06:21:01] 最后 Session 更新: 1.6 分钟前
[2026-02-13 06:21:01] 最后日志: 0.5 分钟前
[2026-02-13 06:21:01] ✅ 系统正常
[2026-02-13 06:24:02] ✅ 进程存活 (PID: 100544)
[2026-02-13 06:24:02] 📖 从 HEARTBEAT.md 读取心跳间隔: 5 分钟
[2026-02-13 06:24:02] 心跳阈值: 12 分钟（基于配置间隔 × 2.5）
[2026-02-13 06:24:02] 最后心跳: 9.7 分钟前
[2026-02-13 06:24:02] 最后 Session 更新: 4.6 分钟前
[2026-02-13 06:24:02] 最后日志: 0.5 分钟前
[2026-02-13 06:24:02] ✅ 系统正常
[2026-02-13 06:27:01] ✅ 进程存活 (PID: 100544)
[2026-02-13 06:27:01] 📖 从 HEARTBEAT.md 读取心跳间隔: 5 分钟
[2026-02-13 06:27:01] 心跳阈值: 12 分钟（基于配置间隔 × 2.5）
[2026-02-13 06:27:01] 最后心跳: 2.7 分钟前
[2026-02-13 06:27:01] 最后 Session 更新: 2.6 分钟前
[2026-02-13 06:27:01] 最后日志: 0.5 分钟前
[2026-02-13 06:27:01] ✅ 系统正常
[2026-02-13 06:30:01] ✅ 进程存活 (PID: 100544)
[2026-02-13 06:30:01] 📖 从 HEARTBEAT.md 读取心跳间隔: 5 分钟
[2026-02-13 06:30:01] 心跳阈值: 12 分钟（基于配置间隔 × 2.5）
[2026-02-13 06:30:01] 最后心跳: 5.7 分钟前
[2026-02-13 06:30:01] 最后 Session 更新: 0.6 分钟前
[2026-02-13 06:30:01] 最后日志: 0.5 分钟前
[2026-02-13 06:30:01] ✅ 系统正常
[2026-02-13 06:33:01] ✅ 进程存活 (PID: 100544)
[2026-02-13 06:33:01] 📖 从 HEARTBEAT.md 读取心跳间隔: 5 分钟
[2026-02-13 06:33:01] 心跳阈值: 12 分钟（基于配置间隔 × 2.5）
[2026-02-13 06:33:01] 最后心跳: 8.7 分钟前
[2026-02-13 06:33:01] 最后 Session 更新: 3.6 分钟前
[2026-02-13 06:33:01] 最后日志: 0.5 分钟前
[2026-02-13 06:33:01] ✅ 系统正常
[2026-02-13 06:36:01] ✅ 进程存活 (PID: 100544)
[2026-02-13 06:36:01] 📖 从 HEARTBEAT.md 读取心跳间隔: 5 分钟
[2026-02-13 06:36:01] 心跳阈值: 12 分钟（基于配置间隔 × 2.5）
[2026-02-13 06:36:01] 最后心跳: 1.7 分钟前
[2026-02-13 06:36:01] 最后 Session 更新: 1.6 分钟前
[2026-02-13 06:36:01] 最后日志: 0.5 分钟前
[2026-02-13 06:36:01] ✅ 系统正常
[2026-02-13 06:39:01] ✅ 进程存活 (PID: 100544)
[2026-02-13 06:39:01] 📖 从 HEARTBEAT.md 读取心跳间隔: 5 分钟
[2026-02-13 06:39:01] 心跳阈值: 12 分钟（基于配置间隔 × 2.5）
[2026-02-13 06:39:01] 最后心跳: 4.7 分钟前
[2026-02-13 06:39:01] 最后 Session 更新: 4.6 分钟前
[2026-02-13 06:39:01] 最后日志: 0.5 分钟前
[2026-02-13 06:39:01] ✅ 系统正常
[2026-02-13 06:42:01] ✅ 进程存活 (PID: 100544)
[2026-02-13 06:42:01] 📖 从 HEARTBEAT.md 读取心跳间隔: 5 分钟
[2026-02-13 06:42:01] 心跳阈值: 12 分钟（基于配置间隔 × 2.5）
[2026-02-13 06:42:01] 最后心跳: 2.7 分钟前
[2026-02-13 06:42:01] 最后 Session 更新: 2.6 分钟前
[2026-02-13 06:42:01] 最后日志: 0.5 分钟前
[2026-02-13 06:42:01] ✅ 系统正常
[2026-02-13 06:45:01] ✅ 进程存活 (PID: 100544)
[2026-02-13 06:45:01] 📖 从 HEARTBEAT.md 读取心跳间隔: 5 分钟
[2026-02-13 06:45:01] 心跳阈值: 12 分钟（基于配置间隔 × 2.5）
[2026-02-13 06:45:01] 最后心跳: 5.7 分钟前
[2026-02-13 06:45:01] 最后 Session 更新: 0.6 分钟前
[2026-02-13 06:45:01] 最后日志: 0.5 分钟前
[2026-02-13 06:45:01] ✅ 系统正常
[2026-02-13 06:48:01] ✅ 进程存活 (PID: 100544)
[2026-02-13 06:48:01] 📖 从 HEARTBEAT.md 读取心跳间隔: 5 分钟
[2026-02-13 06:48:01] 心跳阈值: 12 分钟（基于配置间隔 × 2.5）
[2026-02-13 06:48:01] 最后心跳: 8.7 分钟前
[2026-02-13 06:48:01] 最后 Session 更新: 3.6 分钟前
[2026-02-13 06:48:01] 最后日志: 0.5 分钟前
[2026-02-13 06:48:01] ✅ 系统正常
[2026-02-13 06:51:02] ✅ 进程存活 (PID: 100544)
[2026-02-13 06:51:02] 📖 从 HEARTBEAT.md 读取心跳间隔: 5 分钟
[2026-02-13 06:51:02] 心跳阈值: 12 分钟（基于配置间隔 × 2.5）
[2026-02-13 06:51:02] 最后心跳: 1.7 分钟前
[2026-02-13 06:51:02] 最后 Session 更新: 1.6 分钟前
[2026-02-13 06:51:02] 最后日志: 0.5 分钟前
[2026-02-13 06:51:02] ✅ 系统正常
[2026-02-13 06:54:01] ✅ 进程存活 (PID: 100544)
[2026-02-13 06:54:01] 📖 从 HEARTBEAT.md 读取心跳间隔: 5 分钟
[2026-02-13 06:54:01] 心跳阈值: 12 分钟（基于配置间隔 × 2.5）
[2026-02-13 06:54:01] 最后心跳: 4.7 分钟前
[2026-02-13 06:54:01] 最后 Session 更新: 4.6 分钟前
[2026-02-13 06:54:01] 最后日志: 0.5 分钟前
[2026-02-13 06:54:01] ✅ 系统正常
[2026-02-13 06:57:01] ✅ 进程存活 (PID: 100544)
[2026-02-13 06:57:01] 📖 从 HEARTBEAT.md 读取心跳间隔: 5 分钟
[2026-02-13 06:57:01] 心跳阈值: 12 分钟（基于配置间隔 × 2.5）
[2026-02-13 06:57:01] 最后心跳: 7.7 分钟前
[2026-02-13 06:57:01] 最后 Session 更新: 2.6 分钟前
[2026-02-13 06:57:01] 最后日志: 0.5 分钟前
[2026-02-13 06:57:01] ✅ 系统正常
[2026-02-13 07:00:01] ✅ 进程存活 (PID: 100544)
[2026-02-13 07:00:01] 📖 从 HEARTBEAT.md 读取心跳间隔: 5 分钟
[2026-02-13 07:00:01] 心跳阈值: 12 分钟（基于配置间隔 × 2.5）
[2026-02-13 07:00:01] 最后心跳: 0.7 分钟前
[2026-02-13 07:00:01] 最后 Session 更新: 0.6 分钟前
[2026-02-13 07:00:01] 最后日志: 0.5 分钟前
[2026-02-13 07:00:01] ✅ 系统正常
[2026-02-13 07:03:01] ✅ 进程存活 (PID: 100544)
[2026-02-13 07:03:01] 📖 从 HEARTBEAT.md 读取心跳间隔: 5 分钟
[2026-02-13 07:03:01] 心跳阈值: 12 分钟（基于配置间隔 × 2.5）
[2026-02-13 07:03:01] 最后心跳: 3.7 分钟前
[2026-02-13 07:03:01] 最后 Session 更新: 3.6 分钟前
[2026-02-13 07:03:01] 最后日志: 0.5 分钟前
[2026-02-13 07:03:01] ✅ 系统正常
[2026-02-13 07:06:01] ✅ 进程存活 (PID: 100544)
[2026-02-13 07:06:01] 📖 从 HEARTBEAT.md 读取心跳间隔: 5 分钟
[2026-02-13 07:06:01] 心跳阈值: 12 分钟（基于配置间隔 × 2.5）
[2026-02-13 07:06:01] 最后心跳: 1.7 分钟前
[2026-02-13 07:06:01] 最后 Session 更新: 0.0 分钟前
[2026-02-13 07:06:01] 最后日志: 0.0 分钟前
[2026-02-13 07:06:01] ✅ 系统正常
[2026-02-13 07:09:01] ✅ 进程存活 (PID: 100544)
[2026-02-13 07:09:01] 📖 从 HEARTBEAT.md 读取心跳间隔: 5 分钟
[2026-02-13 07:09:01] 心跳阈值: 12 分钟（基于配置间隔 × 2.5）
[2026-02-13 07:09:01] 最后心跳: 4.7 分钟前
[2026-02-13 07:09:01] 最后 Session 更新: 1.3 分钟前
[2026-02-13 07:09:01] 最后日志: 0.5 分钟前
[2026-02-13 07:09:01] ✅ 系统正常
[2026-02-13 07:12:02] ✅ 进程存活 (PID: 100544)
[2026-02-13 07:12:02] 📖 从 HEARTBEAT.md 读取心跳间隔: 5 分钟
[2026-02-13 07:12:02] 心跳阈值: 12 分钟（基于配置间隔 × 2.5）
[2026-02-13 07:12:02] 最后心跳: 1.7 分钟前
[2026-02-13 07:12:02] 最后 Session 更新: 0.0 分钟前
[2026-02-13 07:12:02] 最后日志: 0.0 分钟前
[2026-02-13 07:12:02] ✅ 系统正常
[2026-02-13 07:15:01] ✅ 进程存活 (PID: 100544)
[2026-02-13 07:15:01] 📖 从 HEARTBEAT.md 读取心跳间隔: 5 分钟
[2026-02-13 07:15:01] 心跳阈值: 12 分钟（基于配置间隔 × 2.5）
[2026-02-13 07:15:01] 最后心跳: 4.6 分钟前
[2026-02-13 07:15:01] 最后 Session 更新: 2.9 分钟前
[2026-02-13 07:15:01] 最后日志: 0.5 分钟前
[2026-02-13 07:15:01] ✅ 系统正常
[2026-02-13 07:18:01] ✅ 进程存活 (PID: 100544)
[2026-02-13 07:18:01] 📖 从 HEARTBEAT.md 读取心跳间隔: 5 分钟
[2026-02-13 07:18:01] 心跳阈值: 12 分钟（基于配置间隔 × 2.5）
[2026-02-13 07:18:01] 最后心跳: 1.9 分钟前
[2026-02-13 07:18:01] 最后 Session 更新: 0.4 分钟前
[2026-02-13 07:18:01] 最后日志: 0.4 分钟前
[2026-02-13 07:18:01] ✅ 系统正常
[2026-02-13 07:21:01] ✅ 进程存活 (PID: 100544)
[2026-02-13 07:21:01] 📖 从 HEARTBEAT.md 读取心跳间隔: 5 分钟
[2026-02-13 07:21:01] 心跳阈值: 12 分钟（基于配置间隔 × 2.5）
[2026-02-13 07:21:01] 最后心跳: 4.9 分钟前
[2026-02-13 07:21:01] 最后 Session 更新: 0.6 分钟前
[2026-02-13 07:21:01] 最后日志: 0.5 分钟前
[2026-02-13 07:21:01] ✅ 系统正常
[2026-02-13 07:24:01] ✅ 进程存活 (PID: 100544)
[2026-02-13 07:24:01] 📖 从 HEARTBEAT.md 读取心跳间隔: 5 分钟
[2026-02-13 07:24:01] 心跳阈值: 12 分钟（基于配置间隔 × 2.5）
[2026-02-13 07:24:01] 最后心跳: 2.3 分钟前
[2026-02-13 07:24:01] 最后 Session 更新: 0.7 分钟前
[2026-02-13 07:24:01] 最后日志: 0.5 分钟前
[2026-02-13 07:24:01] ✅ 系统正常
[2026-02-13 07:27:01] ✅ 进程存活 (PID: 100544)
[2026-02-13 07:27:01] 📖 从 HEARTBEAT.md 读取心跳间隔: 5 分钟
[2026-02-13 07:27:01] 心跳阈值: 12 分钟（基于配置间隔 × 2.5）
[2026-02-13 07:27:01] 最后心跳: 5.3 分钟前
[2026-02-13 07:27:01] 最后 Session 更新: 3.7 分钟前
[2026-02-13 07:27:01] 最后日志: 0.5 分钟前
[2026-02-13 07:27:01] ✅ 系统正常
[2026-02-13 07:30:01] ✅ 进程存活 (PID: 100544)
[2026-02-13 07:30:01] 📖 从 HEARTBEAT.md 读取心跳间隔: 5 分钟
[2026-02-13 07:30:01] 心跳阈值: 12 分钟（基于配置间隔 × 2.5）
[2026-02-13 07:30:01] 最后心跳: 2.6 分钟前
[2026-02-13 07:30:01] 最后 Session 更新: 1.5 分钟前
[2026-02-13 07:30:01] 最后日志: 0.5 分钟前
[2026-02-13 07:30:01] ✅ 系统正常
[2026-02-13 07:33:01] ✅ 进程存活 (PID: 100544)
[2026-02-13 07:33:01] 📖 从 HEARTBEAT.md 读取心跳间隔: 5 分钟
[2026-02-13 07:33:01] 心跳阈值: 12 分钟（基于配置间隔 × 2.5）
[2026-02-13 07:33:01] 最后心跳: 5.6 分钟前
[2026-02-13 07:33:01] 最后 Session 更新: 0.0 分钟前
[2026-02-13 07:33:01] 最后日志: 0.0 分钟前
[2026-02-13 07:33:01] ✅ 系统正常
[2026-02-13 07:36:01] ✅ 进程存活 (PID: 100544)
[2026-02-13 07:36:01] 📖 从 HEARTBEAT.md 读取心跳间隔: 5 分钟
[2026-02-13 07:36:01] 心跳阈值: 12 分钟（基于配置间隔 × 2.5）
[2026-02-13 07:36:01] 最后心跳: 2.9 分钟前
[2026-02-13 07:36:01] 最后 Session 更新: 1.6 分钟前
[2026-02-13 07:36:01] 最后日志: 0.5 分钟前
[2026-02-13 07:36:01] ✅ 系统正常
[2026-02-13 07:39:01] ✅ 进程存活 (PID: 100544)
[2026-02-13 07:39:01] 📖 从 HEARTBEAT.md 读取心跳间隔: 5 分钟
[2026-02-13 07:39:01] 心跳阈值: 12 分钟（基于配置间隔 × 2.5）
[2026-02-13 07:39:01] 最后心跳: 0.2 分钟前
[2026-02-13 07:39:01] 最后 Session 更新: 0.0 分钟前
[2026-02-13 07:39:01] 最后日志: 0.0 分钟前
[2026-02-13 07:39:01] ✅ 系统正常
[2026-02-13 07:42:01] ✅ 进程存活 (PID: 100544)
[2026-02-13 07:42:01] 📖 从 HEARTBEAT.md 读取心跳间隔: 5 分钟
[2026-02-13 07:42:01] 心跳阈值: 12 分钟（基于配置间隔 × 2.5）
[2026-02-13 07:42:01] 最后心跳: 3.2 分钟前
[2026-02-13 07:42:01] 最后 Session 更新: 0.4 分钟前
[2026-02-13 07:42:01] 最后日志: 0.4 分钟前
[2026-02-13 07:42:01] ✅ 系统正常
[2026-02-13 07:45:01] ✅ 进程存活 (PID: 100544)
[2026-02-13 07:45:01] 📖 从 HEARTBEAT.md 读取心跳间隔: 5 分钟
[2026-02-13 07:45:01] 心跳阈值: 12 分钟（基于配置间隔 × 2.5）
[2026-02-13 07:45:01] 最后心跳: 0.5 分钟前
[2026-02-13 07:45:01] 最后 Session 更新: 0.0 分钟前
[2026-02-13 07:45:01] 最后日志: 0.0 分钟前
[2026-02-13 07:45:01] ✅ 系统正常
[2026-02-13 07:48:01] ✅ 进程存活 (PID: 100544)
[2026-02-13 07:48:01] 📖 从 HEARTBEAT.md 读取心跳间隔: 5 分钟
[2026-02-13 07:48:01] 心跳阈值: 12 分钟（基于配置间隔 × 2.5）
[2026-02-13 07:48:01] 最后心跳: 3.5 分钟前
[2026-02-13 07:48:01] 最后 Session 更新: 2.2 分钟前
[2026-02-13 07:48:01] 最后日志: 0.5 分钟前
[2026-02-13 07:48:01] ✅ 系统正常
[2026-02-13 07:51:01] ✅ 进程存活 (PID: 100544)
[2026-02-13 07:51:01] 📖 从 HEARTBEAT.md 读取心跳间隔: 5 分钟
[2026-02-13 07:51:01] 心跳阈值: 12 分钟（基于配置间隔 × 2.5）
[2026-02-13 07:51:01] 最后心跳: 0.8 分钟前
[2026-02-13 07:51:01] 最后 Session 更新: 0.0 分钟前
[2026-02-13 07:51:01] 最后日志: 0.0 分钟前
[2026-02-13 07:51:01] ✅ 系统正常
[2026-02-13 07:54:01] ✅ 进程存活 (PID: 100544)
[2026-02-13 07:54:01] 📖 从 HEARTBEAT.md 读取心跳间隔: 5 分钟
[2026-02-13 07:54:01] 心跳阈值: 12 分钟（基于配置间隔 × 2.5）
[2026-02-13 07:54:01] 最后心跳: 3.8 分钟前
[2026-02-13 07:54:01] 最后 Session 更新: 2.5 分钟前
[2026-02-13 07:54:01] 最后日志: 0.5 分钟前
[2026-02-13 07:54:01] ✅ 系统正常
[2026-02-13 07:57:01] ✅ 进程存活 (PID: 100544)
[2026-02-13 07:57:01] 📖 从 HEARTBEAT.md 读取心跳间隔: 5 分钟
[2026-02-13 07:57:01] 心跳阈值: 12 分钟（基于配置间隔 × 2.5）
[2026-02-13 07:57:01] 最后心跳: 1.1 分钟前
[2026-02-13 07:57:01] 最后 Session 更新: 0.0 分钟前
[2026-02-13 07:57:01] 最后日志: 0.0 分钟前
[2026-02-13 07:57:01] ✅ 系统正常
[2026-02-13 08:00:01] ✅ 进程存活 (PID: 100544)
[2026-02-13 08:00:01] 📖 从 HEARTBEAT.md 读取心跳间隔: 5 分钟
[2026-02-13 08:00:01] 心跳阈值: 12 分钟（基于配置间隔 × 2.5）
[2026-02-13 08:00:01] 最后心跳: 4.1 分钟前
[2026-02-13 08:00:01] 最后 Session 更新: 2.8 分钟前
[2026-02-13 08:00:01] 最后日志: 0.5 分钟前
[2026-02-13 08:00:01] ✅ 系统正常
[2026-02-13 08:03:01] ✅ 进程存活 (PID: 100544)
[2026-02-13 08:03:01] 📖 从 HEARTBEAT.md 读取心跳间隔: 5 分钟
[2026-02-13 08:03:01] 心跳阈值: 12 分钟（基于配置间隔 × 2.5）
[2026-02-13 08:03:01] 最后心跳: 1.5 分钟前
[2026-02-13 08:03:01] 最后 Session 更新: 0.0 分钟前
[2026-02-13 08:03:01] 最后日志: 0.0 分钟前
[2026-02-13 08:03:01] ✅ 系统正常
[2026-02-13 08:06:01] ✅ 进程存活 (PID: 100544)
[2026-02-13 08:06:01] 📖 从 HEARTBEAT.md 读取心跳间隔: 5 分钟
[2026-02-13 08:06:01] 心跳阈值: 12 分钟（基于配置间隔 × 2.5）
[2026-02-13 08:06:01] 最后心跳: 4.5 分钟前
[2026-02-13 08:06:01] 最后 Session 更新: 0.1 分钟前
[2026-02-13 08:06:01] 最后日志: 0.1 分钟前
[2026-02-13 08:06:01] ✅ 系统正常
[2026-02-13 08:09:01] ✅ 进程存活 (PID: 100544)
[2026-02-13 08:09:01] 📖 从 HEARTBEAT.md 读取心跳间隔: 5 分钟
[2026-02-13 08:09:01] 心跳阈值: 12 分钟（基于配置间隔 × 2.5）
[2026-02-13 08:09:01] 最后心跳: 1.5 分钟前
[2026-02-13 08:09:01] 最后 Session 更新: 0.1 分钟前
[2026-02-13 08:09:01] 最后日志: 0.1 分钟前
[2026-02-13 08:09:01] ✅ 系统正常
[2026-02-13 08:12:01] ✅ 进程存活 (PID: 100544)
[2026-02-13 08:12:01] 📖 从 HEARTBEAT.md 读取心跳间隔: 5 分钟
[2026-02-13 08:12:01] 心跳阈值: 12 分钟（基于配置间隔 × 2.5）
[2026-02-13 08:12:01] 最后心跳: 4.5 分钟前
[2026-02-13 08:12:01] 最后 Session 更新: 3.0 分钟前
[2026-02-13 08:12:01] 最后日志: 0.1 分钟前
[2026-02-13 08:12:01] ✅ 系统正常
[2026-02-13 08:15:01] ✅ 进程存活 (PID: 100544)
[2026-02-13 08:15:01] 📖 从 HEARTBEAT.md 读取心跳间隔: 5 分钟
[2026-02-13 08:15:01] 心跳阈值: 12 分钟（基于配置间隔 × 2.5）
[2026-02-13 08:15:01] 最后心跳: 1.8 分钟前
[2026-02-13 08:15:01] 最后 Session 更新: 0.1 分钟前
[2026-02-13 08:15:01] 最后日志: 0.1 分钟前
[2026-02-13 08:15:01] ✅ 系统正常
[2026-02-13 08:18:02] ✅ 进程存活 (PID: 100544)
[2026-02-13 08:18:02] 📖 从 HEARTBEAT.md 读取心跳间隔: 5 分钟
[2026-02-13 08:18:02] 心跳阈值: 12 分钟（基于配置间隔 × 2.5）
[2026-02-13 08:18:02] 最后心跳: 4.8 分钟前
[2026-02-13 08:18:02] 最后 Session 更新: 0.0 分钟前
[2026-02-13 08:18:02] 最后日志: 0.0 分钟前
[2026-02-13 08:18:02] ✅ 系统正常
[2026-02-13 08:21:01] ✅ 进程存活 (PID: 100544)
[2026-02-13 08:21:01] 📖 从 HEARTBEAT.md 读取心跳间隔: 5 分钟
[2026-02-13 08:21:01] 心跳阈值: 12 分钟（基于配置间隔 × 2.5）
[2026-02-13 08:21:01] 最后心跳: 2.1 分钟前
[2026-02-13 08:21:01] 最后 Session 更新: 0.0 分钟前
[2026-02-13 08:21:01] 最后日志: 0.0 分钟前
[2026-02-13 08:21:01] ✅ 系统正常
